id,category,value
1,食品,101.25
2,飲料,102.5
3,日用品,103.75
4,家電,105.0
5,食品,106.25
6,飲料,107.5
7,日用品,108.75
8,家電,110.0
9,食品,111.25
10,飲料,112.5
11,日用品,113.75
12,家電,115.0
13,食品,116.25
14,飲料,117.5
15,日用品,118.75
16,家電,120.0
17,食品,121.25
18,飲料,122.5
19,日用品,123.75
20,家電,125.0
21,食品,126.25
22,飲料,127.5
23,日用品,128.75
24,家電,130.0
25,食品,131.25
26,飲料,132.5
27,日用品,133.75
28,家電,135.0
29,食品,136.25
30,飲料,137.5
31,日用品,138.75
32,家電,140.0
33,食品,141.25
34,飲料,142.5
35,日用品,143.75
36,家電,145.0
37,食品,146.25
38,飲料,147.5
39,日用品,148.75
40,家電,150.0
41,食品,151.25
42,飲料,152.5
43,日用品,153.75
44,家電,155.0
45,食品,156.25
46,飲料,157.5
47,日用品,158.75
48,家電,160.0
49,食品,161.25
50,飲料,162.5
51,日用品,163.75
52,家電,165.0
53,食品,166.25
54,飲料,167.5
55,日用品,168.75
56,家電,170.0
57,食品,171.25
58,飲料,172.5
59,日用品,173.75
60,家電,175.0
61,食品,176.25
62,飲料,177.5
63,日用品,178.75
64,家電,180.0
65,食品,181.25
66,飲料,182.5
67,日用品,183.75
68,家電,185.0
69,食品,186.25
70,飲料,187.5
71,日用品,188.75
72,家電,190.0
73,食品,191.25
74,飲料,192.5
75,日用品,193.75
76,家電,195.0
77,食品,196.25
78,飲料,197.5
79,日用品,198.75
80,家電,200.0
81,食品,201.25
82,飲料,202.5
83,日用品,203.75
84,家電,205.0
85,食品,206.25
86,飲料,207.5
87,日用品,208.75
88,家電,210.0
89,食品,211.25
90,飲料,212.5
91,日用品,213.75
92,家電,215.0
93,食品,216.25
94,飲料,217.5
95,日用品,218.75
96,家電,220.0
97,食品,221.25
98,飲料,222.5
99,日用品,223.75
100,家電,225.0
101,食品,226.25
102,飲料,227.5
103,日用品,228.75
104,家電,230.0
105,食品,231.25
106,飲料,232.5
107,日用品,233.75
108,家電,235.0
109,食品,236.25
110,飲料,237.5
111,日用品,238.75
112,家電,240.0
113,食品,241.25
114,飲料,242.5
115,日用品,243.75
116,家電,245.0
117,食品,246.25
118,飲料,247.5
119,日用品,248.75
120,家電,250.0
121,食品,251.25
122,飲料,252.5
123,日用品,253.75
124,家電,255.0
125,食品,256.25
126,飲料,257.5
127,日用品,258.75
128,家電,260.0
129,食品,261.25
130,飲料,262.5
131,日用品,263.75
132,家電,265.0
133,食品,266.25
134,飲料,267.5
135,日用品,268.75
136,家電,270.0
137,食品,271.25
138,飲料,272.5
139,日用品,273.75
140,家電,275.0
141,食品,276.25
142,飲料,277.5
143,日用品,278.75
144,家電,280.0
145,食品,281.25
146,飲料,282.5
147,日用品,283.75
148,家電,285.0
149,食品,286.25
150,飲料,287.5
151,日用品,288.75
152,家電,290.0
153,食品,291.25
154,飲料,292.5
155,日用品,293.75
156,家電,295.0
157,食品,296.25
158,飲料,297.5
159,日用品,298.75
160,家電,300.0
161,食品,301.25
162,飲料,302.5
163,日用品,303.75
164,家電,305.0
165,食品,306.25
166,飲料,307.5
167,日用品,308.75
168,家電,310.0
169,食品,311.25
170,飲料,312.5
171,日用品,313.75
172,家電,315.0
173,食品,316.25
174,飲料,317.5
175,日用品,318.75
176,家電,320.0
177,食品,321.25
178,飲料,322.5
179,日用品,323.75
180,家電,325.0
181,食品,326.25
182,飲料,327.5
183,日用品,328.75
184,家電,330.0
185,食品,331.25
186,飲料,332.5
187,日用品,333.75
188,家電,335.0
189,食品,336.25
190,飲料,337.5
191,日用品,338.75
192,家電,340.0
193,食品,341.25
194,飲料,342.5
195,日用品,343.75
196,家電,345.0
197,食品,346.25
198,飲料,347.5
199,日用品,348.75
200,家電,350.0
201,食品,351.25
202,飲料,352.5
203,日用品,353.75
204,家電,355.0
205,食品,356.25
206,飲料,357.5
207,日用品,358.75
208,家電,360.0
209,食品,361.25
210,飲料,362.5
211,日用品,363.75
212,家電,365.0
213,食品,366.25
214,飲料,367.5
215,日用品,368.75
216,家電,370.0
217,食品,371.25
218,飲料,372.5
219,日用品,373.75
220,家電,375.0
221,食品,376.25
222,飲料,377.5
223,日用品,378.75
224,家電,380.0
225,食品,381.25
226,飲料,382.5
227,日用品,383.75
228,家電,385.0
229,食品,386.25
230,飲料,387.5
231,日用品,388.75
232,家電,390.0
233,食品,391.25
234,飲料,392.5
235,日用品,393.75
236,家電,395.0
237,食品,396.25
238,飲料,397.5
239,日用品,398.75
240,家電,400.0
241,食品,401.25
242,飲料,402.5
243,日用品,403.75
244,家電,405.0
245,食品,406.25
246,飲料,407.5
247,日用品,408.75
248,家電,410.0
249,食品,411.25
250,飲料,412.5
251,日用品,413.75
252,家電,415.0
253,食品,416.25
254,飲料,417.5
255,日用品,418.75
256,家電,420.0
257,食品,421.25
258,飲料,422.5
259,日用品,423.75
260,家電,425.0
261,食品,426.25
262,飲料,427.5
263,日用品,428.75
264,家電,430.0
265,食品,431.25
266,飲料,432.5
267,日用品,433.75
268,家電,435.0
269,食品,436.25
270,飲料,437.5
271,日用品,438.75
272,家電,440.0
273,食品,441.25
274,飲料,442.5
275,日用品,443.75
276,家電,445.0
277,食品,446.25
278,飲料,447.5
279,日用品,448.75
280,家電,450.0
281,食品,451.25
282,飲料,452.5
283,日用品,453.75
284,家電,455.0
285,食品,456.25
286,飲料,457.5
287,日用品,458.75
288,家電,460.0
289,食品,461.25
290,飲料,462.5
291,日用品,463.75
292,家電,465.0
293,食品,466.25
294,飲料,467.5
295,日用品,468.75
296,家電,470.0
297,食品,471.25
298,飲料,472.5
299,日用品,473.75
300,家電,475.0
301,食品,476.25
302,飲料,477.5
303,日用品,478.75
304,家電,480.0
305,食品,481.25
306,飲料,482.5
307,日用品,483.75
308,家電,485.0
309,食品,486.25
310,飲料,487.5
311,日用品,488.75
312,家電,490.0
313,食品,491.25
314,飲料,492.5
315,日用品,493.75
316,家電,495.0
317,食品,496.25
318,飲料,497.5
319,日用品,498.75
320,家電,500.0
321,食品,501.25
322,飲料,502.5
323,日用品,503.75
324,家電,505.0
325,食品,506.25
326,飲料,507.5
327,日用品,508.75
328,家電,510.0
329,食品,511.25
330,飲料,512.5
331,日用品,513.75
332,家電,515.0
333,食品,516.25
334,飲料,517.5
335,日用品,518.75
336,家電,520.0
337,食品,521.25
338,飲料,522.5
339,日用品,523.75
340,家電,525.0
341,食品,526.25
342,飲料,527.5
343,日用品,528.75
344,家電,530.0
345,食品,531.25
346,飲料,532.5
347,日用品,533.75
348,家電,535.0
349,食品,536.25
350,飲料,537.5
351,日用品,538.75
352,家電,540.0
353,食品,541.25
354,飲料,542.5
355,日用品,543.75
356,家電,545.0
357,食品,546.25
358,飲料,547.5
359,日用品,548.75
360,家電,550.0
361,食品,551.25
362,飲料,552.5
363,日用品,553.75
364,家電,555.0
365,食品,556.25
366,飲料,557.5
367,日用品,558.75
368,家電,560.0
369,食品,561.25
370,飲料,562.5
371,日用品,563.75
372,家電,565.0
373,食品,566.25
374,飲料,567.5
375,日用品,568.75
376,家電,570.0
377,食品,571.25
378,飲料,572.5
379,日用品,573.75
380,家電,575.0
381,食品,576.25
382,飲料,577.5
383,日用品,578.75
384,家電,580.0
385,食品,581.25
386,飲料,582.5
387,日用品,583.75
388,家電,585.0
389,食品,586.25
390,飲料,587.5
391,日用品,588.75
392,家電,590.0
393,食品,591.25
394,飲料,592.5
395,日用品,593.75
396,家電,595.0
397,食品,596.25
398,飲料,597.5
399,日用品,598.75
400,家電,600.0
401,食品,601.25
402,飲料,602.5
403,日用品,603.75
404,家電,605.0
405,食品,606.25
406,飲料,607.5
407,日用品,608.75
408,家電,610.0
409,食品,611.25
410,飲料,612.5
411,日用品,613.75
412,家電,615.0
413,食品,616.25
414,飲料,617.5
415,日用品,618.75
416,家電,620.0
417,食品,621.25
418,飲料,622.5
419,日用品,623.75
420,家電,625.0
421,食品,626.25
422,飲料,627.5
423,日用品,628.75
424,家電,630.0
425,食品,631.25
426,飲料,632.5
427,日用品,633.75
428,家電,635.0
429,食品,636.25
430,飲料,637.5
431,日用品,638.75
432,家電,640.0
433,食品,641.25
434,飲料,642.5
435,日用品,643.75
436,家電,645.0
437,食品,646.25
438,飲料,647.5
439,日用品,648.75
440,家電,650.0
441,食品,651.25
442,飲料,652.5
443,日用品,653.75
444,家電,655.0
445,食品,656.25
446,飲料,657.5
447,日用品,658.75
448,家電,660.0
449,食品,661.25
450,飲料,662.5
451,日用品,663.75
452,家電,665.0
453,食品,666.25
454,飲料,667.5
455,日用品,668.75
456,家電,670.0
457,食品,671.25
458,飲料,672.5
459,日用品,673.75
460,家電,675.0
461,食品,676.25
462,飲料,677.5
463,日用品,678.75
464,家電,680.0
465,食品,681.25
466,飲料,682.5
467,日用品,683.75
468,家電,685.0
469,食品,686.25
470,飲料,687.5
471,日用品,688.75
472,家電,690.0
473,食品,691.25
474,飲料,692.5
475,日用品,693.75
476,家電,695.0
477,食品,696.25
478,飲料,697.5
479,日用品,698.75
480,家電,700.0
481,食品,701.25
482,飲料,702.5
483,日用品,703.75
484,家電,705.0
485,食品,706.25
486,飲料,707.5
487,日用品,708.75
488,家電,710.0
489,食品,711.25
490,飲料,712.5
491,日用品,713.75
492,家電,715.0
493,食品,716.25
494,飲料,717.5
495,日用品,718.75
496,家電,720.0
497,食品,721.25
498,飲料,722.5
499,日用品,723.75
500,家電,100.0
501,食品,101.25
502,飲料,102.5
503,日用品,103.75
504,家電,105.0
505,食品,106.25
506,飲料,107.5
507,日用品,108.75
508,家電,110.0
509,食品,111.25
510,飲料,112.5
511,日用品,113.75
512,家電,115.0
513,食品,116.25
514,飲料,117.5
515,日用品,118.75
516,家電,120.0
517,食品,121.25
518,飲料,122.5
519,日用品,123.75
520,家電,125.0
521,食品,126.25
522,飲料,127.5
523,日用品,128.75
524,家電,130.0
525,食品,131.25
526,飲料,132.5
527,日用品,133.75
528,家電,135.0
529,食品,136.25
530,飲料,137.5
531,日用品,138.75
532,家電,140.0
533,食品,141.25
534,飲料,142.5
535,日用品,143.75
536,家電,145.0
537,食品,146.25
538,飲料,147.5
539,日用品,148.75
540,家電,150.0
541,食品,151.25
542,飲料,152.5
543,日用品,153.75
544,家電,155.0
545,食品,156.25
546,飲料,157.5
547,日用品,158.75
548,家電,160.0
549,食品,161.25
550,飲料,162.5
551,日用品,163.75
552,家電,165.0
553,食品,166.25
554,飲料,167.5
555,日用品,168.75
556,家電,170.0
557,食品,171.25
558,飲料,172.5
559,日用品,173.75
560,家電,175.0
561,食品,176.25
562,飲料,177.5
563,日用品,178.75
564,家電,180.0
565,食品,181.25
566,飲料,182.5
567,日用品,183.75
568,家電,185.0
569,食品,186.25
570,飲料,187.5
571,日用品,188.75
572,家電,190.0
573,食品,191.25
574,飲料,192.5
575,日用品,193.75
576,家電,195.0
577,食品,196.25
578,飲料,197.5
579,日用品,198.75
580,家電,200.0
581,食品,201.25
582,飲料,202.5
583,日用品,203.75
584,家電,205.0
585,食品,206.25
586,飲料,207.5
587,日用品,208.75
588,家電,210.0
589,食品,211.25
590,飲料,212.5
591,日用品,213.75
592,家電,215.0
593,食品,216.25
594,飲料,217.5
595,日用品,218.75
596,家電,220.0
597,食品,221.25
598,飲料,222.5
599,日用品,223.75
600,家電,225.0
601,食品,226.25
602,飲料,227.5
603,日用品,228.75
604,家電,230.0
605,食品,231.25
606,飲料,232.5
607,日用品,233.75
608,家電,235.0
609,食品,236.25
610,飲料,237.5
611,日用品,238.75
612,家電,240.0
613,食品,241.25
614,飲料,242.5
615,日用品,243.75
616,家電,245.0
617,食品,246.25
618,飲料,247.5
619,日用品,248.75
620,家電,250.0
621,食品,251.25
622,飲料,252.5
623,日用品,253.75
624,家電,255.0
625,食品,256.25
626,飲料,257.5
627,日用品,258.75
628,家電,260.0
629,食品,261.25
630,飲料,262.5
631,日用品,263.75
632,家電,265.0
633,食品,266.25
634,飲料,267.5
635,日用品,268.75
636,家電,270.0
637,食品,271.25
638,飲料,272.5
639,日用品,273.75
640,家電,275.0
641,食品,276.25
642,飲料,277.5
643,日用品,278.75
644,家電,280.0
645,食品,281.25
646,飲料,282.5
647,日用品,283.75
648,家電,285.0
649,食品,286.25
650,飲料,287.5
651,日用品,288.75
652,家電,290.0
653,食品,291.25
654,飲料,292.5
655,日用品,293.75
656,家電,295.0
657,食品,296.25
658,飲料,297.5
659,日用品,298.75
660,家電,300.0
661,食品,301.25
662,飲料,302.5
663,日用品,303.75
664,家電,305.0
665,食品,306.25
666,飲料,307.5
667,日用品,308.75
668,家電,310.0
669,食品,311.25
670,飲料,312.5
671,日用品,313.75
672,家電,315.0
673,食品,316.25
674,飲料,317.5
675,日用品,318.75
676,家電,320.0
677,食品,321.25
678,飲料,322.5
679,日用品,323.75
680,家電,325.0
681,食品,326.25
682,飲料,327.5
683,日用品,328.75
684,家電,330.0
685,食品,331.25
686,飲料,332.5
687,日用品,333.75
688,家電,335.0
689,食品,336.25
690,飲料,337.5
691,日用品,338.75
692,家電,340.0
693,食品,341.25
694,飲料,342.5
695,日用品,343.75
696,家電,345.0
697,食品,346.25
698,飲料,347.5
699,日用品,348.75
700,家電,350.0
701,食品,351.25
702,飲料,352.5
703,日用品,353.75
704,家電,355.0
705,食品,356.25
706,飲料,357.5
707,日用品,358.75
708,家電,360.0
709,食品,361.25
710,飲料,362.5
711,日用品,363.75
712,家電,365.0
713,食品,366.25
714,飲料,367.5
715,日用品,368.75
716,家電,370.0
717,食品,371.25
718,飲料,372.5
719,日用品,373.75
720,家電,375.0
721,食品,376.25
722,飲料,377.5
723,日用品,378.75
724,家電,380.0
725,食品,381.25
726,飲料,382.5
727,日用品,383.75
728,家電,385.0
729,食品,386.25
730,飲料,387.5
731,日用品,388.75
732,家電,390.0
733,食品,391.25
734,飲料,392.5
735,日用品,393.75
736,家電,395.0
737,食品,396.25
738,飲料,397.5
739,日用品,398.75
740,家電,400.0
741,食品,401.25
742,飲料,402.5
743,日用品,403.75
744,家電,405.0
745,食品,406.25
746,飲料,407.5
747,日用品,408.75
748,家電,410.0
749,食品,411.25
750,飲料,412.5
751,日用品,413.75
752,家電,415.0
753,食品,416.25
754,飲料,417.5
755,日用品,418.75
756,家電,420.0
757,食品,421.25
758,飲料,422.5
759,日用品,423.75
760,家電,425.0
761,食品,426.25
762,飲料,427.5
763,日用品,428.75
764,家電,430.0
765,食品,431.25
766,飲料,432.5
767,日用品,433.75
768,家電,435.0
769,食品,436.25
770,飲料,437.5
771,日用品,438.75
772,家電,440.0
773,食品,441.25
774,飲料,442.5
775,日用品,443.75
776,家電,445.0
777,食品,446.25
778,飲料,447.5
779,日用品,448.75
780,家電,450.0
781,食品,451.25
782,飲料,452.5
783,日用品,453.75
784,家電,455.0
785,食品,456.25
786,飲料,457.5
787,日用品,458.75
788,家電,460.0
789,食品,461.25
790,飲料,462.5
791,日用品,463.75
792,家電,465.0
793,食品,466.25
794,飲料,467.5
795,日用品,468.75
796,家電,470.0
797,食品,471.25
798,飲料,472.5
799,日用品,473.75
800,家電,475.0
801,食品,476.25
802,飲料,477.5
803,日用品,478.75
804,家電,480.0
805,食品,481.25
806,飲料,482.5
807,日用品,483.75
808,家電,485.0
809,食品,486.25
810,飲料,487.5
811,日用品,488.75
812,家電,490.0
813,食品,491.25
814,飲料,492.5
815,日用品,493.75
816,家電,495.0
817,食品,496.25
818,飲料,497.5
819,日用品,498.75
820,家電,500.0
821,食品,501.25
822,飲料,502.5
823,日用品,503.75
824,家電,505.0
825,食品,506.25
826,飲料,507.5
827,日用品,508.75
828,家電,510.0
829,食品,511.25
830,飲料,512.5
831,日用品,513.75
832,家電,515.0
833,食品,516.25
834,飲料,517.5
835,日用品,518.75
836,家電,520.0
837,食品,521.25
838,飲料,522.5
839,日用品,523.75
840,家電,525.0
841,食品,526.25
842,飲料,527.5
843,日用品,528.75
844,家電,530.0
845,食品,531.25
846,飲料,532.5
847,日用品,533.75
848,家電,535.0
849,食品,536.25
850,飲料,537.5
851,日用品,538.75
852,家電,540.0
853,食品,541.25
854,飲料,542.5
855,日用品,543.75
856,家電,545.0
857,食品,546.25
858,飲料,547.5
859,日用品,548.75
860,家電,550.0
861,食品,551.25
862,飲料,552.5
863,日用品,553.75
864,家電,555.0
865,食品,556.25
866,飲料,557.5
867,日用品,558.75
868,家電,560.0
869,食品,561.25
870,飲料,562.5
871,日用品,563.75
872,家電,565.0
873,食品,566.25
874,飲料,567.5
875,日用品,568.75
876,家電,570.0
877,食品,571.25
878,飲料,572.5
879,日用品,573.75
880,家電,575.0
881,食品,576.25
882,飲料,577.5
883,日用品,578.75
884,家電,580.0
885,食品,581.25
886,飲料,582.5
887,日用品,583.75
888,家電,585.0
889,食品,586.25
890,飲料,587.5
891,日用品,588.75
892,家電,590.0
893,食品,591.25
894,飲料,592.5
895,日用品,593.75
896,家電,595.0
897,食品,596.25
898,飲料,597.5
899,日用品,598.75
900,家電,600.0
901,食品,601.25
902,飲料,602.5
903,日用品,603.75
904,家電,605.0
905,食品,606.25
906,飲料,607.5
907,日用品,608.75
908,家電,610.0
909,食品,611.25
910,飲料,612.5
911,日用品,613.75
912,家電,615.0
913,食品,616.25
914,飲料,617.5
915,日用品,618.75
916,家電,620.0
917,食品,621.25
918,飲料,622.5
919,日用品,623.75
920,家電,625.0
921,食品,626.25
922,飲料,627.5
923,日用品,628.75
924,家電,630.0
925,食品,631.25
926,飲料,632.5
927,日用品,633.75
928,家電,635.0
929,食品,636.25
930,飲料,637.5
931,日用品,638.75
932,家電,640.0
933,食品,641.25
934,飲料,642.5
935,日用品,643.75
936,家電,645.0
937,食品,646.25
938,飲料,647.5
939,日用品,648.75
940,家電,650.0
941,食品,651.25
942,飲料,652.5
943,日用品,653.75
944,家電,655.0
945,食品,656.25
946,飲料,657.5
947,日用品,658.75
948,家電,660.0
949,食品,661.25
950,飲料,662.5
951,日用品,663.75
952,家電,665.0
953,食品,666.25
954,飲料,667.5
955,日用品,668.75
956,家電,670.0
957,食品,671.25
958,飲料,672.5
959,日用品,673.75
960,家電,675.0
961,食品,676.25
962,飲料,677.5
963,日用品,678.75
964,家電,680.0
965,食品,681.25
966,飲料,682.5
967,日用品,683.75
968,家電,685.0
969,食品,686.25
970,飲料,687.5
971,日用品,688.75
972,家電,690.0
973,食品,691.25
974,飲料,692.5
975,日用品,693.75
976,家電,695.0
977,食品,696.25
978,飲料,697.5
979,日用品,698.75
980,家電,700.0
981,食品,701.25
982,飲料,702.5
983,日用品,703.75
984,家電,705.0
985,食品,706.25
986,飲料,707.5
987,日用品,708.75
988,家電,710.0
989,食品,711.25
990,飲料,712.5
991,日用品,713.75
992,家電,715.0
993,食品,716.25
994,飲料,717.5
995,日用品,718.75
996,家電,720.0
997,食品,721.25
998,飲料,722.5
999,日用品,723.75
1000,家電,100.0
1001,食品,101.25
1002,飲料,102.5
1003,日用品,103.75
1004,家電,105.0
1005,食品,106.25
1006,飲料,107.5
1007,日用品,108.75
1008,家電,110.0
1009,食品,111.25
1010,飲料,112.5
1011,日用品,113.75
1012,家電,115.0
1013,食品,116.25
1014,飲料,117.5
1015,日用品,118.75
1016,家電,120.0
1017,食品,121.25
1018,飲料,122.5
1019,日用品,123.75
1020,家電,125.0
1021,食品,126.25
1022,飲料,127.5
1023,日用品,128.75
1024,家電,130.0
1025,食品,131.25
1026,飲料,132.5
1027,日用品,133.75
1028,家電,135.0
1029,食品,136.25
1030,飲料,137.5
1031,日用品,138.75
1032,家電,140.0
1033,食品,141.25
1034,飲料,142.5
1035,日用品,143.75
1036,家電,145.0
1037,食品,146.25
1038,飲料,147.5
1039,日用品,148.75
1040,家電,150.0
1041,食品,151.25
1042,飲料,152.5
1043,日用品,153.75
1044,家電,155.0
1045,食品,156.25
1046,飲料,157.5
1047,日用品,158.75
1048,家電,160.0
1049,食品,161.25
1050,飲料,162.5
1051,日用品,163.75
1052,家電,165.0
1053,食品,166.25
1054,飲料,167.5
1055,日用品,168.75
1056,家電,170.0
1057,食品,171.25
1058,飲料,172.5
1059,日用品,173.75
1060,家電,175.0
1061,食品,176.25
1062,飲料,177.5
1063,日用品,178.75
1064,家電,180.0
1065,食品,181.25
1066,飲料,182.5
1067,日用品,183.75
1068,家電,185.0
1069,食品,186.25
1070,飲料,187.5
1071,日用品,188.75
1072,家電,190.0
1073,食品,191.25
1074,飲料,192.5
1075,日用品,193.75
1076,家電,195.0
1077,食品,196.25
1078,飲料,197.5
1079,日用品,198.75
1080,家電,200.0
1081,食品,201.25
1082,飲料,202.5
1083,日用品,203.75
1084,家電,205.0
1085,食品,206.25
1086,飲料,207.5
1087,日用品,208.75
1088,家電,210.0
1089,食品,211.25
1090,飲料,212.5
1091,日用品,213.75
1092,家電,215.0
1093,食品,216.25
1094,飲料,217.5
1095,日用品,218.75
1096,家電,220.0
1097,食品,221.25
1098,飲料,222.5
1099,日用品,223.75
1100,家電,225.0
1101,食品,226.25
1102,飲料,227.5
1103,日用品,228.75
1104,家電,230.0
1105,食品,231.25
1106,飲料,232.5
1107,日用品,233.75
1108,家電,235.0
1109,食品,236.25
1110,飲料,237.5
1111,日用品,238.75
1112,家電,240.0
1113,食品,241.25
1114,飲料,242.5
1115,日用品,243.75
1116,家電,245.0
1117,食品,246.25
1118,飲料,247.5
1119,日用品,248.75
1120,家電,250.0
1121,食品,251.25
1122,飲料,252.5
1123,日用品,253.75
1124,家電,255.0
1125,食品,256.25
1126,飲料,257.5
1127,日用品,258.75
1128,家電,260.0
1129,食品,261.25
1130,飲料,262.5
1131,日用品,263.75
1132,家電,265.0
1133,食品,266.25
1134,飲料,267.5
1135,日用品,268.75
1136,家電,270.0
1137,食品,271.25
1138,飲料,272.5
1139,日用品,273.75
1140,家電,275.0
1141,食品,276.25
1142,飲料,277.5
1143,日用品,278.75
1144,家電,280.0
1145,食品,281.25
1146,飲料,282.5
1147,日用品,283.75
1148,家電,285.0
1149,食品,286.25
1150,飲料,287.5
1151,日用品,288.75
1152,家電,290.0
1153,食品,291.25
1154,飲料,292.5
1155,日用品,293.75
1156,家電,295.0
1157,食品,296.25
1158,飲料,297.5
1159,日用品,298.75
1160,家電,300.0
1161,食品,301.25
1162,飲料,302.5
1163,日用品,303.75
1164,家電,305.0
1165,食品,306.25
1166,飲料,307.5
1167,日用品,308.75
1168,家電,310.0
1169,食品,311.25
1170,飲料,312.5
1171,日用品,313.75
1172,家電,315.0
1173,食品,316.25
1174,飲料,317.5
1175,日用品,318.75
1176,家電,320.0
1177,食品,321.25
1178,飲料,322.5
1179,日用品,323.75
1180,家電,325.0
1181,食品,326.25
1182,飲料,327.5
1183,日用品,328.75
1184,家電,330.0
1185,食品,331.25
1186,飲料,332.5
1187,日用品,333.75
1188,家電,335.0
1189,食品,336.25
1190,飲料,337.5
1191,日用品,338.75
1192,家電,340.0
1193,食品,341.25
1194,飲料,342.5
1195,日用品,343.75
1196,家電,345.0
1197,食品,346.25
1198,飲料,347.5
1199,日用品,348.75
1200,家電,350.0
1201,食品,351.25
1202,飲料,352.5
1203,日用品,353.75
1204,家電,355.0
1205,食品,356.25
1206,飲料,357.5
1207,日用品,358.75
1208,家電,360.0
1209,食品,361.25
1210,飲料,362.5
1211,日用品,363.75
1212,家電,365.0
1213,食品,366.25
1214,飲料,367.5
1215,日用品,368.75
1216,家電,370.0
1217,食品,371.25
1218,飲料,372.5
1219,日用品,373.75
1220,家電,375.0
1221,食品,376.25
1222,飲料,377.5
1223,日用品,378.75
1224,家電,380.0
1225,食品,381.25
1226,飲料,382.5
1227,日用品,383.75
1228,家電,385.0
1229,食品,386.25
1230,飲料,387.5
1231,日用品,388.75
1232,家電,390.0
1233,食品,391.25
1234,飲料,392.5
1235,日用品,393.75
1236,家電,395.0
1237,食品,396.25
1238,飲料,397.5
1239,日用品,398.75
1240,家電,400.0
1241,食品,401.25
1242,飲料,402.5
1243,日用品,403.75
1244,家電,405.0
1245,食品,406.25
1246,飲料,407.5
1247,日用品,408.75
1248,家電,410.0
1249,食品,411.25
1250,飲料,412.5
1251,日用品,413.75
1252,家電,415.0
1253,食品,416.25
1254,飲料,417.5
1255,日用品,418.75
1256,家電,420.0
1257,食品,421.25
1258,飲料,422.5
1259,日用品,423.75
1260,家電,425.0
1261,食品,426.25
1262,飲料,427.5
1263,日用品,428.75
1264,家電,430.0
1265,食品,431.25
1266,飲料,432.5
1267,日用品,433.75
1268,家電,435.0
1269,食品,436.25
1270,飲料,437.5
1271,日用品,438.75
1272,家電,440.0
1273,食品,441.25
1274,飲料,442.5
1275,日用品,443.75
1276,家電,445.0
1277,食品,446.25
1278,飲料,447.5
1279,日用品,448.75
1280,家電,450.0
1281,食品,451.25
1282,飲料,452.5
1283,日用品,453.75
1284,家電,455.0
1285,食品,456.25
1286,飲料,457.5
1287,日用品,458.75
1288,家電,460.0
1289,食品,461.25
1290,飲料,462.5
1291,日用品,463.75
1292,家電,465.0
1293,食品,466.25
1294,飲料,467.5
1295,日用品,468.75
1296,家電,470.0
1297,食品,471.25
1298,飲料,472.5
1299,日用品,473.75
1300,家電,475.0
1301,食品,476.25
1302,飲料,477.5
1303,日用品,478.75
1304,家電,480.0
1305,食品,481.25
1306,飲料,482.5
1307,日用品,483.75
1308,家電,485.0
1309,食品,486.25
1310,飲料,487.5
1311,日用品,488.75
1312,家電,490.0
1313,食品,491.25
1314,飲料,492.5
1315,日用品,493.75
1316,家電,495.0
1317,食品,496.25
1318,飲料,497.5
1319,日用品,498.75
1320,家電,500.0
1321,食品,501.25
1322,飲料,502.5
1323,日用品,503.75
1324,家電,505.0
1325,食品,506.25
1326,飲料,507.5
1327,日用品,508.75
1328,家電,510.0
1329,食品,511.25
1330,飲料,512.5
1331,日用品,513.75
1332,家電,515.0
1333,食品,516.25
1334,飲料,517.5
1335,日用品,518.75
1336,家電,520.0
1337,食品,521.25
1338,飲料,522.5
1339,日用品,523.75
1340,家電,525.0
1341,食品,526.25
1342,飲料,527.5
1343,日用品,528.75
1344,家電,530.0
1345,食品,531.25
1346,飲料,532.5
1347,日用品,533.75
1348,家電,535.0
1349,食品,536.25
1350,飲料,537.5
1351,日用品,538.75
1352,家電,540.0
1353,食品,541.25
1354,飲料,542.5
1355,日用品,543.75
1356,家電,545.0
1357,食品,546.25
1358,飲料,547.5
1359,日用品,548.75
1360,家電,550.0
1361,食品,551.25
1362,飲料,552.5
1363,日用品,553.75
1364,家電,555.0
1365,食品,556.25
1366,飲料,557.5
1367,日用品,558.75
1368,家電,560.0
1369,食品,561.25
1370,飲料,562.5
1371,日用品,563.75
1372,家電,565.0
1373,食品,566.25
1374,飲料,567.5
1375,日用品,568.75
1376,家電,570.0
1377,食品,571.25
1378,飲料,572.5
1379,日用品,573.75
1380,家電,575.0
1381,食品,576.25
1382,飲料,577.5
1383,日用品,578.75
1384,家電,580.0
1385,食品,581.25
1386,飲料,582.5
1387,日用品,583.75
1388,家電,585.0
1389,食品,586.25
1390,飲料,587.5
1391,日用品,588.75
1392,家電,590.0
1393,食品,591.25
1394,飲料,592.5
1395,日用品,593.75
1396,家電,595.0
1397,食品,596.25
1398,飲料,597.5
1399,日用品,598.75
1400,家電,600.0
1401,食品,601.25
1402,飲料,602.5
1403,日用品,603.75
1404,家電,605.0
1405,食品,606.25
1406,飲料,607.5
1407,日用品,608.75
1408,家電,610.0
1409,食品,611.25
1410,飲料,612.5
1411,日用品,613.75
1412,家電,615.0
1413,食品,616.25
1414,飲料,617.5
1415,日用品,618.75
1416,家電,620.0
1417,食品,621.25
1418,飲料,622.5
1419,日用品,623.75
1420,家電,625.0
1421,食品,626.25
1422,飲料,627.5
1423,日用品,628.75
1424,家電,630.0
1425,食品,631.25
1426,飲料,632.5
1427,日用品,633.75
1428,家電,635.0
1429,食品,636.25
1430,飲料,637.5
1431,日用品,638.75
1432,家電,640.0
1433,食品,641.25
1434,飲料,642.5
1435,日用品,643.75
1436,家電,645.0
1437,食品,646.25
1438,飲料,647.5
1439,日用品,648.75
1440,家電,650.0
1441,食品,651.25
1442,飲料,652.5
1443,日用品,653.75
1444,家電,655.0
1445,食品,656.25
1446,飲料,657.5
1447,日用品,658.75
1448,家電,660.0
1449,食品,661.25
1450,飲料,662.5
1451,日用品,663.75
1452,家電,665.0
1453,食品,666.25
1454,飲料,667.5
1455,日用品,668.75
1456,家電,670.0
1457,食品,671.25
1458,飲料,672.5
1459,日用品,673.75
1460,家電,675.0
1461,食品,676.25
1462,飲料,677.5
1463,日用品,678.75
1464,家電,680.0
1465,食品,681.25
1466,飲料,682.5
1467,日用品,683.75
1468,家電,685.0
1469,食品,686.25
1470,飲料,687.5
1471,日用品,688.75
1472,家電,690.0
1473,食品,691.25
1474,飲料,692.5
1475,日用品,693.75
1476,家電,695.0
1477,食品,696.25
1478,飲料,697.5
1479,日用品,698.75
1480,家電,700.0
1481,食品,701.25
1482,飲料,702.5
1483,日用品,703.75
1484,家電,705.0
1485,食品,706.25
1486,飲料,707.5
1487,日用品,708.75
1488,家電,710.0
1489,食品,711.25
1490,飲料,712.5
1491,日用品,713.75
1492,家電,715.0
1493,食品,716.25
1494,飲料,717.5
1495,日用品,718.75
1496,家電,720.0
1497,食品,721.25
1498,飲料,722.5
1499,日用品,723.75
1500,家電,100.0
1501,食品,101.25
1502,飲料,102.5
1503,日用品,103.75
1504,家電,105.0
1505,食品,106.25
1506,飲料,107.5
1507,日用品,108.75
1508,家電,110.0
1509,食品,111.25
1510,飲料,112.5
1511,日用品,113.75
1512,家電,115.0
1513,食品,116.25
1514,飲料,117.5
1515,日用品,118.75
1516,家電,120.0
1517,食品,121.25
1518,飲料,122.5
1519,日用品,123.75
1520,家電,125.0
1521,食品,126.25
1522,飲料,127.5
1523,日用品,128.75
1524,家電,130.0
1525,食品,131.25
1526,飲料,132.5
1527,日用品,133.75
1528,家電,135.0
1529,食品,136.25
1530,飲料,137.5
1531,日用品,138.75
1532,家電,140.0
1533,食品,141.25
1534,飲料,142.5
1535,日用品,143.75
1536,家電,145.0
1537,食品,146.25
1538,飲料,147.5
1539,日用品,148.75
1540,家電,150.0
1541,食品,151.25
1542,飲料,152.5
1543,日用品,153.75
1544,家電,155.0
1545,食品,156.25
1546,飲料,157.5
1547,日用品,158.75
1548,家電,160.0
1549,食品,161.25
1550,飲料,162.5
1551,日用品,163.75
1552,家電,165.0
1553,食品,166.25
1554,飲料,167.5
1555,日用品,168.75
1556,家電,170.0
1557,食品,171.25
1558,飲料,172.5
1559,日用品,173.75
1560,家電,175.0
1561,食品,176.25
1562,飲料,177.5
1563,日用品,178.75
1564,家電,180.0
1565,食品,181.25
1566,飲料,182.5
1567,日用品,183.75
1568,家電,185.0
1569,食品,186.25
1570,飲料,187.5
1571,日用品,188.75
1572,家電,190.0
1573,食品,191.25
1574,飲料,192.5
1575,日用品,193.75
1576,家電,195.0
1577,食品,196.25
1578,飲料,197.5
1579,日用品,198.75
1580,家電,200.0
1581,食品,201.25
1582,飲料,202.5
1583,日用品,203.75
1584,家電,205.0
1585,食品,206.25
1586,飲料,207.5
1587,日用品,208.75
1588,家電,210.0
1589,食品,211.25
1590,飲料,212.5
1591,日用品,213.75
1592,家電,215.0
1593,食品,216.25
1594,飲料,217.5
1595,日用品,218.75
1596,家電,220.0
1597,食品,221.25
1598,飲料,222.5
1599,日用品,223.75
1600,家電,225.0
1601,食品,226.25
1602,飲料,227.5
1603,日用品,228.75
1604,家電,230.0
1605,食品,231.25
1606,飲料,232.5
1607,日用品,233.75
1608,家電,235.0
1609,食品,236.25
1610,飲料,237.5
1611,日用品,238.75
1612,家電,240.0
1613,食品,241.25
1614,飲料,242.5
1615,日用品,243.75
1616,家電,245.0
1617,食品,246.25
1618,飲料,247.5
1619,日用品,248.75
1620,家電,250.0
1621,食品,251.25
1622,飲料,252.5
1623,日用品,253.75
1624,家電,255.0
1625,食品,256.25
1626,飲料,257.5
1627,日用品,258.75
1628,家電,260.0
1629,食品,261.25
1630,飲料,262.5
1631,日用品,263.75
1632,家電,265.0
1633,食品,266.25
1634,飲料,267.5
1635,日用品,268.75
1636,家電,270.0
1637,食品,271.25
1638,飲料,272.5
1639,日用品,273.75
1640,家電,275.0
1641,食品,276.25
1642,飲料,277.5
1643,日用品,278.75
1644,家電,280.0
1645,食品,281.25
1646,飲料,282.5
1647,日用品,283.75
1648,家電,285.0
1649,食品,286.25
1650,飲料,287.5
1651,日用品,288.75
1652,家電,290.0
1653,食品,291.25
1654,飲料,292.5
1655,日用品,293.75
1656,家電,295.0
1657,食品,296.25
1658,飲料,297.5
1659,日用品,298.75
1660,家電,300.0
1661,食品,301.25
1662,飲料,302.5
1663,日用品,303.75
1664,家電,305.0
1665,食品,306.25
1666,飲料,307.5
1667,日用品,308.75
1668,家電,310.0
1669,食品,311.25
1670,飲料,312.5
1671,日用品,313.75
1672,家電,315.0
1673,食品,316.25
1674,飲料,317.5
1675,日用品,318.75
1676,家電,320.0
1677,食品,321.25
1678,飲料,322.5
1679,日用品,323.75
1680,家電,325.0
1681,食品,326.25
1682,飲料,327.5
1683,日用品,328.75
1684,家電,330.0
1685,食品,331.25
1686,飲料,332.5
1687,日用品,333.75
1688,家電,335.0
1689,食品,336.25
1690,飲料,337.5
1691,日用品,338.75
1692,家電,340.0
1693,食品,341.25
1694,飲料,342.5
1695,日用品,343.75
1696,家電,345.0
1697,食品,346.25
1698,飲料,347.5
1699,日用品,348.75
1700,家電,350.0
1701,食品,351.25
1702,飲料,352.5
1703,日用品,353.75
1704,家電,355.0
1705,食品,356.25
1706,飲料,357.5
1707,日用品,358.75
1708,家電,360.0
1709,食品,361.25
1710,飲料,362.5
1711,日用品,363.75
1712,家電,365.0
1713,食品,366.25
1714,飲料,367.5
1715,日用品,368.75
1716,家電,370.0
1717,食品,371.25
1718,飲料,372.5
1719,日用品,373.75
1720,家電,375.0
1721,食品,376.25
1722,飲料,377.5
1723,日用品,378.75
1724,家電,380.0
1725,食品,381.25
1726,飲料,382.5
1727,日用品,383.75
1728,家電,385.0
1729,食品,386.25
1730,飲料,387.5
1731,日用品,388.75
1732,家電,390.0
1733,食品,391.25
1734,飲料,392.5
1735,日用品,393.75
1736,家電,395.0
1737,食品,396.25
1738,飲料,397.5
1739,日用品,398.75
1740,家電,400.0
1741,食品,401.25
1742,飲料,402.5
1743,日用品,403.75
1744,家電,405.0
1745,食品,406.25
1746,飲料,407.5
1747,日用品,408.75
1748,家電,410.0
1749,食品,411.25
1750,飲料,412.5
1751,日用品,413.75
1752,家電,415.0
1753,食品,416.25
1754,飲料,417.5
1755,日用品,418.75
1756,家電,420.0
1757,食品,421.25
1758,飲料,422.5
1759,日用品,423.75
1760,家電,425.0
1761,食品,426.25
1762,飲料,427.5
1763,日用品,428.75
1764,家電,430.0
1765,食品,431.25
1766,飲料,432.5
1767,日用品,433.75
1768,家電,435.0
1769,食品,436.25
1770,飲料,437.5
1771,日用品,438.75
1772,家電,440.0
1773,食品,441.25
1774,飲料,442.5
1775,日用品,443.75
1776,家電,445.0
1777,食品,446.25
1778,飲料,447.5
1779,日用品,448.75
1780,家電,450.0
1781,食品,451.25
1782,飲料,452.5
1783,日用品,453.75
1784,家電,455.0
1785,食品,456.25
1786,飲料,457.5
1787,日用品,458.75
1788,家電,460.0
1789,食品,461.25
1790,飲料,462.5
1791,日用品,463.75
1792,家電,465.0
1793,食品,466.25
1794,飲料,467.5
1795,日用品,468.75
1796,家電,470.0
1797,食品,471.25
1798,飲料,472.5
1799,日用品,473.75
1800,家電,475.0
1801,食品,476.25
1802,飲料,477.5
1803,日用品,478.75
1804,家電,480.0
1805,食品,481.25
1806,飲料,482.5
1807,日用品,483.75
1808,家電,485.0
1809,食品,486.25
1810,飲料,487.5
1811,日用品,488.75
1812,家電,490.0
1813,食品,491.25
1814,飲料,492.5
1815,日用品,493.75
1816,家電,495.0
1817,食品,496.25
1818,飲料,497.5
1819,日用品,498.75
1820,家電,500.0
1821,食品,501.25
1822,飲料,502.5
1823,日用品,503.75
1824,家電,505.0
1825,食品,506.25
1826,飲料,507.5
1827,日用品,508.75
1828,家電,510.0
1829,食品,511.25
1830,飲料,512.5
1831,日用品,513.75
1832,家電,515.0
1833,食品,516.25
1834,飲料,517.5
1835,日用品,518.75
1836,家電,520.0
1837,食品,521.25
1838,飲料,522.5
1839,日用品,523.75
1840,家電,525.0
1841,食品,526.25
1842,飲料,527.5
1843,日用品,528.75
1844,家電,530.0
1845,食品,531.25
1846,飲料,532.5
1847,日用品,533.75
1848,家電,535.0
1849,食品,536.25
1850,飲料,537.5
1851,日用品,538.75
1852,家電,540.0
1853,食品,541.25
1854,飲料,542.5
1855,日用品,543.75
1856,家電,545.0
1857,食品,546.25
1858,飲料,547.5
1859,日用品,548.75
1860,家電,550.0
1861,食品,551.25
1862,飲料,552.5
1863,日用品,553.75
1864,家電,555.0
1865,食品,556.25
1866,飲料,557.5
1867,日用品,558.75
1868,家電,560.0
1869,食品,561.25
1870,飲料,562.5
1871,日用品,563.75
1872,家電,565.0
1873,食品,566.25
1874,飲料,567.5
1875,日用品,568.75
1876,家電,570.0
1877,食品,571.25
1878,飲料,572.5
1879,日用品,573.75
1880,家電,575.0
1881,食品,576.25
1882,飲料,577.5
1883,日用品,578.75
1884,家電,580.0
1885,食品,581.25
1886,飲料,582.5
1887,日用品,583.75
1888,家電,585.0
1889,食品,586.25
1890,飲料,587.5
1891,日用品,588.75
1892,家電,590.0
1893,食品,591.25
1894,飲料,592.5
1895,日用品,593.75
1896,家電,595.0
1897,食品,596.25
1898,飲料,597.5
1899,日用品,598.75
1900,家電,600.0
1901,食品,601.25
1902,飲料,602.5
1903,日用品,603.75
1904,家電,605.0
1905,食品,606.25
1906,飲料,607.5
1907,日用品,608.75
1908,家電,610.0
1909,食品,611.25
1910,飲料,612.5
1911,日用品,613.75
1912,家電,615.0
1913,食品,616.25
1914,飲料,617.5
1915,日用品,618.75
1916,家電,620.0
1917,食品,621.25
1918,飲料,622.5
1919,日用品,623.75
1920,家電,625.0
1921,食品,626.25
1922,飲料,627.5
1923,日用品,628.75
1924,家電,630.0
1925,食品,631.25
1926,飲料,632.5
1927,日用品,633.75
1928,家電,635.0
1929,食品,636.25
1930,飲料,637.5
1931,日用品,638.75
1932,家電,640.0
1933,食品,641.25
1934,飲料,642.5
1935,日用品,643.75
1936,家電,645.0
1937,食品,646.25
1938,飲料,647.5
1939,日用品,648.75
1940,家電,650.0
1941,食品,651.25
1942,飲料,652.5
1943,日用品,653.75
1944,家電,655.0
1945,食品,656.25
1946,飲料,657.5
1947,日用品,658.75
1948,家電,660.0
1949,食品,661.25
1950,飲料,662.5
1951,日用品,663.75
1952,家電,665.0
1953,食品,666.25
1954,飲料,667.5
1955,日用品,668.75
1956,家電,670.0
1957,食品,671.25
1958,飲料,672.5
1959,日用品,673.75
1960,家電,675.0
1961,食品,676.25
1962,飲料,677.5
1963,日用品,678.75
1964,家電,680.0
1965,食品,681.25
1966,飲料,682.5
1967,日用品,683.75
1968,家電,685.0
1969,食品,686.25
1970,飲料,687.5
1971,日用品,688.75
1972,家電,690.0
1973,食品,691.25
1974,飲料,692.5
1975,日用品,693.75
1976,家電,695.0
1977,食品,696.25
1978,飲料,697.5
1979,日用品,698.75
1980,家電,700.0
1981,食品,701.25
1982,飲料,702.5
1983,日用品,703.75
1984,家電,705.0
1985,食品,706.25
1986,飲料,707.5
1987,日用品,708.75
1988,家電,710.0
1989,食品,711.25
1990,飲料,712.5
1991,日用品,713.75
1992,家電,715.0
1993,食品,716.25
1994,飲料,717.5
1995,日用品,718.75
1996,家電,720.0
1997,食品,721.25
1998,飲料,722.5
1999,日用品,723.75
2000,家電,100.0
2001,食品,101.25
2002,飲料,102.5
2003,日用品,103.75
2004,家電,105.0
2005,食品,106.25
2006,飲料,107.5
2007,日用品,108.75
2008,家電,110.0
2009,食品,111.25
2010,飲料,112.5
2011,日用品,113.75
2012,家電,115.0
2013,食品,116.25
2014,飲料,117.5
2015,日用品,118.75
2016,家電,120.0
2017,食品,121.25
2018,飲料,122.5
2019,日用品,123.75
2020,家電,125.0
2021,食品,126.25
2022,飲料,127.5
2023,日用品,128.75
2024,家電,130.0
2025,食品,131.25
2026,飲料,132.5
2027,日用品,133.75
2028,家電,135.0
2029,食品,136.25
2030,飲料,137.5
2031,日用品,138.75
2032,家電,140.0
2033,食品,141.25
2034,飲料,142.5
2035,日用品,143.75
2036,家電,145.0
2037,食品,146.25
2038,飲料,147.5
2039,日用品,148.75
2040,家電,150.0
2041,食品,151.25
2042,飲料,152.5
2043,日用品,153.75
2044,家電,155.0
2045,食品,156.25
2046,飲料,157.5
2047,日用品,158.75
2048,家電,160.0
2049,食品,161.25
2050,飲料,162.5
2051,日用品,163.75
2052,家電,165.0
2053,食品,166.25
2054,飲料,167.5
2055,日用品,168.75
2056,家電,170.0
2057,食品,171.25
2058,飲料,172.5
2059,日用品,173.75
2060,家電,175.0
2061,食品,176.25
2062,飲料,177.5
2063,日用品,178.75
2064,家電,180.0
2065,食品,181.25
2066,飲料,182.5
2067,日用品,183.75
2068,家電,185.0
2069,食品,186.25
2070,飲料,187.5
2071,日用品,188.75
2072,家電,190.0
2073,食品,191.25
2074,飲料,192.5
2075,日用品,193.75
2076,家電,195.0
2077,食品,196.25
2078,飲料,197.5
2079,日用品,198.75
2080,家電,200.0
2081,食品,201.25
2082,飲料,202.5
2083,日用品,203.75
2084,家電,205.0
2085,食品,206.25
2086,飲料,207.5
2087,日用品,208.75
2088,家電,210.0
2089,食品,211.25
2090,飲料,212.5
2091,日用品,213.75
2092,家電,215.0
2093,食品,216.25
2094,飲料,217.5
2095,日用品,218.75
2096,家電,220.0
2097,食品,221.25
2098,飲料,222.5
2099,日用品,223.75
2100,家電,225.0
2101,食品,226.25
2102,飲料,227.5
2103,日用品,228.75
2104,家電,230.0
2105,食品,231.25
2106,飲料,232.5
2107,日用品,233.75
2108,家電,235.0
2109,食品,236.25
2110,飲料,237.5
2111,日用品,238.75
2112,家電,240.0
2113,食品,241.25
2114,飲料,242.5
2115,日用品,243.75
2116,家電,245.0
2117,食品,246.25
2118,飲料,247.5
2119,日用品,248.75
2120,家電,250.0
2121,食品,251.25
2122,飲料,252.5
2123,日用品,253.75
2124,家電,255.0
2125,食品,256.25
2126,飲料,257.5
2127,日用品,258.75
2128,家電,260.0
2129,食品,261.25
2130,飲料,262.5
2131,日用品,263.75
2132,家電,265.0
2133,食品,266.25
2134,飲料,267.5
2135,日用品,268.75
2136,家電,270.0
2137,食品,271.25
2138,飲料,272.5
2139,日用品,273.75
2140,家電,275.0
2141,食品,276.25
2142,飲料,277.5
2143,日用品,278.75
2144,家電,280.0
2145,食品,281.25
2146,飲料,282.5
2147,日用品,283.75
2148,家電,285.0
2149,食品,286.25
2150,飲料,287.5
2151,日用品,288.75
2152,家電,290.0
2153,食品,291.25
2154,飲料,292.5
2155,日用品,293.75
2156,家電,295.0
2157,食品,296.25
2158,飲料,297.5
2159,日用品,298.75
2160,家電,300.0
2161,食品,301.25
2162,飲料,302.5
2163,日用品,303.75
2164,家電,305.0
2165,食品,306.25
2166,飲料,307.5
2167,日用品,308.75
2168,家電,310.0
2169,食品,311.25
2170,飲料,312.5
2171,日用品,313.75
2172,家電,315.0
2173,食品,316.25
2174,飲料,317.5
2175,日用品,318.75
2176,家電,320.0
2177,食品,321.25
2178,飲料,322.5
2179,日用品,323.75
2180,家電,325.0
2181,食品,326.25
2182,飲料,327.5
2183,日用品,328.75
2184,家電,330.0
2185,食品,331.25
2186,飲料,332.5
2187,日用品,333.75
2188,家電,335.0
2189,食品,336.25
2190,飲料,337.5
2191,日用品,338.75
2192,家電,340.0
2193,食品,341.25
2194,飲料,342.5
2195,日用品,343.75
2196,家電,345.0
2197,食品,346.25
2198,飲料,347.5
2199,日用品,348.75
2200,家電,350.0
2201,食品,351.25
2202,飲料,352.5
2203,日用品,353.75
2204,家電,355.0
2205,食品,356.25
2206,飲料,357.5
2207,日用品,358.75
2208,家電,360.0
2209,食品,361.25
2210,飲料,362.5
2211,日用品,363.75
2212,家電,365.0
2213,食品,366.25
2214,飲料,367.5
2215,日用品,368.75
2216,家電,370.0
2217,食品,371.25
2218,飲料,372.5
2219,日用品,373.75
2220,家電,375.0
2221,食品,376.25
2222,飲料,377.5
2223,日用品,378.75
2224,家電,380.0
2225,食品,381.25
2226,飲料,382.5
2227,日用品,383.75
2228,家電,385.0
2229,食品,386.25
2230,飲料,387.5
2231,日用品,388.75
2232,家電,390.0
2233,食品,391.25
2234,飲料,392.5
2235,日用品,393.75
2236,家電,395.0
2237,食品,396.25
2238,飲料,397.5
2239,日用品,398.75
2240,家電,400.0
2241,食品,401.25
2242,飲料,402.5
2243,日用品,403.75
2244,家電,405.0
2245,食品,406.25
2246,飲料,407.5
2247,日用品,408.75
2248,家電,410.0
2249,食品,411.25
2250,飲料,412.5
2251,日用品,413.75
2252,家電,415.0
2253,食品,416.25
2254,飲料,417.5
2255,日用品,418.75
2256,家電,420.0
2257,食品,421.25
2258,飲料,422.5
2259,日用品,423.75
2260,家電,425.0
2261,食品,426.25
2262,飲料,427.5
2263,日用品,428.75
2264,家電,430.0
2265,食品,431.25
2266,飲料,432.5
2267,日用品,433.75
2268,家電,435.0
2269,食品,436.25
2270,飲料,437.5
2271,日用品,438.75
2272,家電,440.0
2273,食品,441.25
2274,飲料,442.5
2275,日用品,443.75
2276,家電,445.0
2277,食品,446.25
2278,飲料,447.5
2279,日用品,448.75
2280,家電,450.0
2281,食品,451.25
2282,飲料,452.5
2283,日用品,453.75
2284,家電,455.0
2285,食品,456.25
2286,飲料,457.5
2287,日用品,458.75
2288,家電,460.0
2289,食品,461.25
2290,飲料,462.5
2291,日用品,463.75
2292,家電,465.0
2293,食品,466.25
2294,飲料,467.5
2295,日用品,468.75
2296,家電,470.0
2297,食品,471.25
2298,飲料,472.5
2299,日用品,473.75
2300,家電,475.0
2301,食品,476.25
2302,飲料,477.5
2303,日用品,478.75
2304,家電,480.0
2305,食品,481.25
2306,飲料,482.5
2307,日用品,483.75
2308,家電,485.0
2309,食品,486.25
2310,飲料,487.5
2311,日用品,488.75
2312,家電,490.0
2313,食品,491.25
2314,飲料,492.5
2315,日用品,493.75
2316,家電,495.0
2317,食品,496.25
2318,飲料,497.5
2319,日用品,498.75
2320,家電,500.0
2321,食品,501.25
2322,飲料,502.5
2323,日用品,503.75
2324,家電,505.0
2325,食品,506.25
2326,飲料,507.5
2327,日用品,508.75
2328,家電,510.0
2329,食品,511.25
2330,飲料,512.5
2331,日用品,513.75
2332,家電,515.0
2333,食品,516.25
2334,飲料,517.5
2335,日用品,518.75
2336,家電,520.0
2337,食品,521.25
2338,飲料,522.5
2339,日用品,523.75
2340,家電,525.0
2341,食品,526.25
2342,飲料,527.5
2343,日用品,528.75
2344,家電,530.0
2345,食品,531.25
2346,飲料,532.5
2347,日用品,533.75
2348,家電,535.0
2349,食品,536.25
2350,飲料,537.5
2351,日用品,538.75
2352,家電,540.0
2353,食品,541.25
2354,飲料,542.5
2355,日用品,543.75
2356,家電,545.0
2357,食品,546.25
2358,飲料,547.5
2359,日用品,548.75
2360,家電,550.0
2361,食品,551.25
2362,飲料,552.5
2363,日用品,553.75
2364,家電,555.0
2365,食品,556.25
2366,飲料,557.5
2367,日用品,558.75
2368,家電,560.0
2369,食品,561.25
2370,飲料,562.5
2371,日用品,563.75
2372,家電,565.0
2373,食品,566.25
2374,飲料,567.5
2375,日用品,568.75
2376,家電,570.0
2377,食品,571.25
2378,飲料,572.5
2379,日用品,573.75
2380,家電,575.0
2381,食品,576.25
2382,飲料,577.5
2383,日用品,578.75
2384,家電,580.0
2385,食品,581.25
2386,飲料,582.5
2387,日用品,583.75
2388,家電,585.0
2389,食品,586.25
2390,飲料,587.5
2391,日用品,588.75
2392,家電,590.0
2393,食品,591.25
2394,飲料,592.5
2395,日用品,593.75
2396,家電,595.0
2397,食品,596.25
2398,飲料,597.5
2399,日用品,598.75
2400,家電,600.0
2401,食品,601.25
2402,飲料,602.5
2403,日用品,603.75
2404,家電,605.0
2405,食品,606.25
2406,飲料,607.5
2407,日用品,608.75
2408,家電,610.0
2409,食品,611.25
2410,飲料,612.5
2411,日用品,613.75
2412,家電,615.0
2413,食品,616.25
2414,飲料,617.5
2415,日用品,618.75
2416,家電,620.0
2417,食品,621.25
2418,飲料,622.5
2419,日用品,623.75
2420,家電,625.0
2421,食品,626.25
2422,飲料,627.5
2423,日用品,628.75
2424,家電,630.0
2425,食品,631.25
2426,飲料,632.5
2427,日用品,633.75
2428,家電,635.0
2429,食品,636.25
2430,飲料,637.5
2431,日用品,638.75
2432,家電,640.0
2433,食品,641.25
2434,飲料,642.5
2435,日用品,643.75
2436,家電,645.0
2437,食品,646.25
2438,飲料,647.5
2439,日用品,648.75
2440,家電,650.0
2441,食品,651.25
2442,飲料,652.5
2443,日用品,653.75
2444,家電,655.0
2445,食品,656.25
2446,飲料,657.5
2447,日用品,658.75
2448,家電,660.0
2449,食品,661.25
2450,飲料,662.5
2451,日用品,663.75
2452,家電,665.0
2453,食品,666.25
2454,飲料,667.5
2455,日用品,668.75
2456,家電,670.0
2457,食品,671.25
2458,飲料,672.5
2459,日用品,673.75
2460,家電,675.0
2461,食品,676.25
2462,飲料,677.5
2463,日用品,678.75
2464,家電,680.0
2465,食品,681.25
2466,飲料,682.5
2467,日用品,683.75
2468,家電,685.0
2469,食品,686.25
2470,飲料,687.5
2471,日用品,688.75
2472,家電,690.0
2473,食品,691.25
2474,飲料,692.5
2475,日用品,693.75
2476,家電,695.0
2477,食品,696.25
2478,飲料,697.5
2479,日用品,698.75
2480,家電,700.0
2481,食品,701.25
2482,飲料,702.5
2483,日用品,703.75
2484,家電,705.0
2485,食品,706.25
2486,飲料,707.5
2487,日用品,708.75
2488,家電,710.0
2489,食品,711.25
2490,飲料,712.5
2491,日用品,713.75
2492,家電,715.0
2493,食品,716.25
2494,飲料,717.5
2495,日用品,718.75
2496,家電,720.0
2497,食品,721.25
2498,飲料,722.5
2499,日用品,723.75
2500,家電,100.0
2501,食品,101.25
2502,飲料,102.5
2503,日用品,103.75
2504,家電,105.0
2505,食品,106.25
2506,飲料,107.5
2507,日用品,108.75
2508,家電,110.0
2509,食品,111.25
2510,飲料,112.5
2511,日用品,113.75
2512,家電,115.0
2513,食品,116.25
2514,飲料,117.5
2515,日用品,118.75
2516,家電,120.0
2517,食品,121.25
2518,飲料,122.5
2519,日用品,123.75
2520,家電,125.0
2521,食品,126.25
2522,飲料,127.5
2523,日用品,128.75
2524,家電,130.0
2525,食品,131.25
2526,飲料,132.5
2527,日用品,133.75
2528,家電,135.0
2529,食品,136.25
2530,飲料,137.5
2531,日用品,138.75
2532,家電,140.0
2533,食品,141.25
2534,飲料,142.5
2535,日用品,143.75
2536,家電,145.0
2537,食品,146.25
2538,飲料,147.5
2539,日用品,148.75
2540,家電,150.0
2541,食品,151.25
2542,飲料,152.5
2543,日用品,153.75
2544,家電,155.0
2545,食品,156.25
2546,飲料,157.5
2547,日用品,158.75
2548,家電,160.0
2549,食品,161.25
2550,飲料,162.5
2551,日用品,163.75
2552,家電,165.0
2553,食品,166.25
2554,飲料,167.5
2555,日用品,168.75
2556,家電,170.0
2557,食品,171.25
2558,飲料,172.5
2559,日用品,173.75
2560,家電,175.0
2561,食品,176.25
2562,飲料,177.5
2563,日用品,178.75
2564,家電,180.0
2565,食品,181.25
2566,飲料,182.5
2567,日用品,183.75
2568,家電,185.0
2569,食品,186.25
2570,飲料,187.5
2571,日用品,188.75
2572,家電,190.0
2573,食品,191.25
2574,飲料,192.5
2575,日用品,193.75
2576,家電,195.0
2577,食品,196.25
2578,飲料,197.5
2579,日用品,198.75
2580,家電,200.0
2581,食品,201.25
2582,飲料,202.5
2583,日用品,203.75
2584,家電,205.0
2585,食品,206.25
2586,飲料,207.5
2587,日用品,208.75
2588,家電,210.0
2589,食品,211.25
2590,飲料,212.5
2591,日用品,213.75
2592,家電,215.0
2593,食品,216.25
2594,飲料,217.5
2595,日用品,218.75
2596,家電,220.0
2597,食品,221.25
2598,飲料,222.5
2599,日用品,223.75
2600,家電,225.0
2601,食品,226.25
2602,飲料,227.5
2603,日用品,228.75
2604,家電,230.0
2605,食品,231.25
2606,飲料,232.5
2607,日用品,233.75
2608,家電,235.0
2609,食品,236.25
2610,飲料,237.5
2611,日用品,238.75
2612,家電,240.0
2613,食品,241.25
2614,飲料,242.5
2615,日用品,243.75
2616,家電,245.0
2617,食品,246.25
2618,飲料,247.5
2619,日用品,248.75
2620,家電,250.0
2621,食品,251.25
2622,飲料,252.5
2623,日用品,253.75
2624,家電,255.0
2625,食品,256.25
2626,飲料,257.5
2627,日用品,258.75
2628,家電,260.0
2629,食品,261.25
2630,飲料,262.5
2631,日用品,263.75
2632,家電,265.0
2633,食品,266.25
2634,飲料,267.5
2635,日用品,268.75
2636,家電,270.0
2637,食品,271.25
2638,飲料,272.5
2639,日用品,273.75
2640,家電,275.0
2641,食品,276.25
2642,飲料,277.5
2643,日用品,278.75
2644,家電,280.0
2645,食品,281.25
2646,飲料,282.5
2647,日用品,283.75
2648,家電,285.0
2649,食品,286.25
2650,飲料,287.5
2651,日用品,288.75
2652,家電,290.0
2653,食品,291.25
2654,飲料,292.5
2655,日用品,293.75
2656,家電,295.0
2657,食品,296.25
2658,飲料,297.5
2659,日用品,298.75
2660,家電,300.0
2661,食品,301.25
2662,飲料,302.5
2663,日用品,303.75
2664,家電,305.0
2665,食品,306.25
2666,飲料,307.5
2667,日用品,308.75
2668,家電,310.0
2669,食品,311.25
2670,飲料,312.5
2671,日用品,313.75
2672,家電,315.0
2673,食品,316.25
2674,飲料,317.5
2675,日用品,318.75
2676,家電,320.0
2677,食品,321.25
2678,飲料,322.5
2679,日用品,323.75
2680,家電,325.0
2681,食品,326.25
2682,飲料,327.5
2683,日用品,328.75
2684,家電,330.0
2685,食品,331.25
2686,飲料,332.5
2687,日用品,333.75
2688,家電,335.0
2689,食品,336.25
2690,飲料,337.5
2691,日用品,338.75
2692,家電,340.0
2693,食品,341.25
2694,飲料,342.5
2695,日用品,343.75
2696,家電,345.0
2697,食品,346.25
2698,飲料,347.5
2699,日用品,348.75
2700,家電,350.0
2701,食品,351.25
2702,飲料,352.5
2703,日用品,353.75
2704,家電,355.0
2705,食品,356.25
2706,飲料,357.5
2707,日用品,358.75
2708,家電,360.0
2709,食品,361.25
2710,飲料,362.5
2711,日用品,363.75
2712,家電,365.0
2713,食品,366.25
2714,飲料,367.5
2715,日用品,368.75
2716,家電,370.0
2717,食品,371.25
2718,飲料,372.5
2719,日用品,373.75
2720,家電,375.0
2721,食品,376.25
2722,飲料,377.5
2723,日用品,378.75
2724,家電,380.0
2725,食品,381.25
2726,飲料,382.5
2727,日用品,383.75
2728,家電,385.0
2729,食品,386.25
2730,飲料,387.5
2731,日用品,388.75
2732,家電,390.0
2733,食品,391.25
2734,飲料,392.5
2735,日用品,393.75
2736,家電,395.0
2737,食品,396.25
2738,飲料,397.5
2739,日用品,398.75
2740,家電,400.0
2741,食品,401.25
2742,飲料,402.5
2743,日用品,403.75
2744,家電,405.0
2745,食品,406.25
2746,飲料,407.5
2747,日用品,408.75
2748,家電,410.0
2749,食品,411.25
2750,飲料,412.5
2751,日用品,413.75
2752,家電,415.0
2753,食品,416.25
2754,飲料,417.5
2755,日用品,418.75
2756,家電,420.0
2757,食品,421.25
2758,飲料,422.5
2759,日用品,423.75
2760,家電,425.0
2761,食品,426.25
2762,飲料,427.5
2763,日用品,428.75
2764,家電,430.0
2765,食品,431.25
2766,飲料,432.5
2767,日用品,433.75
2768,家電,435.0
2769,食品,436.25
2770,飲料,437.5
2771,日用品,438.75
2772,家電,440.0
2773,食品,441.25
2774,飲料,442.5
2775,日用品,443.75
2776,家電,445.0
2777,食品,446.25
2778,飲料,447.5
2779,日用品,448.75
2780,家電,450.0
2781,食品,451.25
2782,飲料,452.5
2783,日用品,453.75
2784,家電,455.0
2785,食品,456.25
2786,飲料,457.5
2787,日用品,458.75
2788,家電,460.0
2789,食品,461.25
2790,飲料,462.5
2791,日用品,463.75
2792,家電,465.0
2793,食品,466.25
2794,飲料,467.5
2795,日用品,468.75
2796,家電,470.0
2797,食品,471.25
2798,飲料,472.5
2799,日用品,473.75
2800,家電,475.0
2801,食品,476.25
2802,飲料,477.5
2803,日用品,478.75
2804,家電,480.0
2805,食品,481.25
2806,飲料,482.5
2807,日用品,483.75
2808,家電,485.0
2809,食品,486.25
2810,飲料,487.5
2811,日用品,488.75
2812,家電,490.0
2813,食品,491.25
2814,飲料,492.5
2815,日用品,493.75
2816,家電,495.0
2817,食品,496.25
2818,飲料,497.5
2819,日用品,498.75
2820,家電,500.0
2821,食品,501.25
2822,飲料,502.5
2823,日用品,503.75
2824,家電,505.0
2825,食品,506.25
2826,飲料,507.5
2827,日用品,508.75
2828,家電,510.0
2829,食品,511.25
2830,飲料,512.5
2831,日用品,513.75
2832,家電,515.0
2833,食品,516.25
2834,飲料,517.5
2835,日用品,518.75
2836,家電,520.0
2837,食品,521.25
2838,飲料,522.5
2839,日用品,523.75
2840,家電,525.0
2841,食品,526.25
2842,飲料,527.5
2843,日用品,528.75
2844,家電,530.0
2845,食品,531.25
2846,飲料,532.5
2847,日用品,533.75
2848,家電,535.0
2849,食品,536.25
2850,飲料,537.5
2851,日用品,538.75
2852,家電,540.0
2853,食品,541.25
2854,飲料,542.5
2855,日用品,543.75
2856,家電,545.0
2857,食品,546.25
2858,飲料,547.5
2859,日用品,548.75
2860,家電,550.0
2861,食品,551.25
2862,飲料,552.5
2863,日用品,553.75
2864,家電,555.0
2865,食品,556.25
2866,飲料,557.5
2867,日用品,558.75
2868,家電,560.0
2869,食品,561.25
2870,飲料,562.5
2871,日用品,563.75
2872,家電,565.0
2873,食品,566.25
2874,飲料,567.5
2875,日用品,568.75
2876,家電,570.0
2877,食品,571.25
2878,飲料,572.5
2879,日用品,573.75
2880,家電,575.0
2881,食品,576.25
2882,飲料,577.5
2883,日用品,578.75
2884,家電,580.0
2885,食品,581.25
2886,飲料,582.5
2887,日用品,583.75
2888,家電,585.0
2889,食品,586.25
2890,飲料,587.5
2891,日用品,588.75
2892,家電,590.0
2893,食品,591.25
2894,飲料,592.5
2895,日用品,593.75
2896,家電,595.0
2897,食品,596.25
2898,飲料,597.5
2899,日用品,598.75
2900,家電,600.0
2901,食品,601.25
2902,飲料,602.5
2903,日用品,603.75
2904,家電,605.0
2905,食品,606.25
2906,飲料,607.5
2907,日用品,608.75
2908,家電,610.0
2909,食品,611.25
2910,飲料,612.5
2911,日用品,613.75
2912,家電,615.0
2913,食品,616.25
2914,飲料,617.5
2915,日用品,618.75
2916,家電,620.0
2917,食品,621.25
2918,飲料,622.5
2919,日用品,623.75
2920,家電,625.0
2921,食品,626.25
2922,飲料,627.5
2923,日用品,628.75
2924,家電,630.0
2925,食品,631.25
2926,飲料,632.5
2927,日用品,633.75
2928,家電,635.0
2929,食品,636.25
2930,飲料,637.5
2931,日用品,638.75
2932,家電,640.0
2933,食品,641.25
2934,飲料,642.5
2935,日用品,643.75
2936,家電,645.0
2937,食品,646.25
2938,飲料,647.5
2939,日用品,648.75
2940,家電,650.0
2941,食品,651.25
2942,飲料,652.5
2943,日用品,653.75
2944,家電,655.0
2945,食品,656.25
2946,飲料,657.5
2947,日用品,658.75
2948,家電,660.0
2949,食品,661.25
2950,飲料,662.5
2951,日用品,663.75
2952,家電,665.0
2953,食品,666.25
2954,飲料,667.5
2955,日用品,668.75
2956,家電,670.0
2957,食品,671.25
2958,飲料,672.5
2959,日用品,673.75
2960,家電,675.0
2961,食品,676.25
2962,飲料,677.5
2963,日用品,678.75
2964,家電,680.0
2965,食品,681.25
2966,飲料,682.5
2967,日用品,683.75
2968,家電,685.0
2969,食品,686.25
2970,飲料,687.5
2971,日用品,688.75
2972,家電,690.0
2973,食品,691.25
2974,飲料,692.5
2975,日用品,693.75
2976,家電,695.0
2977,食品,696.25
2978,飲料,697.5
2979,日用品,698.75
2980,家電,700.0
2981,食品,701.25
2982,飲料,702.5
2983,日用品,703.75
2984,家電,705.0
2985,食品,706.25
2986,飲料,707.5
2987,日用品,708.75
2988,家電,710.0
2989,食品,711.25
2990,飲料,712.5
2991,日用品,713.75
2992,家電,715.0
2993,食品,716.25
2994,飲料,717.5
2995,日用品,718.75
2996,家電,720.0
2997,食品,721.25
2998,飲料,722.5
2999,日用品,723.75
3000,家電,100.0
3001,食品,101.25
3002,飲料,102.5
3003,日用品,103.75
3004,家電,105.0
3005,食品,106.25
3006,飲料,107.5
3007,日用品,108.75
3008,家電,110.0
3009,食品,111.25
3010,飲料,112.5
3011,日用品,113.75
3012,家電,115.0
3013,食品,116.25
3014,飲料,117.5
3015,日用品,118.75
3016,家電,120.0
3017,食品,121.25
3018,飲料,122.5
3019,日用品,123.75
3020,家電,125.0
3021,食品,126.25
3022,飲料,127.5
3023,日用品,128.75
3024,家電,130.0
3025,食品,131.25
3026,飲料,132.5
3027,日用品,133.75
3028,家電,135.0
3029,食品,136.25
3030,飲料,137.5
3031,日用品,138.75
3032,家電,140.0
3033,食品,141.25
3034,飲料,142.5
3035,日用品,143.75
3036,家電,145.0
3037,食品,146.25
3038,飲料,147.5
3039,日用品,148.75
3040,家電,150.0
3041,食品,151.25
3042,飲料,152.5
3043,日用品,153.75
3044,家電,155.0
3045,食品,156.25
3046,飲料,157.5
3047,日用品,158.75
3048,家電,160.0
3049,食品,161.25
3050,飲料,162.5
3051,日用品,163.75
3052,家電,165.0
3053,食品,166.25
3054,飲料,167.5
3055,日用品,168.75
3056,家電,170.0
3057,食品,171.25
3058,飲料,172.5
3059,日用品,173.75
3060,家電,175.0
3061,食品,176.25
3062,飲料,177.5
3063,日用品,178.75
3064,家電,180.0
3065,食品,181.25
3066,飲料,182.5
3067,日用品,183.75
3068,家電,185.0
3069,食品,186.25
3070,飲料,187.5
3071,日用品,188.75
3072,家電,190.0
3073,食品,191.25
3074,飲料,192.5
3075,日用品,193.75
3076,家電,195.0
3077,食品,196.25
3078,飲料,197.5
3079,日用品,198.75
3080,家電,200.0
3081,食品,201.25
3082,飲料,202.5
3083,日用品,203.75
3084,家電,205.0
3085,食品,206.25
3086,飲料,207.5
3087,日用品,208.75
3088,家電,210.0
3089,食品,211.25
3090,飲料,212.5
3091,日用品,213.75
3092,家電,215.0
3093,食品,216.25
3094,飲料,217.5
3095,日用品,218.75
3096,家電,220.0
3097,食品,221.25
3098,飲料,222.5
3099,日用品,223.75
3100,家電,225.0
3101,食品,226.25
3102,飲料,227.5
3103,日用品,228.75
3104,家電,230.0
3105,食品,231.25
3106,飲料,232.5
3107,日用品,233.75
3108,家電,235.0
3109,食品,236.25
3110,飲料,237.5
3111,日用品,238.75
3112,家電,240.0
3113,食品,241.25
3114,飲料,242.5
3115,日用品,243.75
3116,家電,245.0
3117,食品,246.25
3118,飲料,247.5
3119,日用品,248.75
3120,家電,250.0
3121,食品,251.25
3122,飲料,252.5
3123,日用品,253.75
3124,家電,255.0
3125,食品,256.25
3126,飲料,257.5
3127,日用品,258.75
3128,家電,260.0
3129,食品,261.25
3130,飲料,262.5
3131,日用品,263.75
3132,家電,265.0
3133,食品,266.25
3134,飲料,267.5
3135,日用品,268.75
3136,家電,270.0
3137,食品,271.25
3138,飲料,272.5
3139,日用品,273.75
3140,家電,275.0
3141,食品,276.25
3142,飲料,277.5
3143,日用品,278.75
3144,家電,280.0
3145,食品,281.25
3146,飲料,282.5
3147,日用品,283.75
3148,家電,285.0
3149,食品,286.25
3150,飲料,287.5
3151,日用品,288.75
3152,家電,290.0
3153,食品,291.25
3154,飲料,292.5
3155,日用品,293.75
3156,家電,295.0
3157,食品,296.25
3158,飲料,297.5
3159,日用品,298.75
3160,家電,300.0
3161,食品,301.25
3162,飲料,302.5
3163,日用品,303.75
3164,家電,305.0
3165,食品,306.25
3166,飲料,307.5
3167,日用品,308.75
3168,家電,310.0
3169,食品,311.25
3170,飲料,312.5
3171,日用品,313.75
3172,家電,315.0
3173,食品,316.25
3174,飲料,317.5
3175,日用品,318.75
3176,家電,320.0
3177,食品,321.25
3178,飲料,322.5
3179,日用品,323.75
3180,家電,325.0
3181,食品,326.25
3182,飲料,327.5
3183,日用品,328.75
3184,家電,330.0
3185,食品,331.25
3186,飲料,332.5
3187,日用品,333.75
3188,家電,335.0
3189,食品,336.25
3190,飲料,337.5
3191,日用品,338.75
3192,家電,340.0
3193,食品,341.25
3194,飲料,342.5
3195,日用品,343.75
3196,家電,345.0
3197,食品,346.25
3198,飲料,347.5
3199,日用品,348.75
3200,家電,350.0
3201,食品,351.25
3202,飲料,352.5
3203,日用品,353.75
3204,家電,355.0
3205,食品,356.25
3206,飲料,357.5
3207,日用品,358.75
3208,家電,360.0
3209,食品,361.25
3210,飲料,362.5
3211,日用品,363.75
3212,家電,365.0
3213,食品,366.25
3214,飲料,367.5
3215,日用品,368.75
3216,家電,370.0
3217,食品,371.25
3218,飲料,372.5
3219,日用品,373.75
3220,家電,375.0
3221,食品,376.25
3222,飲料,377.5
3223,日用品,378.75
3224,家電,380.0
3225,食品,381.25
3226,飲料,382.5
3227,日用品,383.75
3228,家電,385.0
3229,食品,386.25
3230,飲料,387.5
3231,日用品,388.75
3232,家電,390.0
3233,食品,391.25
3234,飲料,392.5
3235,日用品,393.75
3236,家電,395.0
3237,食品,396.25
3238,飲料,397.5
3239,日用品,398.75
3240,家電,400.0
3241,食品,401.25
3242,飲料,402.5
3243,日用品,403.75
3244,家電,405.0
3245,食品,406.25
3246,飲料,407.5
3247,日用品,408.75
3248,家電,410.0
3249,食品,411.25
3250,飲料,412.5
3251,日用品,413.75
3252,家電,415.0
3253,食品,416.25
3254,飲料,417.5
3255,日用品,418.75
3256,家電,420.0
3257,食品,421.25
3258,飲料,422.5
3259,日用品,423.75
3260,家電,425.0
3261,食品,426.25
3262,飲料,427.5
3263,日用品,428.75
3264,家電,430.0
3265,食品,431.25
3266,飲料,432.5
3267,日用品,433.75
3268,家電,435.0
3269,食品,436.25
3270,飲料,437.5
3271,日用品,438.75
3272,家電,440.0
3273,食品,441.25
3274,飲料,442.5
3275,日用品,443.75
3276,家電,445.0
3277,食品,446.25
3278,飲料,447.5
3279,日用品,448.75
3280,家電,450.0
3281,食品,451.25
3282,飲料,452.5
3283,日用品,453.75
3284,家電,455.0
3285,食品,456.25
3286,飲料,457.5
3287,日用品,458.75
3288,家電,460.0
3289,食品,461.25
3290,飲料,462.5
3291,日用品,463.75
3292,家電,465.0
3293,食品,466.25
3294,飲料,467.5
3295,日用品,468.75
3296,家電,470.0
3297,食品,471.25
3298,飲料,472.5
3299,日用品,473.75
3300,家電,475.0
3301,食品,476.25
3302,飲料,477.5
3303,日用品,478.75
3304,家電,480.0
3305,食品,481.25
3306,飲料,482.5
3307,日用品,483.75
3308,家電,485.0
3309,食品,486.25
3310,飲料,487.5
3311,日用品,488.75
3312,家電,490.0
3313,食品,491.25
3314,飲料,492.5
3315,日用品,493.75
3316,家電,495.0
3317,食品,496.25
3318,飲料,497.5
3319,日用品,498.75
3320,家電,500.0
3321,食品,501.25
3322,飲料,502.5
3323,日用品,503.75
3324,家電,505.0
3325,食品,506.25
3326,飲料,507.5
3327,日用品,508.75
3328,家電,510.0
3329,食品,511.25
3330,飲料,512.5
3331,日用品,513.75
3332,家電,515.0
3333,食品,516.25
3334,飲料,517.5
3335,日用品,518.75
3336,家電,520.0
3337,食品,521.25
3338,飲料,522.5
3339,日用品,523.75
3340,家電,525.0
3341,食品,526.25
3342,飲料,527.5
3343,日用品,528.75
3344,家電,530.0
3345,食品,531.25
3346,飲料,532.5
3347,日用品,533.75
3348,家電,535.0
3349,食品,536.25
3350,飲料,537.5
3351,日用品,538.75
3352,家電,540.0
3353,食品,541.25
3354,飲料,542.5
3355,日用品,543.75
3356,家電,545.0
3357,食品,546.25
3358,飲料,547.5
3359,日用品,548.75
3360,家電,550.0
3361,食品,551.25
3362,飲料,552.5
3363,日用品,553.75
3364,家電,555.0
3365,食品,556.25
3366,飲料,557.5
3367,日用品,558.75
3368,家電,560.0
3369,食品,561.25
3370,飲料,562.5
3371,日用品,563.75
3372,家電,565.0
3373,食品,566.25
3374,飲料,567.5
3375,日用品,568.75
3376,家電,570.0
3377,食品,571.25
3378,飲料,572.5
3379,日用品,573.75
3380,家電,575.0
3381,食品,576.25
3382,飲料,577.5
3383,日用品,578.75
3384,家電,580.0
3385,食品,581.25
3386,飲料,582.5
3387,日用品,583.75
3388,家電,585.0
3389,食品,586.25
3390,飲料,587.5
3391,日用品,588.75
3392,家電,590.0
3393,食品,591.25
3394,飲料,592.5
3395,日用品,593.75
3396,家電,595.0
3397,食品,596.25
3398,飲料,597.5
3399,日用品,598.75
3400,家電,600.0
3401,食品,601.25
3402,飲料,602.5
3403,日用品,603.75
3404,家電,605.0
3405,食品,606.25
3406,飲料,607.5
3407,日用品,608.75
3408,家電,610.0
3409,食品,611.25
3410,飲料,612.5
3411,日用品,613.75
3412,家電,615.0
3413,食品,616.25
3414,飲料,617.5
3415,日用品,618.75
3416,家電,620.0
3417,食品,621.25
3418,飲料,622.5
3419,日用品,623.75
3420,家電,625.0
3421,食品,626.25
3422,飲料,627.5
3423,日用品,628.75
3424,家電,630.0
3425,食品,631.25
3426,飲料,632.5
3427,日用品,633.75
3428,家電,635.0
3429,食品,636.25
3430,飲料,637.5
3431,日用品,638.75
3432,家電,640.0
3433,食品,641.25
3434,飲料,642.5
3435,日用品,643.75
3436,家電,645.0
3437,食品,646.25
3438,飲料,647.5
3439,日用品,648.75
3440,家電,650.0
3441,食品,651.25
3442,飲料,652.5
3443,日用品,653.75
3444,家電,655.0
3445,食品,656.25
3446,飲料,657.5
3447,日用品,658.75
3448,家電,660.0
3449,食品,661.25
3450,飲料,662.5
3451,日用品,663.75
3452,家電,665.0
3453,食品,666.25
3454,飲料,667.5
3455,日用品,668.75
3456,家電,670.0
3457,食品,671.25
3458,飲料,672.5
3459,日用品,673.75
3460,家電,675.0
3461,食品,676.25
3462,飲料,677.5
3463,日用品,678.75
3464,家電,680.0
3465,食品,681.25
3466,飲料,682.5
3467,日用品,683.75
3468,家電,685.0
3469,食品,686.25
3470,飲料,687.5
3471,日用品,688.75
3472,家電,690.0
3473,食品,691.25
3474,飲料,692.5
3475,日用品,693.75
3476,家電,695.0
3477,食品,696.25
3478,飲料,697.5
3479,日用品,698.75
3480,家電,700.0
3481,食品,701.25
3482,飲料,702.5
3483,日用品,703.75
3484,家電,705.0
3485,食品,706.25
3486,飲料,707.5
3487,日用品,708.75
3488,家電,710.0
3489,食品,711.25
3490,飲料,712.5
3491,日用品,713.75
3492,家電,715.0
3493,食品,716.25
3494,飲料,717.5
3495,日用品,718.75
3496,家電,720.0
3497,食品,721.25
3498,飲料,722.5
3499,日用品,723.75
3500,家電,100.0
3501,食品,101.25
3502,飲料,102.5
3503,日用品,103.75
3504,家電,105.0
3505,食品,106.25
3506,飲料,107.5
3507,日用品,108.75
3508,家電,110.0
3509,食品,111.25
3510,飲料,112.5
3511,日用品,113.75
3512,家電,115.0
3513,食品,116.25
3514,飲料,117.5
3515,日用品,118.75
3516,家電,120.0
3517,食品,121.25
3518,飲料,122.5
3519,日用品,123.75
3520,家電,125.0
3521,食品,126.25
3522,飲料,127.5
3523,日用品,128.75
3524,家電,130.0
3525,食品,131.25
3526,飲料,132.5
3527,日用品,133.75
3528,家電,135.0
3529,食品,136.25
3530,飲料,137.5
3531,日用品,138.75
3532,家電,140.0
3533,食品,141.25
3534,飲料,142.5
3535,日用品,143.75
3536,家電,145.0
3537,食品,146.25
3538,飲料,147.5
3539,日用品,148.75
3540,家電,150.0
3541,食品,151.25
3542,飲料,152.5
3543,日用品,153.75
3544,家電,155.0
3545,食品,156.25
3546,飲料,157.5
3547,日用品,158.75
3548,家電,160.0
3549,食品,161.25
3550,飲料,162.5
3551,日用品,163.75
3552,家電,165.0
3553,食品,166.25
3554,飲料,167.5
3555,日用品,168.75
3556,家電,170.0
3557,食品,171.25
3558,飲料,172.5
3559,日用品,173.75
3560,家電,175.0
3561,食品,176.25
3562,飲料,177.5
3563,日用品,178.75
3564,家電,180.0
3565,食品,181.25
3566,飲料,182.5
3567,日用品,183.75
3568,家電,185.0
3569,食品,186.25
3570,飲料,187.5
3571,日用品,188.75
3572,家電,190.0
3573,食品,191.25
3574,飲料,192.5
3575,日用品,193.75
3576,家電,195.0
3577,食品,196.25
3578,飲料,197.5
3579,日用品,198.75
3580,家電,200.0
3581,食品,201.25
3582,飲料,202.5
3583,日用品,203.75
3584,家電,205.0
3585,食品,206.25
3586,飲料,207.5
3587,日用品,208.75
3588,家電,210.0
3589,食品,211.25
3590,飲料,212.5
3591,日用品,213.75
3592,家電,215.0
3593,食品,216.25
3594,飲料,217.5
3595,日用品,218.75
3596,家電,220.0
3597,食品,221.25
3598,飲料,222.5
3599,日用品,223.75
3600,家電,225.0
3601,食品,226.25
3602,飲料,227.5
3603,日用品,228.75
3604,家電,230.0
3605,食品,231.25
3606,飲料,232.5
3607,日用品,233.75
3608,家電,235.0
3609,食品,236.25
3610,飲料,237.5
3611,日用品,238.75
3612,家電,240.0
3613,食品,241.25
3614,飲料,242.5
3615,日用品,243.75
3616,家電,245.0
3617,食品,246.25
3618,飲料,247.5
3619,日用品,248.75
3620,家電,250.0
3621,食品,251.25
3622,飲料,252.5
3623,日用品,253.75
3624,家電,255.0
3625,食品,256.25
3626,飲料,257.5
3627,日用品,258.75
3628,家電,260.0
3629,食品,261.25
3630,飲料,262.5
3631,日用品,263.75
3632,家電,265.0
3633,食品,266.25
3634,飲料,267.5
3635,日用品,268.75
3636,家電,270.0
3637,食品,271.25
3638,飲料,272.5
3639,日用品,273.75
3640,家電,275.0
3641,食品,276.25
3642,飲料,277.5
3643,日用品,278.75
3644,家電,280.0
3645,食品,281.25
3646,飲料,282.5
3647,日用品,283.75
3648,家電,285.0
3649,食品,286.25
3650,飲料,287.5
3651,日用品,288.75
3652,家電,290.0
3653,食品,291.25
3654,飲料,292.5
3655,日用品,293.75
3656,家電,295.0
3657,食品,296.25
3658,飲料,297.5
3659,日用品,298.75
3660,家電,300.0
3661,食品,301.25
3662,飲料,302.5
3663,日用品,303.75
3664,家電,305.0
3665,食品,306.25
3666,飲料,307.5
3667,日用品,308.75
3668,家電,310.0
3669,食品,311.25
3670,飲料,312.5
3671,日用品,313.75
3672,家電,315.0
3673,食品,316.25
3674,飲料,317.5
3675,日用品,318.75
3676,家電,320.0
3677,食品,321.25
3678,飲料,322.5
3679,日用品,323.75
3680,家電,325.0
3681,食品,326.25
3682,飲料,327.5
3683,日用品,328.75
3684,家電,330.0
3685,食品,331.25
3686,飲料,332.5
3687,日用品,333.75
3688,家電,335.0
3689,食品,336.25
3690,飲料,337.5
3691,日用品,338.75
3692,家電,340.0
3693,食品,341.25
3694,飲料,342.5
3695,日用品,343.75
3696,家電,345.0
3697,食品,346.25
3698,飲料,347.5
3699,日用品,348.75
3700,家電,350.0
3701,食品,351.25
3702,飲料,352.5
3703,日用品,353.75
3704,家電,355.0
3705,食品,356.25
3706,飲料,357.5
3707,日用品,358.75
3708,家電,360.0
3709,食品,361.25
3710,飲料,362.5
3711,日用品,363.75
3712,家電,365.0
3713,食品,366.25
3714,飲料,367.5
3715,日用品,368.75
3716,家電,370.0
3717,食品,371.25
3718,飲料,372.5
3719,日用品,373.75
3720,家電,375.0
3721,食品,376.25
3722,飲料,377.5
3723,日用品,378.75
3724,家電,380.0
3725,食品,381.25
3726,飲料,382.5
3727,日用品,383.75
3728,家電,385.0
3729,食品,386.25
3730,飲料,387.5
3731,日用品,388.75
3732,家電,390.0
3733,食品,391.25
3734,飲料,392.5
3735,日用品,393.75
3736,家電,395.0
3737,食品,396.25
3738,飲料,397.5
3739,日用品,398.75
3740,家電,400.0
3741,食品,401.25
3742,飲料,402.5
3743,日用品,403.75
3744,家電,405.0
3745,食品,406.25
3746,飲料,407.5
3747,日用品,408.75
3748,家電,410.0
3749,食品,411.25
3750,飲料,412.5
3751,日用品,413.75
3752,家電,415.0
3753,食品,416.25
3754,飲料,417.5
3755,日用品,418.75
3756,家電,420.0
3757,食品,421.25
3758,飲料,422.5
3759,日用品,423.75
3760,家電,425.0
3761,食品,426.25
3762,飲料,427.5
3763,日用品,428.75
3764,家電,430.0
3765,食品,431.25
3766,飲料,432.5
3767,日用品,433.75
3768,家電,435.0
3769,食品,436.25
3770,飲料,437.5
3771,日用品,438.75
3772,家電,440.0
3773,食品,441.25
3774,飲料,442.5
3775,日用品,443.75
3776,家電,445.0
3777,食品,446.25
3778,飲料,447.5
3779,日用品,448.75
3780,家電,450.0
3781,食品,451.25
3782,飲料,452.5
3783,日用品,453.75
3784,家電,455.0
3785,食品,456.25
3786,飲料,457.5
3787,日用品,458.75
3788,家電,460.0
3789,食品,461.25
3790,飲料,462.5
3791,日用品,463.75
3792,家電,465.0
3793,食品,466.25
3794,飲料,467.5
3795,日用品,468.75
3796,家電,470.0
3797,食品,471.25
3798,飲料,472.5
3799,日用品,473.75
3800,家電,475.0
3801,食品,476.25
3802,飲料,477.5
3803,日用品,478.75
3804,家電,480.0
3805,食品,481.25
3806,飲料,482.5
3807,日用品,483.75
3808,家電,485.0
3809,食品,486.25
3810,飲料,487.5
3811,日用品,488.75
3812,家電,490.0
3813,食品,491.25
3814,飲料,492.5
3815,日用品,493.75
3816,家電,495.0
3817,食品,496.25
3818,飲料,497.5
3819,日用品,498.75
3820,家電,500.0
3821,食品,501.25
3822,飲料,502.5
3823,日用品,503.75
3824,家電,505.0
3825,食品,506.25
3826,飲料,507.5
3827,日用品,508.75
3828,家電,510.0
3829,食品,511.25
3830,飲料,512.5
3831,日用品,513.75
3832,家電,515.0
3833,食品,516.25
3834,飲料,517.5
3835,日用品,518.75
3836,家電,520.0
3837,食品,521.25
3838,飲料,522.5
3839,日用品,523.75
3840,家電,525.0
3841,食品,526.25
3842,飲料,527.5
3843,日用品,528.75
3844,家電,530.0
3845,食品,531.25
3846,飲料,532.5
3847,日用品,533.75
3848,家電,535.0
3849,食品,536.25
3850,飲料,537.5
3851,日用品,538.75
3852,家電,540.0
3853,食品,541.25
3854,飲料,542.5
3855,日用品,543.75
3856,家電,545.0
3857,食品,546.25
3858,飲料,547.5
3859,日用品,548.75
3860,家電,550.0
3861,食品,551.25
3862,飲料,552.5
3863,日用品,553.75
3864,家電,555.0
3865,食品,556.25
3866,飲料,557.5
3867,日用品,558.75
3868,家電,560.0
3869,食品,561.25
3870,飲料,562.5
3871,日用品,563.75
3872,家電,565.0
3873,食品,566.25
3874,飲料,567.5
3875,日用品,568.75
3876,家電,570.0
3877,食品,571.25
3878,飲料,572.5
3879,日用品,573.75
3880,家電,575.0
3881,食品,576.25
3882,飲料,577.5
3883,日用品,578.75
3884,家電,580.0
3885,食品,581.25
3886,飲料,582.5
3887,日用品,583.75
3888,家電,585.0
3889,食品,586.25
3890,飲料,587.5
3891,日用品,588.75
3892,家電,590.0
3893,食品,591.25
3894,飲料,592.5
3895,日用品,593.75
3896,家電,595.0
3897,食品,596.25
3898,飲料,597.5
3899,日用品,598.75
3900,家電,600.0
3901,食品,601.25
3902,飲料,602.5
3903,日用品,603.75
3904,家電,605.0
3905,食品,606.25
3906,飲料,607.5
3907,日用品,608.75
3908,家電,610.0
3909,食品,611.25
3910,飲料,612.5
3911,日用品,613.75
3912,家電,615.0
3913,食品,616.25
3914,飲料,617.5
3915,日用品,618.75
3916,家電,620.0
3917,食品,621.25
3918,飲料,622.5
3919,日用品,623.75
3920,家電,625.0
3921,食品,626.25
3922,飲料,627.5
3923,日用品,628.75
3924,家電,630.0
3925,食品,631.25
3926,飲料,632.5
3927,日用品,633.75
3928,家電,635.0
3929,食品,636.25
3930,飲料,637.5
3931,日用品,638.75
3932,家電,640.0
3933,食品,641.25
3934,飲料,642.5
3935,日用品,643.75
3936,家電,645.0
3937,食品,646.25
3938,飲料,647.5
3939,日用品,648.75
3940,家電,650.0
3941,食品,651.25
3942,飲料,652.5
3943,日用品,653.75
3944,家電,655.0
3945,食品,656.25
3946,飲料,657.5
3947,日用品,658.75
3948,家電,660.0
3949,食品,661.25
3950,飲料,662.5
3951,日用品,663.75
3952,家電,665.0
3953,食品,666.25
3954,飲料,667.5
3955,日用品,668.75
3956,家電,670.0
3957,食品,671.25
3958,飲料,672.5
3959,日用品,673.75
3960,家電,675.0
3961,食品,676.25
3962,飲料,677.5
3963,日用品,678.75
3964,家電,680.0
3965,食品,681.25
3966,飲料,682.5
3967,日用品,683.75
3968,家電,685.0
3969,食品,686.25
3970,飲料,687.5
3971,日用品,688.75
3972,家電,690.0
3973,食品,691.25
3974,飲料,692.5
3975,日用品,693.75
3976,家電,695.0
3977,食品,696.25
3978,飲料,697.5
3979,日用品,698.75
3980,家電,700.0
3981,食品,701.25
3982,飲料,702.5
3983,日用品,703.75
3984,家電,705.0
3985,食品,706.25
3986,飲料,707.5
3987,日用品,708.75
3988,家電,710.0
3989,食品,711.25
3990,飲料,712.5
3991,日用品,713.75
3992,家電,715.0
3993,食品,716.25
3994,飲料,717.5
3995,日用品,718.75
3996,家電,720.0
3997,食品,721.25
3998,飲料,722.5
3999,日用品,723.75
4000,家電,100.0
4001,食品,101.25
4002,飲料,102.5
4003,日用品,103.75
4004,家電,105.0
4005,食品,106.25
4006,飲料,107.5
4007,日用品,108.75
4008,家電,110.0
4009,食品,111.25
4010,飲料,112.5
4011,日用品,113.75
4012,家電,115.0
4013,食品,116.25
4014,飲料,117.5
4015,日用品,118.75
4016,家電,120.0
4017,食品,121.25
4018,飲料,122.5
4019,日用品,123.75
4020,家電,125.0
4021,食品,126.25
4022,飲料,127.5
4023,日用品,128.75
4024,家電,130.0
4025,食品,131.25
4026,飲料,132.5
4027,日用品,133.75
4028,家電,135.0
4029,食品,136.25
4030,飲料,137.5
4031,日用品,138.75
4032,家電,140.0
4033,食品,141.25
4034,飲料,142.5
4035,日用品,143.75
4036,家電,145.0
4037,食品,146.25
4038,飲料,147.5
4039,日用品,148.75
4040,家電,150.0
4041,食品,151.25
4042,飲料,152.5
4043,日用品,153.75
4044,家電,155.0
4045,食品,156.25
4046,飲料,157.5
4047,日用品,158.75
4048,家電,160.0
4049,食品,161.25
4050,飲料,162.5
4051,日用品,163.75
4052,家電,165.0
4053,食品,166.25
4054,飲料,167.5
4055,日用品,168.75
4056,家電,170.0
4057,食品,171.25
4058,飲料,172.5
4059,日用品,173.75
4060,家電,175.0
4061,食品,176.25
4062,飲料,177.5
4063,日用品,178.75
4064,家電,180.0
4065,食品,181.25
4066,飲料,182.5
4067,日用品,183.75
4068,家電,185.0
4069,食品,186.25
4070,飲料,187.5
4071,日用品,188.75
4072,家電,190.0
4073,食品,191.25
4074,飲料,192.5
4075,日用品,193.75
4076,家電,195.0
4077,食品,196.25
4078,飲料,197.5
4079,日用品,198.75
4080,家電,200.0
4081,食品,201.25
4082,飲料,202.5
4083,日用品,203.75
4084,家電,205.0
4085,食品,206.25
4086,飲料,207.5
4087,日用品,208.75
4088,家電,210.0
4089,食品,211.25
4090,飲料,212.5
4091,日用品,213.75
4092,家電,215.0
4093,食品,216.25
4094,飲料,217.5
4095,日用品,218.75
4096,家電,220.0
4097,食品,221.25
4098,飲料,222.5
4099,日用品,223.75
4100,家電,225.0
4101,食品,226.25
4102,飲料,227.5
4103,日用品,228.75
4104,家電,230.0
4105,食品,231.25
4106,飲料,232.5
4107,日用品,233.75
4108,家電,235.0
4109,食品,236.25
4110,飲料,237.5
4111,日用品,238.75
4112,家電,240.0
4113,食品,241.25
4114,飲料,242.5
4115,日用品,243.75
4116,家電,245.0
4117,食品,246.25
4118,飲料,247.5
4119,日用品,248.75
4120,家電,250.0
4121,食品,251.25
4122,飲料,252.5
4123,日用品,253.75
4124,家電,255.0
4125,食品,256.25
4126,飲料,257.5
4127,日用品,258.75
4128,家電,260.0
4129,食品,261.25
4130,飲料,262.5
4131,日用品,263.75
4132,家電,265.0
4133,食品,266.25
4134,飲料,267.5
4135,日用品,268.75
4136,家電,270.0
4137,食品,271.25
4138,飲料,272.5
4139,日用品,273.75
4140,家電,275.0
4141,食品,276.25
4142,飲料,277.5
4143,日用品,278.75
4144,家電,280.0
4145,食品,281.25
4146,飲料,282.5
4147,日用品,283.75
4148,家電,285.0
4149,食品,286.25
4150,飲料,287.5
4151,日用品,288.75
4152,家電,290.0
4153,食品,291.25
4154,飲料,292.5
4155,日用品,293.75
4156,家電,295.0
4157,食品,296.25
4158,飲料,297.5
4159,日用品,298.75
4160,家電,300.0
4161,食品,301.25
4162,飲料,302.5
4163,日用品,303.75
4164,家電,305.0
4165,食品,306.25
4166,飲料,307.5
4167,日用品,308.75
4168,家電,310.0
4169,食品,311.25
4170,飲料,312.5
4171,日用品,313.75
4172,家電,315.0
4173,食品,316.25
4174,飲料,317.5
4175,日用品,318.75
4176,家電,320.0
4177,食品,321.25
4178,飲料,322.5
4179,日用品,323.75
4180,家電,325.0
4181,食品,326.25
4182,飲料,327.5
4183,日用品,328.75
4184,家電,330.0
4185,食品,331.25
4186,飲料,332.5
4187,日用品,333.75
4188,家電,335.0
4189,食品,336.25
4190,飲料,337.5
4191,日用品,338.75
4192,家電,340.0
4193,食品,341.25
4194,飲料,342.5
4195,日用品,343.75
4196,家電,345.0
4197,食品,346.25
4198,飲料,347.5
4199,日用品,348.75
4200,家電,350.0
4201,食品,351.25
4202,飲料,352.5
4203,日用品,353.75
4204,家電,355.0
4205,食品,356.25
4206,飲料,357.5
4207,日用品,358.75
4208,家電,360.0
4209,食品,361.25
4210,飲料,362.5
4211,日用品,363.75
4212,家電,365.0
4213,食品,366.25
4214,飲料,367.5
4215,日用品,368.75
4216,家電,370.0
4217,食品,371.25
4218,飲料,372.5
4219,日用品,373.75
4220,家電,375.0
4221,食品,376.25
4222,飲料,377.5
4223,日用品,378.75
4224,家電,380.0
4225,食品,381.25
4226,飲料,382.5
4227,日用品,383.75
4228,家電,385.0
4229,食品,386.25
4230,飲料,387.5
4231,日用品,388.75
4232,家電,390.0
4233,食品,391.25
4234,飲料,392.5
4235,日用品,393.75
4236,家電,395.0
4237,食品,396.25
4238,飲料,397.5
4239,日用品,398.75
4240,家電,400.0
4241,食品,401.25
4242,飲料,402.5
4243,日用品,403.75
4244,家電,405.0
4245,食品,406.25
4246,飲料,407.5
4247,日用品,408.75
4248,家電,410.0
4249,食品,411.25
4250,飲料,412.5
4251,日用品,413.75
4252,家電,415.0
4253,食品,416.25
4254,飲料,417.5
4255,日用品,418.75
4256,家電,420.0
4257,食品,421.25
4258,飲料,422.5
4259,日用品,423.75
4260,家電,425.0
4261,食品,426.25
4262,飲料,427.5
4263,日用品,428.75
4264,家電,430.0
4265,食品,431.25
4266,飲料,432.5
4267,日用品,433.75
4268,家電,435.0
4269,食品,436.25
4270,飲料,437.5
4271,日用品,438.75
4272,家電,440.0
4273,食品,441.25
4274,飲料,442.5
4275,日用品,443.75
4276,家電,445.0
4277,食品,446.25
4278,飲料,447.5
4279,日用品,448.75
4280,家電,450.0
4281,食品,451.25
4282,飲料,452.5
4283,日用品,453.75
4284,家電,455.0
4285,食品,456.25
4286,飲料,457.5
4287,日用品,458.75
4288,家電,460.0
4289,食品,461.25
4290,飲料,462.5
4291,日用品,463.75
4292,家電,465.0
4293,食品,466.25
4294,飲料,467.5
4295,日用品,468.75
4296,家電,470.0
4297,食品,471.25
4298,飲料,472.5
4299,日用品,473.75
4300,家電,475.0
4301,食品,476.25
4302,飲料,477.5
4303,日用品,478.75
4304,家電,480.0
4305,食品,481.25
4306,飲料,482.5
4307,日用品,483.75
4308,家電,485.0
4309,食品,486.25
4310,飲料,487.5
4311,日用品,488.75
4312,家電,490.0
4313,食品,491.25
4314,飲料,492.5
4315,日用品,493.75
4316,家電,495.0
4317,食品,496.25
4318,飲料,497.5
4319,日用品,498.75
4320,家電,500.0
4321,食品,501.25
4322,飲料,502.5
4323,日用品,503.75
4324,家電,505.0
4325,食品,506.25
4326,飲料,507.5
4327,日用品,508.75
4328,家電,510.0
4329,食品,511.25
4330,飲料,512.5
4331,日用品,513.75
4332,家電,515.0
4333,食品,516.25
4334,飲料,517.5
4335,日用品,518.75
4336,家電,520.0
4337,食品,521.25
4338,飲料,522.5
4339,日用品,523.75
4340,家電,525.0
4341,食品,526.25
4342,飲料,527.5
4343,日用品,528.75
4344,家電,530.0
4345,食品,531.25
4346,飲料,532.5
4347,日用品,533.75
4348,家電,535.0
4349,食品,536.25
4350,飲料,537.5
4351,日用品,538.75
4352,家電,540.0
4353,食品,541.25
4354,飲料,542.5
4355,日用品,543.75
4356,家電,545.0
4357,食品,546.25
4358,飲料,547.5
4359,日用品,548.75
4360,家電,550.0
4361,食品,551.25
4362,飲料,552.5
4363,日用品,553.75
4364,家電,555.0
4365,食品,556.25
4366,飲料,557.5
4367,日用品,558.75
4368,家電,560.0
4369,食品,561.25
4370,飲料,562.5
4371,日用品,563.75
4372,家電,565.0
4373,食品,566.25
4374,飲料,567.5
4375,日用品,568.75
4376,家電,570.0
4377,食品,571.25
4378,飲料,572.5
4379,日用品,573.75
4380,家電,575.0
4381,食品,576.25
4382,飲料,577.5
4383,日用品,578.75
4384,家電,580.0
4385,食品,581.25
4386,飲料,582.5
4387,日用品,583.75
4388,家電,585.0
4389,食品,586.25
4390,飲料,587.5
4391,日用品,588.75
4392,家電,590.0
4393,食品,591.25
4394,飲料,592.5
4395,日用品,593.75
4396,家電,595.0
4397,食品,596.25
4398,飲料,597.5
4399,日用品,598.75
4400,家電,600.0
4401,食品,601.25
4402,飲料,602.5
4403,日用品,603.75
4404,家電,605.0
4405,食品,606.25
4406,飲料,607.5
4407,日用品,608.75
4408,家電,610.0
4409,食品,611.25
4410,飲料,612.5
4411,日用品,613.75
4412,家電,615.0
4413,食品,616.25
4414,飲料,617.5
4415,日用品,618.75
4416,家電,620.0
4417,食品,621.25
4418,飲料,622.5
4419,日用品,623.75
4420,家電,625.0
4421,食品,626.25
4422,飲料,627.5
4423,日用品,628.75
4424,家電,630.0
4425,食品,631.25
4426,飲料,632.5
4427,日用品,633.75
4428,家電,635.0
4429,食品,636.25
4430,飲料,637.5
4431,日用品,638.75
4432,家電,640.0
4433,食品,641.25
4434,飲料,642.5
4435,日用品,643.75
4436,家電,645.0
4437,食品,646.25
4438,飲料,647.5
4439,日用品,648.75
4440,家電,650.0
4441,食品,651.25
4442,飲料,652.5
4443,日用品,653.75
4444,家電,655.0
4445,食品,656.25
4446,飲料,657.5
4447,日用品,658.75
4448,家電,660.0
4449,食品,661.25
4450,飲料,662.5
4451,日用品,663.75
4452,家電,665.0
4453,食品,666.25
4454,飲料,667.5
4455,日用品,668.75
4456,家電,670.0
4457,食品,671.25
4458,飲料,672.5
4459,日用品,673.75
4460,家電,675.0
4461,食品,676.25
4462,飲料,677.5
4463,日用品,678.75
4464,家電,680.0
4465,食品,681.25
4466,飲料,682.5
4467,日用品,683.75
4468,家電,685.0
4469,食品,686.25
4470,飲料,687.5
4471,日用品,688.75
4472,家電,690.0
4473,食品,691.25
4474,飲料,692.5
4475,日用品,693.75
4476,家電,695.0
4477,食品,696.25
4478,飲料,697.5
4479,日用品,698.75
4480,家電,700.0
4481,食品,701.25
4482,飲料,702.5
4483,日用品,703.75
4484,家電,705.0
4485,食品,706.25
4486,飲料,707.5
4487,日用品,708.75
4488,家電,710.0
4489,食品,711.25
4490,飲料,712.5
4491,日用品,713.75
4492,家電,715.0
4493,食品,716.25
4494,飲料,717.5
4495,日用品,718.75
4496,家電,720.0
4497,食品,721.25
4498,飲料,722.5
4499,日用品,723.75
4500,家電,100.0
4501,食品,101.25
4502,飲料,102.5
4503,日用品,103.75
4504,家電,105.0
4505,食品,106.25
4506,飲料,107.5
4507,日用品,108.75
4508,家電,110.0
4509,食品,111.25
4510,飲料,112.5
4511,日用品,113.75
4512,家電,115.0
4513,食品,116.25
4514,飲料,117.5
4515,日用品,118.75
4516,家電,120.0
4517,食品,121.25
4518,飲料,122.5
4519,日用品,123.75
4520,家電,125.0
4521,食品,126.25
4522,飲料,127.5
4523,日用品,128.75
4524,家電,130.0
4525,食品,131.25
4526,飲料,132.5
4527,日用品,133.75
4528,家電,135.0
4529,食品,136.25
4530,飲料,137.5
4531,日用品,138.75
4532,家電,140.0
4533,食品,141.25
4534,飲料,142.5
4535,日用品,143.75
4536,家電,145.0
4537,食品,146.25
4538,飲料,147.5
4539,日用品,148.75
4540,家電,150.0
4541,食品,151.25
4542,飲料,152.5
4543,日用品,153.75
4544,家電,155.0
4545,食品,156.25
4546,飲料,157.5
4547,日用品,158.75
4548,家電,160.0
4549,食品,161.25
4550,飲料,162.5
4551,日用品,163.75
4552,家電,165.0
4553,食品,166.25
4554,飲料,167.5
4555,日用品,168.75
4556,家電,170.0
4557,食品,171.25
4558,飲料,172.5
4559,日用品,173.75
4560,家電,175.0
4561,食品,176.25
4562,飲料,177.5
4563,日用品,178.75
4564,家電,180.0
4565,食品,181.25
4566,飲料,182.5
4567,日用品,183.75
4568,家電,185.0
4569,食品,186.25
4570,飲料,187.5
4571,日用品,188.75
4572,家電,190.0
4573,食品,191.25
4574,飲料,192.5
4575,日用品,193.75
4576,家電,195.0
4577,食品,196.25
4578,飲料,197.5
4579,日用品,198.75
4580,家電,200.0
4581,食品,201.25
4582,飲料,202.5
4583,日用品,203.75
4584,家電,205.0
4585,食品,206.25
4586,飲料,207.5
4587,日用品,208.75
4588,家電,210.0
4589,食品,211.25
4590,飲料,212.5
4591,日用品,213.75
4592,家電,215.0
4593,食品,216.25
4594,飲料,217.5
4595,日用品,218.75
4596,家電,220.0
4597,食品,221.25
4598,飲料,222.5
4599,日用品,223.75
4600,家電,225.0
4601,食品,226.25
4602,飲料,227.5
4603,日用品,228.75
4604,家電,230.0
4605,食品,231.25
4606,飲料,232.5
4607,日用品,233.75
4608,家電,235.0
4609,食品,236.25
4610,飲料,237.5
4611,日用品,238.75
4612,家電,240.0
4613,食品,241.25
4614,飲料,242.5
4615,日用品,243.75
4616,家電,245.0
4617,食品,246.25
4618,飲料,247.5
4619,日用品,248.75
4620,家電,250.0
4621,食品,251.25
4622,飲料,252.5
4623,日用品,253.75
4624,家電,255.0
4625,食品,256.25
4626,飲料,257.5
4627,日用品,258.75
4628,家電,260.0
4629,食品,261.25
4630,飲料,262.5
4631,日用品,263.75
4632,家電,265.0
4633,食品,266.25
4634,飲料,267.5
4635,日用品,268.75
4636,家電,270.0
4637,食品,271.25
4638,飲料,272.5
4639,日用品,273.75
4640,家電,275.0
4641,食品,276.25
4642,飲料,277.5
4643,日用品,278.75
4644,家電,280.0
4645,食品,281.25
4646,飲料,282.5
4647,日用品,283.75
4648,家電,285.0
4649,食品,286.25
4650,飲料,287.5
4651,日用品,288.75
4652,家電,290.0
4653,食品,291.25
4654,飲料,292.5
4655,日用品,293.75
4656,家電,295.0
4657,食品,296.25
4658,飲料,297.5
4659,日用品,298.75
4660,家電,300.0
4661,食品,301.25
4662,飲料,302.5
4663,日用品,303.75
4664,家電,305.0
4665,食品,306.25
4666,飲料,307.5
4667,日用品,308.75
4668,家電,310.0
4669,食品,311.25
4670,飲料,312.5
4671,日用品,313.75
4672,家電,315.0
4673,食品,316.25
4674,飲料,317.5
4675,日用品,318.75
4676,家電,320.0
4677,食品,321.25
4678,飲料,322.5
4679,日用品,323.75
4680,家電,325.0
4681,食品,326.25
4682,飲料,327.5
4683,日用品,328.75
4684,家電,330.0
4685,食品,331.25
4686,飲料,332.5
4687,日用品,333.75
4688,家電,335.0
4689,食品,336.25
4690,飲料,337.5
4691,日用品,338.75
4692,家電,340.0
4693,食品,341.25
4694,飲料,342.5
4695,日用品,343.75
4696,家電,345.0
4697,食品,346.25
4698,飲料,347.5
4699,日用品,348.75
4700,家電,350.0
4701,食品,351.25
4702,飲料,352.5
4703,日用品,353.75
4704,家電,355.0
4705,食品,356.25
4706,飲料,357.5
4707,日用品,358.75
4708,家電,360.0
4709,食品,361.25
4710,飲料,362.5
4711,日用品,363.75
4712,家電,365.0
4713,食品,366.25
4714,飲料,367.5
4715,日用品,368.75
4716,家電,370.0
4717,食品,371.25
4718,飲料,372.5
4719,日用品,373.75
4720,家電,375.0
4721,食品,376.25
4722,飲料,377.5
4723,日用品,378.75
4724,家電,380.0
4725,食品,381.25
4726,飲料,382.5
4727,日用品,383.75
4728,家電,385.0
4729,食品,386.25
4730,飲料,387.5
4731,日用品,388.75
4732,家電,390.0
4733,食品,391.25
4734,飲料,392.5
4735,日用品,393.75
4736,家電,395.0
4737,食品,396.25
4738,飲料,397.5
4739,日用品,398.75
4740,家電,400.0
4741,食品,401.25
4742,飲料,402.5
4743,日用品,403.75
4744,家電,405.0
4745,食品,406.25
4746,飲料,407.5
4747,日用品,408.75
4748,家電,410.0
4749,食品,411.25
4750,飲料,412.5
4751,日用品,413.75
4752,家電,415.0
4753,食品,416.25
4754,飲料,417.5
4755,日用品,418.75
4756,家電,420.0
4757,食品,421.25
4758,飲料,422.5
4759,日用品,423.75
4760,家電,425.0
4761,食品,426.25
4762,飲料,427.5
4763,日用品,428.75
4764,家電,430.0
4765,食品,431.25
4766,飲料,432.5
4767,日用品,433.75
4768,家電,435.0
4769,食品,436.25
4770,飲料,437.5
4771,日用品,438.75
4772,家電,440.0
4773,食品,441.25
4774,飲料,442.5
4775,日用品,443.75
4776,家電,445.0
4777,食品,446.25
4778,飲料,447.5
4779,日用品,448.75
4780,家電,450.0
4781,食品,451.25
4782,飲料,452.5
4783,日用品,453.75
4784,家電,455.0
4785,食品,456.25
4786,飲料,457.5
4787,日用品,458.75
4788,家電,460.0
4789,食品,461.25
4790,飲料,462.5
4791,日用品,463.75
4792,家電,465.0
4793,食品,466.25
4794,飲料,467.5
4795,日用品,468.75
4796,家電,470.0
4797,食品,471.25
4798,飲料,472.5
4799,日用品,473.75
4800,家電,475.0
4801,食品,476.25
4802,飲料,477.5
4803,日用品,478.75
4804,家電,480.0
4805,食品,481.25
4806,飲料,482.5
4807,日用品,483.75
4808,家電,485.0
4809,食品,486.25
4810,飲料,487.5
4811,日用品,488.75
4812,家電,490.0
4813,食品,491.25
4814,飲料,492.5
4815,日用品,493.75
4816,家電,495.0
4817,食品,496.25
4818,飲料,497.5
4819,日用品,498.75
4820,家電,500.0
4821,食品,501.25
4822,飲料,502.5
4823,日用品,503.75
4824,家電,505.0
4825,食品,506.25
4826,飲料,507.5
4827,日用品,508.75
4828,家電,510.0
4829,食品,511.25
4830,飲料,512.5
4831,日用品,513.75
4832,家電,515.0
4833,食品,516.25
4834,飲料,517.5
4835,日用品,518.75
4836,家電,520.0
4837,食品,521.25
4838,飲料,522.5
4839,日用品,523.75
4840,家電,525.0
4841,食品,526.25
4842,飲料,527.5
4843,日用品,528.75
4844,家電,530.0
4845,食品,531.25
4846,飲料,532.5
4847,日用品,533.75
4848,家電,535.0
4849,食品,536.25
4850,飲料,537.5
4851,日用品,538.75
4852,家電,540.0
4853,食品,541.25
4854,飲料,542.5
4855,日用品,543.75
4856,家電,545.0
4857,食品,546.25
4858,飲料,547.5
4859,日用品,548.75
4860,家電,550.0
4861,食品,551.25
4862,飲料,552.5
4863,日用品,553.75
4864,家電,555.0
4865,食品,556.25
4866,飲料,557.5
4867,日用品,558.75
4868,家電,560.0
4869,食品,561.25
4870,飲料,562.5
4871,日用品,563.75
4872,家電,565.0
4873,食品,566.25
4874,飲料,567.5
4875,日用品,568.75
4876,家電,570.0
4877,食品,571.25
4878,飲料,572.5
4879,日用品,573.75
4880,家電,575.0
4881,食品,576.25
4882,飲料,577.5
4883,日用品,578.75
4884,家電,580.0
4885,食品,581.25
4886,飲料,582.5
4887,日用品,583.75
4888,家電,585.0
4889,食品,586.25
4890,飲料,587.5
4891,日用品,588.75
4892,家電,590.0
4893,食品,591.25
4894,飲料,592.5
4895,日用品,593.75
4896,家電,595.0
4897,食品,596.25
4898,飲料,597.5
4899,日用品,598.75
4900,家電,600.0
4901,食品,601.25
4902,飲料,602.5
4903,日用品,603.75
4904,家電,605.0
4905,食品,606.25
4906,飲料,607.5
4907,日用品,608.75
4908,家電,610.0
4909,食品,611.25
4910,飲料,612.5
4911,日用品,613.75
4912,家電,615.0
4913,食品,616.25
4914,飲料,617.5
4915,日用品,618.75
4916,家電,620.0
4917,食品,621.25
4918,飲料,622.5
4919,日用品,623.75
4920,家電,625.0
4921,食品,626.25
4922,飲料,627.5
4923,日用品,628.75
4924,家電,630.0
4925,食品,631.25
4926,飲料,632.5
4927,日用品,633.75
4928,家電,635.0
4929,食品,636.25
4930,飲料,637.5
4931,日用品,638.75
4932,家電,640.0
4933,食品,641.25
4934,飲料,642.5
4935,日用品,643.75
4936,家電,645.0
4937,食品,646.25
4938,飲料,647.5
4939,日用品,648.75
4940,家電,650.0
4941,食品,651.25
4942,飲料,652.5
4943,日用品,653.75
4944,家電,655.0
4945,食品,656.25
4946,飲料,657.5
4947,日用品,658.75
4948,家電,660.0
4949,食品,661.25
4950,飲料,662.5
4951,日用品,663.75
4952,家電,665.0
4953,食品,666.25
4954,飲料,667.5
4955,日用品,668.75
4956,家電,670.0
4957,食品,671.25
4958,飲料,672.5
4959,日用品,673.75
4960,家電,675.0
4961,食品,676.25
4962,飲料,677.5
4963,日用品,678.75
4964,家電,680.0
4965,食品,681.25
4966,飲料,682.5
4967,日用品,683.75
4968,家電,685.0
4969,食品,686.25
4970,飲料,687.5
4971,日用品,688.75
4972,家電,690.0
4973,食品,691.25
4974,飲料,692.5
4975,日用品,693.75
4976,家電,695.0
4977,食品,696.25
4978,飲料,697.5
4979,日用品,698.75
4980,家電,700.0
4981,食品,701.25
4982,飲料,702.5
4983,日用品,703.75
4984,家電,705.0
4985,食品,706.25
4986,飲料,707.5
4987,日用品,708.75
4988,家電,710.0
4989,食品,711.25
4990,飲料,712.5
4991,日用品,713.75
4992,家電,715.0
4993,食品,716.25
4994,飲料,717.5
4995,日用品,718.75
4996,家電,720.0
4997,食品,721.25
4998,飲料,722.5
4999,日用品,723.75
5000,家電,100.0
5001,食品,101.25
5002,飲料,102.5
5003,日用品,103.75
5004,家電,105.0
5005,食品,106.25
5006,飲料,107.5
5007,日用品,108.75
5008,家電,110.0
5009,食品,111.25
5010,飲料,112.5
5011,日用品,113.75
5012,家電,115.0
5013,食品,116.25
5014,飲料,117.5
5015,日用品,118.75
5016,家電,120.0
5017,食品,121.25
5018,飲料,122.5
5019,日用品,123.75
5020,家電,125.0
5021,食品,126.25
5022,飲料,127.5
5023,日用品,128.75
5024,家電,130.0
5025,食品,131.25
5026,飲料,132.5
5027,日用品,133.75
5028,家電,135.0
5029,食品,136.25
5030,飲料,137.5
5031,日用品,138.75
5032,家電,140.0
5033,食品,141.25
5034,飲料,142.5
5035,日用品,143.75
5036,家電,145.0
5037,食品,146.25
5038,飲料,147.5
5039,日用品,148.75
5040,家電,150.0
5041,食品,151.25
5042,飲料,152.5
5043,日用品,153.75
5044,家電,155.0
5045,食品,156.25
5046,飲料,157.5
5047,日用品,158.75
5048,家電,160.0
5049,食品,161.25
5050,飲料,162.5
5051,日用品,163.75
5052,家電,165.0
5053,食品,166.25
5054,飲料,167.5
5055,日用品,168.75
5056,家電,170.0
5057,食品,171.25
5058,飲料,172.5
5059,日用品,173.75
5060,家電,175.0
5061,食品,176.25
5062,飲料,177.5
5063,日用品,178.75
5064,家電,180.0
5065,食品,181.25
5066,飲料,182.5
5067,日用品,183.75
5068,家電,185.0
5069,食品,186.25
5070,飲料,187.5
5071,日用品,188.75
5072,家電,190.0
5073,食品,191.25
5074,飲料,192.5
5075,日用品,193.75
5076,家電,195.0
5077,食品,196.25
5078,飲料,197.5
5079,日用品,198.75
5080,家電,200.0
5081,食品,201.25
5082,飲料,202.5
5083,日用品,203.75
5084,家電,205.0
5085,食品,206.25
5086,飲料,207.5
5087,日用品,208.75
5088,家電,210.0
5089,食品,211.25
5090,飲料,212.5
5091,日用品,213.75
5092,家電,215.0
5093,食品,216.25
5094,飲料,217.5
5095,日用品,218.75
5096,家電,220.0
5097,食品,221.25
5098,飲料,222.5
5099,日用品,223.75
5100,家電,225.0
5101,食品,226.25
5102,飲料,227.5
5103,日用品,228.75
5104,家電,230.0
5105,食品,231.25
5106,飲料,232.5
5107,日用品,233.75
5108,家電,235.0
5109,食品,236.25
5110,飲料,237.5
5111,日用品,238.75
5112,家電,240.0
5113,食品,241.25
5114,飲料,242.5
5115,日用品,243.75
5116,家電,245.0
5117,食品,246.25
5118,飲料,247.5
5119,日用品,248.75
5120,家電,250.0
5121,食品,251.25
5122,飲料,252.5
5123,日用品,253.75
5124,家電,255.0
5125,食品,256.25
5126,飲料,257.5
5127,日用品,258.75
5128,家電,260.0
5129,食品,261.25
5130,飲料,262.5
5131,日用品,263.75
5132,家電,265.0
5133,食品,266.25
5134,飲料,267.5
5135,日用品,268.75
5136,家電,270.0
5137,食品,271.25
5138,飲料,272.5
5139,日用品,273.75
5140,家電,275.0
5141,食品,276.25
5142,飲料,277.5
5143,日用品,278.75
5144,家電,280.0
5145,食品,281.25
5146,飲料,282.5
5147,日用品,283.75
5148,家電,285.0
5149,食品,286.25
5150,飲料,287.5
5151,日用品,288.75
5152,家電,290.0
5153,食品,291.25
5154,飲料,292.5
5155,日用品,293.75
5156,家電,295.0
5157,食品,296.25
5158,飲料,297.5
5159,日用品,298.75
5160,家電,300.0
5161,食品,301.25
5162,飲料,302.5
5163,日用品,303.75
5164,家電,305.0
5165,食品,306.25
5166,飲料,307.5
5167,日用品,308.75
5168,家電,310.0
5169,食品,311.25
5170,飲料,312.5
5171,日用品,313.75
5172,家電,315.0
5173,食品,316.25
5174,飲料,317.5
5175,日用品,318.75
5176,家電,320.0
5177,食品,321.25
5178,飲料,322.5
5179,日用品,323.75
5180,家電,325.0
5181,食品,326.25
5182,飲料,327.5
5183,日用品,328.75
5184,家電,330.0
5185,食品,331.25
5186,飲料,332.5
5187,日用品,333.75
5188,家電,335.0
5189,食品,336.25
5190,飲料,337.5
5191,日用品,338.75
5192,家電,340.0
5193,食品,341.25
5194,飲料,342.5
5195,日用品,343.75
5196,家電,345.0
5197,食品,346.25
5198,飲料,347.5
5199,日用品,348.75
5200,家電,350.0
5201,食品,351.25
5202,飲料,352.5
5203,日用品,353.75
5204,家電,355.0
5205,食品,356.25
5206,飲料,357.5
5207,日用品,358.75
5208,家電,360.0
5209,食品,361.25
5210,飲料,362.5
5211,日用品,363.75
5212,家電,365.0
5213,食品,366.25
5214,飲料,367.5
5215,日用品,368.75
5216,家電,370.0
5217,食品,371.25
5218,飲料,372.5
5219,日用品,373.75
5220,家電,375.0
5221,食品,376.25
5222,飲料,377.5
5223,日用品,378.75
5224,家電,380.0
5225,食品,381.25
5226,飲料,382.5
5227,日用品,383.75
5228,家電,385.0
5229,食品,386.25
5230,飲料,387.5
5231,日用品,388.75
5232,家電,390.0
5233,食品,391.25
5234,飲料,392.5
5235,日用品,393.75
5236,家電,395.0
5237,食品,396.25
5238,飲料,397.5
5239,日用品,398.75
5240,家電,400.0
5241,食品,401.25
5242,飲料,402.5
5243,日用品,403.75
5244,家電,405.0
5245,食品,406.25
5246,飲料,407.5
5247,日用品,408.75
5248,家電,410.0
5249,食品,411.25
5250,飲料,412.5
5251,日用品,413.75
5252,家電,415.0
5253,食品,416.25
5254,飲料,417.5
5255,日用品,418.75
5256,家電,420.0
5257,食品,421.25
5258,飲料,422.5
5259,日用品,423.75
5260,家電,425.0
5261,食品,426.25
5262,飲料,427.5
5263,日用品,428.75
5264,家電,430.0
5265,食品,431.25
5266,飲料,432.5
5267,日用品,433.75
5268,家電,435.0
5269,食品,436.25
5270,飲料,437.5
5271,日用品,438.75
5272,家電,440.0
5273,食品,441.25
5274,飲料,442.5
5275,日用品,443.75
5276,家電,445.0
5277,食品,446.25
5278,飲料,447.5
5279,日用品,448.75
5280,家電,450.0
5281,食品,451.25
5282,飲料,452.5
5283,日用品,453.75
5284,家電,455.0
5285,食品,456.25
5286,飲料,457.5
5287,日用品,458.75
5288,家電,460.0
5289,食品,461.25
5290,飲料,462.5
5291,日用品,463.75
5292,家電,465.0
5293,食品,466.25
5294,飲料,467.5
5295,日用品,468.75
5296,家電,470.0
5297,食品,471.25
5298,飲料,472.5
5299,日用品,473.75
5300,家電,475.0
5301,食品,476.25
5302,飲料,477.5
5303,日用品,478.75
5304,家電,480.0
5305,食品,481.25
5306,飲料,482.5
5307,日用品,483.75
5308,家電,485.0
5309,食品,486.25
5310,飲料,487.5
5311,日用品,488.75
5312,家電,490.0
5313,食品,491.25
5314,飲料,492.5
5315,日用品,493.75
5316,家電,495.0
5317,食品,496.25
5318,飲料,497.5
5319,日用品,498.75
5320,家電,500.0
5321,食品,501.25
5322,飲料,502.5
5323,日用品,503.75
5324,家電,505.0
5325,食品,506.25
5326,飲料,507.5
5327,日用品,508.75
5328,家電,510.0
5329,食品,511.25
5330,飲料,512.5
5331,日用品,513.75
5332,家電,515.0
5333,食品,516.25
5334,飲料,517.5
5335,日用品,518.75
5336,家電,520.0
5337,食品,521.25
5338,飲料,522.5
5339,日用品,523.75
5340,家電,525.0
5341,食品,526.25
5342,飲料,527.5
5343,日用品,528.75
5344,家電,530.0
5345,食品,531.25
5346,飲料,532.5
5347,日用品,533.75
5348,家電,535.0
5349,食品,536.25
5350,飲料,537.5
5351,日用品,538.75
5352,家電,540.0
5353,食品,541.25
5354,飲料,542.5
5355,日用品,543.75
5356,家電,545.0
5357,食品,546.25
5358,飲料,547.5
5359,日用品,548.75
5360,家電,550.0
5361,食品,551.25
5362,飲料,552.5
5363,日用品,553.75
5364,家電,555.0
5365,食品,556.25
5366,飲料,557.5
5367,日用品,558.75
5368,家電,560.0
5369,食品,561.25
5370,飲料,562.5
5371,日用品,563.75
5372,家電,565.0
5373,食品,566.25
5374,飲料,567.5
5375,日用品,568.75
5376,家電,570.0
5377,食品,571.25
5378,飲料,572.5
5379,日用品,573.75
5380,家電,575.0
5381,食品,576.25
5382,飲料,577.5
5383,日用品,578.75
5384,家電,580.0
5385,食品,581.25
5386,飲料,582.5
5387,日用品,583.75
5388,家電,585.0
5389,食品,586.25
5390,飲料,587.5
5391,日用品,588.75
5392,家電,590.0
5393,食品,591.25
5394,飲料,592.5
5395,日用品,593.75
5396,家電,595.0
5397,食品,596.25
5398,飲料,597.5
5399,日用品,598.75
5400,家電,600.0
5401,食品,601.25
5402,飲料,602.5
5403,日用品,603.75
5404,家電,605.0
5405,食品,606.25
5406,飲料,607.5
5407,日用品,608.75
5408,家電,610.0
5409,食品,611.25
5410,飲料,612.5
5411,日用品,613.75
5412,家電,615.0
5413,食品,616.25
5414,飲料,617.5
5415,日用品,618.75
5416,家電,620.0
5417,食品,621.25
5418,飲料,622.5
5419,日用品,623.75
5420,家電,625.0
5421,食品,626.25
5422,飲料,627.5
5423,日用品,628.75
5424,家電,630.0
5425,食品,631.25
5426,飲料,632.5
5427,日用品,633.75
5428,家電,635.0
5429,食品,636.25
5430,飲料,637.5
5431,日用品,638.75
5432,家電,640.0
5433,食品,641.25
5434,飲料,642.5
5435,日用品,643.75
5436,家電,645.0
5437,食品,646.25
5438,飲料,647.5
5439,日用品,648.75
5440,家電,650.0
5441,食品,651.25
5442,飲料,652.5
5443,日用品,653.75
5444,家電,655.0
5445,食品,656.25
5446,飲料,657.5
5447,日用品,658.75
5448,家電,660.0
5449,食品,661.25
5450,飲料,662.5
5451,日用品,663.75
5452,家電,665.0
5453,食品,666.25
5454,飲料,667.5
5455,日用品,668.75
5456,家電,670.0
5457,食品,671.25
5458,飲料,672.5
5459,日用品,673.75
5460,家電,675.0
5461,食品,676.25
5462,飲料,677.5
5463,日用品,678.75
5464,家電,680.0
5465,食品,681.25
5466,飲料,682.5
5467,日用品,683.75
5468,家電,685.0
5469,食品,686.25
5470,飲料,687.5
5471,日用品,688.75
5472,家電,690.0
5473,食品,691.25
5474,飲料,692.5
5475,日用品,693.75
5476,家電,695.0
5477,食品,696.25
5478,飲料,697.5
5479,日用品,698.75
5480,家電,700.0
5481,食品,701.25
5482,飲料,702.5
5483,日用品,703.75
5484,家電,705.0
5485,食品,706.25
5486,飲料,707.5
5487,日用品,708.75
5488,家電,710.0
5489,食品,711.25
5490,飲料,712.5
5491,日用品,713.75
5492,家電,715.0
5493,食品,716.25
5494,飲料,717.5
5495,日用品,718.75
5496,家電,720.0
5497,食品,721.25
5498,飲料,722.5
5499,日用品,723.75
5500,家電,100.0
5501,食品,101.25
5502,飲料,102.5
5503,日用品,103.75
5504,家電,105.0
5505,食品,106.25
5506,飲料,107.5
5507,日用品,108.75
5508,家電,110.0
5509,食品,111.25
5510,飲料,112.5
5511,日用品,113.75
5512,家電,115.0
5513,食品,116.25
5514,飲料,117.5
5515,日用品,118.75
5516,家電,120.0
5517,食品,121.25
5518,飲料,122.5
5519,日用品,123.75
5520,家電,125.0
5521,食品,126.25
5522,飲料,127.5
5523,日用品,128.75
5524,家電,130.0
5525,食品,131.25
5526,飲料,132.5
5527,日用品,133.75
5528,家電,135.0
5529,食品,136.25
5530,飲料,137.5
5531,日用品,138.75
5532,家電,140.0
5533,食品,141.25
5534,飲料,142.5
5535,日用品,143.75
5536,家電,145.0
5537,食品,146.25
5538,飲料,147.5
5539,日用品,148.75
5540,家電,150.0
5541,食品,151.25
5542,飲料,152.5
5543,日用品,153.75
5544,家電,155.0
5545,食品,156.25
5546,飲料,157.5
5547,日用品,158.75
5548,家電,160.0
5549,食品,161.25
5550,飲料,162.5
5551,日用品,163.75
5552,家電,165.0
5553,食品,166.25
5554,飲料,167.5
5555,日用品,168.75
5556,家電,170.0
5557,食品,171.25
5558,飲料,172.5
5559,日用品,173.75
5560,家電,175.0
5561,食品,176.25
5562,飲料,177.5
5563,日用品,178.75
5564,家電,180.0
5565,食品,181.25
5566,飲料,182.5
5567,日用品,183.75
5568,家電,185.0
5569,食品,186.25
5570,飲料,187.5
5571,日用品,188.75
5572,家電,190.0
5573,食品,191.25
5574,飲料,192.5
5575,日用品,193.75
5576,家電,195.0
5577,食品,196.25
5578,飲料,197.5
5579,日用品,198.75
5580,家電,200.0
5581,食品,201.25
5582,飲料,202.5
5583,日用品,203.75
5584,家電,205.0
5585,食品,206.25
5586,飲料,207.5
5587,日用品,208.75
5588,家電,210.0
5589,食品,211.25
5590,飲料,212.5
5591,日用品,213.75
5592,家電,215.0
5593,食品,216.25
5594,飲料,217.5
5595,日用品,218.75
5596,家電,220.0
5597,食品,221.25
5598,飲料,222.5
5599,日用品,223.75
5600,家電,225.0
5601,食品,226.25
5602,飲料,227.5
5603,日用品,228.75
5604,家電,230.0
5605,食品,231.25
5606,飲料,232.5
5607,日用品,233.75
5608,家電,235.0
5609,食品,236.25
5610,飲料,237.5
5611,日用品,238.75
5612,家電,240.0
5613,食品,241.25
5614,飲料,242.5
5615,日用品,243.75
5616,家電,245.0
5617,食品,246.25
5618,飲料,247.5
5619,日用品,248.75
5620,家電,250.0
5621,食品,251.25
5622,飲料,252.5
5623,日用品,253.75
5624,家電,255.0
5625,食品,256.25
5626,飲料,257.5
5627,日用品,258.75
5628,家電,260.0
5629,食品,261.25
5630,飲料,262.5
5631,日用品,263.75
5632,家電,265.0
5633,食品,266.25
5634,飲料,267.5
5635,日用品,268.75
5636,家電,270.0
5637,食品,271.25
5638,飲料,272.5
5639,日用品,273.75
5640,家電,275.0
5641,食品,276.25
5642,飲料,277.5
5643,日用品,278.75
5644,家電,280.0
5645,食品,281.25
5646,飲料,282.5
5647,日用品,283.75
5648,家電,285.0
5649,食品,286.25
5650,飲料,287.5
5651,日用品,288.75
5652,家電,290.0
5653,食品,291.25
5654,飲料,292.5
5655,日用品,293.75
5656,家電,295.0
5657,食品,296.25
5658,飲料,297.5
5659,日用品,298.75
5660,家電,300.0
5661,食品,301.25
5662,飲料,302.5
5663,日用品,303.75
5664,家電,305.0
5665,食品,306.25
5666,飲料,307.5
5667,日用品,308.75
5668,家電,310.0
5669,食品,311.25
5670,飲料,312.5
5671,日用品,313.75
5672,家電,315.0
5673,食品,316.25
5674,飲料,317.5
5675,日用品,318.75
5676,家電,320.0
5677,食品,321.25
5678,飲料,322.5
5679,日用品,323.75
5680,家電,325.0
5681,食品,326.25
5682,飲料,327.5
5683,日用品,328.75
5684,家電,330.0
5685,食品,331.25
5686,飲料,332.5
5687,日用品,333.75
5688,家電,335.0
5689,食品,336.25
5690,飲料,337.5
5691,日用品,338.75
5692,家電,340.0
5693,食品,341.25
5694,飲料,342.5
5695,日用品,343.75
5696,家電,345.0
5697,食品,346.25
5698,飲料,347.5
5699,日用品,348.75
5700,家電,350.0
5701,食品,351.25
5702,飲料,352.5
5703,日用品,353.75
5704,家電,355.0
5705,食品,356.25
5706,飲料,357.5
5707,日用品,358.75
5708,家電,360.0
5709,食品,361.25
5710,飲料,362.5
5711,日用品,363.75
5712,家電,365.0
5713,食品,366.25
5714,飲料,367.5
5715,日用品,368.75
5716,家電,370.0
5717,食品,371.25
5718,飲料,372.5
5719,日用品,373.75
5720,家電,375.0
5721,食品,376.25
5722,飲料,377.5
5723,日用品,378.75
5724,家電,380.0
5725,食品,381.25
5726,飲料,382.5
5727,日用品,383.75
5728,家電,385.0
5729,食品,386.25
5730,飲料,387.5
5731,日用品,388.75
5732,家電,390.0
5733,食品,391.25
5734,飲料,392.5
5735,日用品,393.75
5736,家電,395.0
5737,食品,396.25
5738,飲料,397.5
5739,日用品,398.75
5740,家電,400.0
5741,食品,401.25
5742,飲料,402.5
5743,日用品,403.75
5744,家電,405.0
5745,食品,406.25
5746,飲料,407.5
5747,日用品,408.75
5748,家電,410.0
5749,食品,411.25
5750,飲料,412.5
5751,日用品,413.75
5752,家電,415.0
5753,食品,416.25
5754,飲料,417.5
5755,日用品,418.75
5756,家電,420.0
5757,食品,421.25
5758,飲料,422.5
5759,日用品,423.75
5760,家電,425.0
5761,食品,426.25
5762,飲料,427.5
5763,日用品,428.75
5764,家電,430.0
5765,食品,431.25
5766,飲料,432.5
5767,日用品,433.75
5768,家電,435.0
5769,食品,436.25
5770,飲料,437.5
5771,日用品,438.75
5772,家電,440.0
5773,食品,441.25
5774,飲料,442.5
5775,日用品,443.75
5776,家電,445.0
5777,食品,446.25
5778,飲料,447.5
5779,日用品,448.75
5780,家電,450.0
5781,食品,451.25
5782,飲料,452.5
5783,日用品,453.75
5784,家電,455.0
5785,食品,456.25
5786,飲料,457.5
5787,日用品,458.75
5788,家電,460.0
5789,食品,461.25
5790,飲料,462.5
5791,日用品,463.75
5792,家電,465.0
5793,食品,466.25
5794,飲料,467.5
5795,日用品,468.75
5796,家電,470.0
5797,食品,471.25
5798,飲料,472.5
5799,日用品,473.75
5800,家電,475.0
5801,食品,476.25
5802,飲料,477.5
5803,日用品,478.75
5804,家電,480.0
5805,食品,481.25
5806,飲料,482.5
5807,日用品,483.75
5808,家電,485.0
5809,食品,486.25
5810,飲料,487.5
5811,日用品,488.75
5812,家電,490.0
5813,食品,491.25
5814,飲料,492.5
5815,日用品,493.75
5816,家電,495.0
5817,食品,496.25
5818,飲料,497.5
5819,日用品,498.75
5820,家電,500.0
5821,食品,501.25
5822,飲料,502.5
5823,日用品,503.75
5824,家電,505.0
5825,食品,506.25
5826,飲料,507.5
5827,日用品,508.75
5828,家電,510.0
5829,食品,511.25
5830,飲料,512.5
5831,日用品,513.75
5832,家電,515.0
5833,食品,516.25
5834,飲料,517.5
5835,日用品,518.75
5836,家電,520.0
5837,食品,521.25
5838,飲料,522.5
5839,日用品,523.75
5840,家電,525.0
5841,食品,526.25
5842,飲料,527.5
5843,日用品,528.75
5844,家電,530.0
5845,食品,531.25
5846,飲料,532.5
5847,日用品,533.75
5848,家電,535.0
5849,食品,536.25
5850,飲料,537.5
5851,日用品,538.75
5852,家電,540.0
5853,食品,541.25
5854,飲料,542.5
5855,日用品,543.75
5856,家電,545.0
5857,食品,546.25
5858,飲料,547.5
5859,日用品,548.75
5860,家電,550.0
5861,食品,551.25
5862,飲料,552.5
5863,日用品,553.75
5864,家電,555.0
5865,食品,556.25
5866,飲料,557.5
5867,日用品,558.75
5868,家電,560.0
5869,食品,561.25
5870,飲料,562.5
5871,日用品,563.75
5872,家電,565.0
5873,食品,566.25
5874,飲料,567.5
5875,日用品,568.75
5876,家電,570.0
5877,食品,571.25
5878,飲料,572.5
5879,日用品,573.75
5880,家電,575.0
5881,食品,576.25
5882,飲料,577.5
5883,日用品,578.75
5884,家電,580.0
5885,食品,581.25
5886,飲料,582.5
5887,日用品,583.75
5888,家電,585.0
5889,食品,586.25
5890,飲料,587.5
5891,日用品,588.75
5892,家電,590.0
5893,食品,591.25
5894,飲料,592.5
5895,日用品,593.75
5896,家電,595.0
5897,食品,596.25
5898,飲料,597.5
5899,日用品,598.75
5900,家電,600.0
5901,食品,601.25
5902,飲料,602.5
5903,日用品,603.75
5904,家電,605.0
5905,食品,606.25
5906,飲料,607.5
5907,日用品,608.75
5908,家電,610.0
5909,食品,611.25
5910,飲料,612.5
5911,日用品,613.75
5912,家電,615.0
5913,食品,616.25
5914,飲料,617.5
5915,日用品,618.75
5916,家電,620.0
5917,食品,621.25
5918,飲料,622.5
5919,日用品,623.75
5920,家電,625.0
5921,食品,626.25
5922,飲料,627.5
5923,日用品,628.75
5924,家電,630.0
5925,食品,631.25
5926,飲料,632.5
5927,日用品,633.75
5928,家電,635.0
5929,食品,636.25
5930,飲料,637.5
5931,日用品,638.75
5932,家電,640.0
5933,食品,641.25
5934,飲料,642.5
5935,日用品,643.75
5936,家電,645.0
5937,食品,646.25
5938,飲料,647.5
5939,日用品,648.75
5940,家電,650.0
5941,食品,651.25
5942,飲料,652.5
5943,日用品,653.75
5944,家電,655.0
5945,食品,656.25
5946,飲料,657.5
5947,日用品,658.75
5948,家電,660.0
5949,食品,661.25
5950,飲料,662.5
5951,日用品,663.75
5952,家電,665.0
5953,食品,666.25
5954,飲料,667.5
5955,日用品,668.75
5956,家電,670.0
5957,食品,671.25
5958,飲料,672.5
5959,日用品,673.75
5960,家電,675.0
5961,食品,676.25
5962,飲料,677.5
5963,日用品,678.75
5964,家電,680.0
5965,食品,681.25
5966,飲料,682.5
5967,日用品,683.75
5968,家電,685.0
5969,食品,686.25
5970,飲料,687.5
5971,日用品,688.75
5972,家電,690.0
5973,食品,691.25
5974,飲料,692.5
5975,日用品,693.75
5976,家電,695.0
5977,食品,696.25
5978,飲料,697.5
5979,日用品,698.75
5980,家電,700.0
5981,食品,701.25
5982,飲料,702.5
5983,日用品,703.75
5984,家電,705.0
5985,食品,706.25
5986,飲料,707.5
5987,日用品,708.75
5988,家電,710.0
5989,食品,711.25
5990,飲料,712.5
5991,日用品,713.75
5992,家電,715.0
5993,食品,716.25
5994,飲料,717.5
5995,日用品,718.75
5996,家電,720.0
5997,食品,721.25
5998,飲料,722.5
5999,日用品,723.75
6000,家電,100.0
6001,食品,101.25
6002,飲料,102.5
6003,日用品,103.75
6004,家電,105.0
6005,食品,106.25
6006,飲料,107.5
6007,日用品,108.75
6008,家電,110.0
6009,食品,111.25
6010,飲料,112.5
6011,日用品,113.75
6012,家電,115.0
6013,食品,116.25
6014,飲料,117.5
6015,日用品,118.75
6016,家電,120.0
6017,食品,121.25
6018,飲料,122.5
6019,日用品,123.75
6020,家電,125.0
6021,食品,126.25
6022,飲料,127.5
6023,日用品,128.75
6024,家電,130.0
6025,食品,131.25
6026,飲料,132.5
6027,日用品,133.75
6028,家電,135.0
6029,食品,136.25
6030,飲料,137.5
6031,日用品,138.75
6032,家電,140.0
6033,食品,141.25
6034,飲料,142.5
6035,日用品,143.75
6036,家電,145.0
6037,食品,146.25
6038,飲料,147.5
6039,日用品,148.75
6040,家電,150.0
6041,食品,151.25
6042,飲料,152.5
6043,日用品,153.75
6044,家電,155.0
6045,食品,156.25
6046,飲料,157.5
6047,日用品,158.75
6048,家電,160.0
6049,食品,161.25
6050,飲料,162.5
6051,日用品,163.75
6052,家電,165.0
6053,食品,166.25
6054,飲料,167.5
6055,日用品,168.75
6056,家電,170.0
6057,食品,171.25
6058,飲料,172.5
6059,日用品,173.75
6060,家電,175.0
6061,食品,176.25
6062,飲料,177.5
6063,日用品,178.75
6064,家電,180.0
6065,食品,181.25
6066,飲料,182.5
6067,日用品,183.75
6068,家電,185.0
6069,食品,186.25
6070,飲料,187.5
6071,日用品,188.75
6072,家電,190.0
6073,食品,191.25
6074,飲料,192.5
6075,日用品,193.75
6076,家電,195.0
6077,食品,196.25
6078,飲料,197.5
6079,日用品,198.75
6080,家電,200.0
6081,食品,201.25
6082,飲料,202.5
6083,日用品,203.75
6084,家電,205.0
6085,食品,206.25
6086,飲料,207.5
6087,日用品,208.75
6088,家電,210.0
6089,食品,211.25
6090,飲料,212.5
6091,日用品,213.75
6092,家電,215.0
6093,食品,216.25
6094,飲料,217.5
6095,日用品,218.75
6096,家電,220.0
6097,食品,221.25
6098,飲料,222.5
6099,日用品,223.75
6100,家電,225.0
6101,食品,226.25
6102,飲料,227.5
6103,日用品,228.75
6104,家電,230.0
6105,食品,231.25
6106,飲料,232.5
6107,日用品,233.75
6108,家電,235.0
6109,食品,236.25
6110,飲料,237.5
6111,日用品,238.75
6112,家電,240.0
6113,食品,241.25
6114,飲料,242.5
6115,日用品,243.75
6116,家電,245.0
6117,食品,246.25
6118,飲料,247.5
6119,日用品,248.75
6120,家電,250.0
6121,食品,251.25
6122,飲料,252.5
6123,日用品,253.75
6124,家電,255.0
6125,食品,256.25
6126,飲料,257.5
6127,日用品,258.75
6128,家電,260.0
6129,食品,261.25
6130,飲料,262.5
6131,日用品,263.75
6132,家電,265.0
6133,食品,266.25
6134,飲料,267.5
6135,日用品,268.75
6136,家電,270.0
6137,食品,271.25
6138,飲料,272.5
6139,日用品,273.75
6140,家電,275.0
6141,食品,276.25
6142,飲料,277.5
6143,日用品,278.75
6144,家電,280.0
6145,食品,281.25
6146,飲料,282.5
6147,日用品,283.75
6148,家電,285.0
6149,食品,286.25
6150,飲料,287.5
6151,日用品,288.75
6152,家電,290.0
6153,食品,291.25
6154,飲料,292.5
6155,日用品,293.75
6156,家電,295.0
6157,食品,296.25
6158,飲料,297.5
6159,日用品,298.75
6160,家電,300.0
6161,食品,301.25
6162,飲料,302.5
6163,日用品,303.75
6164,家電,305.0
6165,食品,306.25
6166,飲料,307.5
6167,日用品,308.75
6168,家電,310.0
6169,食品,311.25
6170,飲料,312.5
6171,日用品,313.75
6172,家電,315.0
6173,食品,316.25
6174,飲料,317.5
6175,日用品,318.75
6176,家電,320.0
6177,食品,321.25
6178,飲料,322.5
6179,日用品,323.75
6180,家電,325.0
6181,食品,326.25
6182,飲料,327.5
6183,日用品,328.75
6184,家電,330.0
6185,食品,331.25
6186,飲料,332.5
6187,日用品,333.75
6188,家電,335.0
6189,食品,336.25
6190,飲料,337.5
6191,日用品,338.75
6192,家電,340.0
6193,食品,341.25
6194,飲料,342.5
6195,日用品,343.75
6196,家電,345.0
6197,食品,346.25
6198,飲料,347.5
6199,日用品,348.75
6200,家電,350.0
6201,食品,351.25
6202,飲料,352.5
6203,日用品,353.75
6204,家電,355.0
6205,食品,356.25
6206,飲料,357.5
6207,日用品,358.75
6208,家電,360.0
6209,食品,361.25
6210,飲料,362.5
6211,日用品,363.75
6212,家電,365.0
6213,食品,366.25
6214,飲料,367.5
6215,日用品,368.75
6216,家電,370.0
6217,食品,371.25
6218,飲料,372.5
6219,日用品,373.75
6220,家電,375.0
6221,食品,376.25
6222,飲料,377.5
6223,日用品,378.75
6224,家電,380.0
6225,食品,381.25
6226,飲料,382.5
6227,日用品,383.75
6228,家電,385.0
6229,食品,386.25
6230,飲料,387.5
6231,日用品,388.75
6232,家電,390.0
6233,食品,391.25
6234,飲料,392.5
6235,日用品,393.75
6236,家電,395.0
6237,食品,396.25
6238,飲料,397.5
6239,日用品,398.75
6240,家電,400.0
6241,食品,401.25
6242,飲料,402.5
6243,日用品,403.75
6244,家電,405.0
6245,食品,406.25
6246,飲料,407.5
6247,日用品,408.75
6248,家電,410.0
6249,食品,411.25
6250,飲料,412.5
6251,日用品,413.75
6252,家電,415.0
6253,食品,416.25
6254,飲料,417.5
6255,日用品,418.75
6256,家電,420.0
6257,食品,421.25
6258,飲料,422.5
6259,日用品,423.75
6260,家電,425.0
6261,食品,426.25
6262,飲料,427.5
6263,日用品,428.75
6264,家電,430.0
6265,食品,431.25
6266,飲料,432.5
6267,日用品,433.75
6268,家電,435.0
6269,食品,436.25
6270,飲料,437.5
6271,日用品,438.75
6272,家電,440.0
6273,食品,441.25
6274,飲料,442.5
6275,日用品,443.75
6276,家電,445.0
6277,食品,446.25
6278,飲料,447.5
6279,日用品,448.75
6280,家電,450.0
6281,食品,451.25
6282,飲料,452.5
6283,日用品,453.75
6284,家電,455.0
6285,食品,456.25
6286,飲料,457.5
6287,日用品,458.75
6288,家電,460.0
6289,食品,461.25
6290,飲料,462.5
6291,日用品,463.75
6292,家電,465.0
6293,食品,466.25
6294,飲料,467.5
6295,日用品,468.75
6296,家電,470.0
6297,食品,471.25
6298,飲料,472.5
6299,日用品,473.75
6300,家電,475.0
6301,食品,476.25
6302,飲料,477.5
6303,日用品,478.75
6304,家電,480.0
6305,食品,481.25
6306,飲料,482.5
6307,日用品,483.75
6308,家電,485.0
6309,食品,486.25
6310,飲料,487.5
6311,日用品,488.75
6312,家電,490.0
6313,食品,491.25
6314,飲料,492.5
6315,日用品,493.75
6316,家電,495.0
6317,食品,496.25
6318,飲料,497.5
6319,日用品,498.75
6320,家電,500.0
6321,食品,501.25
6322,飲料,502.5
6323,日用品,503.75
6324,家電,505.0
6325,食品,506.25
6326,飲料,507.5
6327,日用品,508.75
6328,家電,510.0
6329,食品,511.25
6330,飲料,512.5
6331,日用品,513.75
6332,家電,515.0
6333,食品,516.25
6334,飲料,517.5
6335,日用品,518.75
6336,家電,520.0
6337,食品,521.25
6338,飲料,522.5
6339,日用品,523.75
6340,家電,525.0
6341,食品,526.25
6342,飲料,527.5
6343,日用品,528.75
6344,家電,530.0
6345,食品,531.25
6346,飲料,532.5
6347,日用品,533.75
6348,家電,535.0
6349,食品,536.25
6350,飲料,537.5
6351,日用品,538.75
6352,家電,540.0
6353,食品,541.25
6354,飲料,542.5
6355,日用品,543.75
6356,家電,545.0
6357,食品,546.25
6358,飲料,547.5
6359,日用品,548.75
6360,家電,550.0
6361,食品,551.25
6362,飲料,552.5
6363,日用品,553.75
6364,家電,555.0
6365,食品,556.25
6366,飲料,557.5
6367,日用品,558.75
6368,家電,560.0
6369,食品,561.25
6370,飲料,562.5
6371,日用品,563.75
6372,家電,565.0
6373,食品,566.25
6374,飲料,567.5
6375,日用品,568.75
6376,家電,570.0
6377,食品,571.25
6378,飲料,572.5
6379,日用品,573.75
6380,家電,575.0
6381,食品,576.25
6382,飲料,577.5
6383,日用品,578.75
6384,家電,580.0
6385,食品,581.25
6386,飲料,582.5
6387,日用品,583.75
6388,家電,585.0
6389,食品,586.25
6390,飲料,587.5
6391,日用品,588.75
6392,家電,590.0
6393,食品,591.25
6394,飲料,592.5
6395,日用品,593.75
6396,家電,595.0
6397,食品,596.25
6398,飲料,597.5
6399,日用品,598.75
6400,家電,600.0
6401,食品,601.25
6402,飲料,602.5
6403,日用品,603.75
6404,家電,605.0
6405,食品,606.25
6406,飲料,607.5
6407,日用品,608.75
6408,家電,610.0
6409,食品,611.25
6410,飲料,612.5
6411,日用品,613.75
6412,家電,615.0
6413,食品,616.25
6414,飲料,617.5
6415,日用品,618.75
6416,家電,620.0
6417,食品,621.25
6418,飲料,622.5
6419,日用品,623.75
6420,家電,625.0
6421,食品,626.25
6422,飲料,627.5
6423,日用品,628.75
6424,家電,630.0
6425,食品,631.25
6426,飲料,632.5
6427,日用品,633.75
6428,家電,635.0
6429,食品,636.25
6430,飲料,637.5
6431,日用品,638.75
6432,家電,640.0
6433,食品,641.25
6434,飲料,642.5
6435,日用品,643.75
6436,家電,645.0
6437,食品,646.25
6438,飲料,647.5
6439,日用品,648.75
6440,家電,650.0
6441,食品,651.25
6442,飲料,652.5
6443,日用品,653.75
6444,家電,655.0
6445,食品,656.25
6446,飲料,657.5
6447,日用品,658.75
6448,家電,660.0
6449,食品,661.25
6450,飲料,662.5
6451,日用品,663.75
6452,家電,665.0
6453,食品,666.25
6454,飲料,667.5
6455,日用品,668.75
6456,家電,670.0
6457,食品,671.25
6458,飲料,672.5
6459,日用品,673.75
6460,家電,675.0
6461,食品,676.25
6462,飲料,677.5
6463,日用品,678.75
6464,家電,680.0
6465,食品,681.25
6466,飲料,682.5
6467,日用品,683.75
6468,家電,685.0
6469,食品,686.25
6470,飲料,687.5
6471,日用品,688.75
6472,家電,690.0
6473,食品,691.25
6474,飲料,692.5
6475,日用品,693.75
6476,家電,695.0
6477,食品,696.25
6478,飲料,697.5
6479,日用品,698.75
6480,家電,700.0
6481,食品,701.25
6482,飲料,702.5
6483,日用品,703.75
6484,家電,705.0
6485,食品,706.25
6486,飲料,707.5
6487,日用品,708.75
6488,家電,710.0
6489,食品,711.25
6490,飲料,712.5
6491,日用品,713.75
6492,家電,715.0
6493,食品,716.25
6494,飲料,717.5
6495,日用品,718.75
6496,家電,720.0
6497,食品,721.25
6498,飲料,722.5
6499,日用品,723.75
6500,家電,100.0
6501,食品,101.25
6502,飲料,102.5
6503,日用品,103.75
6504,家電,105.0
6505,食品,106.25
6506,飲料,107.5
6507,日用品,108.75
6508,家電,110.0
6509,食品,111.25
6510,飲料,112.5
6511,日用品,113.75
6512,家電,115.0
6513,食品,116.25
6514,飲料,117.5
6515,日用品,118.75
6516,家電,120.0
6517,食品,121.25
6518,飲料,122.5
6519,日用品,123.75
6520,家電,125.0
6521,食品,126.25
6522,飲料,127.5
6523,日用品,128.75
6524,家電,130.0
6525,食品,131.25
6526,飲料,132.5
6527,日用品,133.75
6528,家電,135.0
6529,食品,136.25
6530,飲料,137.5
6531,日用品,138.75
6532,家電,140.0
6533,食品,141.25
6534,飲料,142.5
6535,日用品,143.75
6536,家電,145.0
6537,食品,146.25
6538,飲料,147.5
6539,日用品,148.75
6540,家電,150.0
6541,食品,151.25
6542,飲料,152.5
6543,日用品,153.75
6544,家電,155.0
6545,食品,156.25
6546,飲料,157.5
6547,日用品,158.75
6548,家電,160.0
6549,食品,161.25
6550,飲料,162.5
6551,日用品,163.75
6552,家電,165.0
6553,食品,166.25
6554,飲料,167.5
6555,日用品,168.75
6556,家電,170.0
6557,食品,171.25
6558,飲料,172.5
6559,日用品,173.75
6560,家電,175.0
6561,食品,176.25
6562,飲料,177.5
6563,日用品,178.75
6564,家電,180.0
6565,食品,181.25
6566,飲料,182.5
6567,日用品,183.75
6568,家電,185.0
6569,食品,186.25
6570,飲料,187.5
6571,日用品,188.75
6572,家電,190.0
6573,食品,191.25
6574,飲料,192.5
6575,日用品,193.75
6576,家電,195.0
6577,食品,196.25
6578,飲料,197.5
6579,日用品,198.75
6580,家電,200.0
6581,食品,201.25
6582,飲料,202.5
6583,日用品,203.75
6584,家電,205.0
6585,食品,206.25
6586,飲料,207.5
6587,日用品,208.75
6588,家電,210.0
6589,食品,211.25
6590,飲料,212.5
6591,日用品,213.75
6592,家電,215.0
6593,食品,216.25
6594,飲料,217.5
6595,日用品,218.75
6596,家電,220.0
6597,食品,221.25
6598,飲料,222.5
6599,日用品,223.75
6600,家電,225.0
6601,食品,226.25
6602,飲料,227.5
6603,日用品,228.75
6604,家電,230.0
6605,食品,231.25
6606,飲料,232.5
6607,日用品,233.75
6608,家電,235.0
6609,食品,236.25
6610,飲料,237.5
6611,日用品,238.75
6612,家電,240.0
6613,食品,241.25
6614,飲料,242.5
6615,日用品,243.75
6616,家電,245.0
6617,食品,246.25
6618,飲料,247.5
6619,日用品,248.75
6620,家電,250.0
6621,食品,251.25
6622,飲料,252.5
6623,日用品,253.75
6624,家電,255.0
6625,食品,256.25
6626,飲料,257.5
6627,日用品,258.75
6628,家電,260.0
6629,食品,261.25
6630,飲料,262.5
6631,日用品,263.75
6632,家電,265.0
6633,食品,266.25
6634,飲料,267.5
6635,日用品,268.75
6636,家電,270.0
6637,食品,271.25
6638,飲料,272.5
6639,日用品,273.75
6640,家電,275.0
6641,食品,276.25
6642,飲料,277.5
6643,日用品,278.75
6644,家電,280.0
6645,食品,281.25
6646,飲料,282.5
6647,日用品,283.75
6648,家電,285.0
6649,食品,286.25
6650,飲料,287.5
6651,日用品,288.75
6652,家電,290.0
6653,食品,291.25
6654,飲料,292.5
6655,日用品,293.75
6656,家電,295.0
6657,食品,296.25
6658,飲料,297.5
6659,日用品,298.75
6660,家電,300.0
6661,食品,301.25
6662,飲料,302.5
6663,日用品,303.75
6664,家電,305.0
6665,食品,306.25
6666,飲料,307.5
6667,日用品,308.75
6668,家電,310.0
6669,食品,311.25
6670,飲料,312.5
6671,日用品,313.75
6672,家電,315.0
6673,食品,316.25
6674,飲料,317.5
6675,日用品,318.75
6676,家電,320.0
6677,食品,321.25
6678,飲料,322.5
6679,日用品,323.75
6680,家電,325.0
6681,食品,326.25
6682,飲料,327.5
6683,日用品,328.75
6684,家電,330.0
6685,食品,331.25
6686,飲料,332.5
6687,日用品,333.75
6688,家電,335.0
6689,食品,336.25
6690,飲料,337.5
6691,日用品,338.75
6692,家電,340.0
6693,食品,341.25
6694,飲料,342.5
6695,日用品,343.75
6696,家電,345.0
6697,食品,346.25
6698,飲料,347.5
6699,日用品,348.75
6700,家電,350.0
6701,食品,351.25
6702,飲料,352.5
6703,日用品,353.75
6704,家電,355.0
6705,食品,356.25
6706,飲料,357.5
6707,日用品,358.75
6708,家電,360.0
6709,食品,361.25
6710,飲料,362.5
6711,日用品,363.75
6712,家電,365.0
6713,食品,366.25
6714,飲料,367.5
6715,日用品,368.75
6716,家電,370.0
6717,食品,371.25
6718,飲料,372.5
6719,日用品,373.75
6720,家電,375.0
6721,食品,376.25
6722,飲料,377.5
6723,日用品,378.75
6724,家電,380.0
6725,食品,381.25
6726,飲料,382.5
6727,日用品,383.75
6728,家電,385.0
6729,食品,386.25
6730,飲料,387.5
6731,日用品,388.75
6732,家電,390.0
6733,食品,391.25
6734,飲料,392.5
6735,日用品,393.75
6736,家電,395.0
6737,食品,396.25
6738,飲料,397.5
6739,日用品,398.75
6740,家電,400.0
6741,食品,401.25
6742,飲料,402.5
6743,日用品,403.75
6744,家電,405.0
6745,食品,406.25
6746,飲料,407.5
6747,日用品,408.75
6748,家電,410.0
6749,食品,411.25
6750,飲料,412.5
6751,日用品,413.75
6752,家電,415.0
6753,食品,416.25
6754,飲料,417.5
6755,日用品,418.75
6756,家電,420.0
6757,食品,421.25
6758,飲料,422.5
6759,日用品,423.75
6760,家電,425.0
6761,食品,426.25
6762,飲料,427.5
6763,日用品,428.75
6764,家電,430.0
6765,食品,431.25
6766,飲料,432.5
6767,日用品,433.75
6768,家電,435.0
6769,食品,436.25
6770,飲料,437.5
6771,日用品,438.75
6772,家電,440.0
6773,食品,441.25
6774,飲料,442.5
6775,日用品,443.75
6776,家電,445.0
6777,食品,446.25
6778,飲料,447.5
6779,日用品,448.75
6780,家電,450.0
6781,食品,451.25
6782,飲料,452.5
6783,日用品,453.75
6784,家電,455.0
6785,食品,456.25
6786,飲料,457.5
6787,日用品,458.75
6788,家電,460.0
6789,食品,461.25
6790,飲料,462.5
6791,日用品,463.75
6792,家電,465.0
6793,食品,466.25
6794,飲料,467.5
6795,日用品,468.75
6796,家電,470.0
6797,食品,471.25
6798,飲料,472.5
6799,日用品,473.75
6800,家電,475.0
6801,食品,476.25
6802,飲料,477.5
6803,日用品,478.75
6804,家電,480.0
6805,食品,481.25
6806,飲料,482.5
6807,日用品,483.75
6808,家電,485.0
6809,食品,486.25
6810,飲料,487.5
6811,日用品,488.75
6812,家電,490.0
6813,食品,491.25
6814,飲料,492.5
6815,日用品,493.75
6816,家電,495.0
6817,食品,496.25
6818,飲料,497.5
6819,日用品,498.75
6820,家電,500.0
6821,食品,501.25
6822,飲料,502.5
6823,日用品,503.75
6824,家電,505.0
6825,食品,506.25
6826,飲料,507.5
6827,日用品,508.75
6828,家電,510.0
6829,食品,511.25
6830,飲料,512.5
6831,日用品,513.75
6832,家電,515.0
6833,食品,516.25
6834,飲料,517.5
6835,日用品,518.75
6836,家電,520.0
6837,食品,521.25
6838,飲料,522.5
6839,日用品,523.75
6840,家電,525.0
6841,食品,526.25
6842,飲料,527.5
6843,日用品,528.75
6844,家電,530.0
6845,食品,531.25
6846,飲料,532.5
6847,日用品,533.75
6848,家電,535.0
6849,食品,536.25
6850,飲料,537.5
6851,日用品,538.75
6852,家電,540.0
6853,食品,541.25
6854,飲料,542.5
6855,日用品,543.75
6856,家電,545.0
6857,食品,546.25
6858,飲料,547.5
6859,日用品,548.75
6860,家電,550.0
6861,食品,551.25
6862,飲料,552.5
6863,日用品,553.75
6864,家電,555.0
6865,食品,556.25
6866,飲料,557.5
6867,日用品,558.75
6868,家電,560.0
6869,食品,561.25
6870,飲料,562.5
6871,日用品,563.75
6872,家電,565.0
6873,食品,566.25
6874,飲料,567.5
6875,日用品,568.75
6876,家電,570.0
6877,食品,571.25
6878,飲料,572.5
6879,日用品,573.75
6880,家電,575.0
6881,食品,576.25
6882,飲料,577.5
6883,日用品,578.75
6884,家電,580.0
6885,食品,581.25
6886,飲料,582.5
6887,日用品,583.75
6888,家電,585.0
6889,食品,586.25
6890,飲料,587.5
6891,日用品,588.75
6892,家電,590.0
6893,食品,591.25
6894,飲料,592.5
6895,日用品,593.75
6896,家電,595.0
6897,食品,596.25
6898,飲料,597.5
6899,日用品,598.75
6900,家電,600.0
6901,食品,601.25
6902,飲料,602.5
6903,日用品,603.75
6904,家電,605.0
6905,食品,606.25
6906,飲料,607.5
6907,日用品,608.75
6908,家電,610.0
6909,食品,611.25
6910,飲料,612.5
6911,日用品,613.75
6912,家電,615.0
6913,食品,616.25
6914,飲料,617.5
6915,日用品,618.75
6916,家電,620.0
6917,食品,621.25
6918,飲料,622.5
6919,日用品,623.75
6920,家電,625.0
6921,食品,626.25
6922,飲料,627.5
6923,日用品,628.75
6924,家電,630.0
6925,食品,631.25
6926,飲料,632.5
6927,日用品,633.75
6928,家電,635.0
6929,食品,636.25
6930,飲料,637.5
6931,日用品,638.75
6932,家電,640.0
6933,食品,641.25
6934,飲料,642.5
6935,日用品,643.75
6936,家電,645.0
6937,食品,646.25
6938,飲料,647.5
6939,日用品,648.75
6940,家電,650.0
6941,食品,651.25
6942,飲料,652.5
6943,日用品,653.75
6944,家電,655.0
6945,食品,656.25
6946,飲料,657.5
6947,日用品,658.75
6948,家電,660.0
6949,食品,661.25
6950,飲料,662.5
6951,日用品,663.75
6952,家電,665.0
6953,食品,666.25
6954,飲料,667.5
6955,日用品,668.75
6956,家電,670.0
6957,食品,671.25
6958,飲料,672.5
6959,日用品,673.75
6960,家電,675.0
6961,食品,676.25
6962,飲料,677.5
6963,日用品,678.75
6964,家電,680.0
6965,食品,681.25
6966,飲料,682.5
6967,日用品,683.75
6968,家電,685.0
6969,食品,686.25
6970,飲料,687.5
6971,日用品,688.75
6972,家電,690.0
6973,食品,691.25
6974,飲料,692.5
6975,日用品,693.75
6976,家電,695.0
6977,食品,696.25
6978,飲料,697.5
6979,日用品,698.75
6980,家電,700.0
6981,食品,701.25
6982,飲料,702.5
6983,日用品,703.75
6984,家電,705.0
6985,食品,706.25
6986,飲料,707.5
6987,日用品,708.75
6988,家電,710.0
6989,食品,711.25
6990,飲料,712.5
6991,日用品,713.75
6992,家電,715.0
6993,食品,716.25
6994,飲料,717.5
6995,日用品,718.75
6996,家電,720.0
6997,食品,721.25
6998,飲料,722.5
6999,日用品,723.75
7000,家電,100.0
7001,食品,101.25
7002,飲料,102.5
7003,日用品,103.75
7004,家電,105.0
7005,食品,106.25
7006,飲料,107.5
7007,日用品,108.75
7008,家電,110.0
7009,食品,111.25
7010,飲料,112.5
7011,日用品,113.75
7012,家電,115.0
7013,食品,116.25
7014,飲料,117.5
7015,日用品,118.75
7016,家電,120.0
7017,食品,121.25
7018,飲料,122.5
7019,日用品,123.75
7020,家電,125.0
7021,食品,126.25
7022,飲料,127.5
7023,日用品,128.75
7024,家電,130.0
7025,食品,131.25
7026,飲料,132.5
7027,日用品,133.75
7028,家電,135.0
7029,食品,136.25
7030,飲料,137.5
7031,日用品,138.75
7032,家電,140.0
7033,食品,141.25
7034,飲料,142.5
7035,日用品,143.75
7036,家電,145.0
7037,食品,146.25
7038,飲料,147.5
7039,日用品,148.75
7040,家電,150.0
7041,食品,151.25
7042,飲料,152.5
7043,日用品,153.75
7044,家電,155.0
7045,食品,156.25
7046,飲料,157.5
7047,日用品,158.75
7048,家電,160.0
7049,食品,161.25
7050,飲料,162.5
7051,日用品,163.75
7052,家電,165.0
7053,食品,166.25
7054,飲料,167.5
7055,日用品,168.75
7056,家電,170.0
7057,食品,171.25
7058,飲料,172.5
7059,日用品,173.75
7060,家電,175.0
7061,食品,176.25
7062,飲料,177.5
7063,日用品,178.75
7064,家電,180.0
7065,食品,181.25
7066,飲料,182.5
7067,日用品,183.75
7068,家電,185.0
7069,食品,186.25
7070,飲料,187.5
7071,日用品,188.75
7072,家電,190.0
7073,食品,191.25
7074,飲料,192.5
7075,日用品,193.75
7076,家電,195.0
7077,食品,196.25
7078,飲料,197.5
7079,日用品,198.75
7080,家電,200.0
7081,食品,201.25
7082,飲料,202.5
7083,日用品,203.75
7084,家電,205.0
7085,食品,206.25
7086,飲料,207.5
7087,日用品,208.75
7088,家電,210.0
7089,食品,211.25
7090,飲料,212.5
7091,日用品,213.75
7092,家電,215.0
7093,食品,216.25
7094,飲料,217.5
7095,日用品,218.75
7096,家電,220.0
7097,食品,221.25
7098,飲料,222.5
7099,日用品,223.75
7100,家電,225.0
7101,食品,226.25
7102,飲料,227.5
7103,日用品,228.75
7104,家電,230.0
7105,食品,231.25
7106,飲料,232.5
7107,日用品,233.75
7108,家電,235.0
7109,食品,236.25
7110,飲料,237.5
7111,日用品,238.75
7112,家電,240.0
7113,食品,241.25
7114,飲料,242.5
7115,日用品,243.75
7116,家電,245.0
7117,食品,246.25
7118,飲料,247.5
7119,日用品,248.75
7120,家電,250.0
7121,食品,251.25
7122,飲料,252.5
7123,日用品,253.75
7124,家電,255.0
7125,食品,256.25
7126,飲料,257.5
7127,日用品,258.75
7128,家電,260.0
7129,食品,261.25
7130,飲料,262.5
7131,日用品,263.75
7132,家電,265.0
7133,食品,266.25
7134,飲料,267.5
7135,日用品,268.75
7136,家電,270.0
7137,食品,271.25
7138,飲料,272.5
7139,日用品,273.75
7140,家電,275.0
7141,食品,276.25
7142,飲料,277.5
7143,日用品,278.75
7144,家電,280.0
7145,食品,281.25
7146,飲料,282.5
7147,日用品,283.75
7148,家電,285.0
7149,食品,286.25
7150,飲料,287.5
7151,日用品,288.75
7152,家電,290.0
7153,食品,291.25
7154,飲料,292.5
7155,日用品,293.75
7156,家電,295.0
7157,食品,296.25
7158,飲料,297.5
7159,日用品,298.75
7160,家電,300.0
7161,食品,301.25
7162,飲料,302.5
7163,日用品,303.75
7164,家電,305.0
7165,食品,306.25
7166,飲料,307.5
7167,日用品,308.75
7168,家電,310.0
7169,食品,311.25
7170,飲料,312.5
7171,日用品,313.75
7172,家電,315.0
7173,食品,316.25
7174,飲料,317.5
7175,日用品,318.75
7176,家電,320.0
7177,食品,321.25
7178,飲料,322.5
7179,日用品,323.75
7180,家電,325.0
7181,食品,326.25
7182,飲料,327.5
7183,日用品,328.75
7184,家電,330.0
7185,食品,331.25
7186,飲料,332.5
7187,日用品,333.75
7188,家電,335.0
7189,食品,336.25
7190,飲料,337.5
7191,日用品,338.75
7192,家電,340.0
7193,食品,341.25
7194,飲料,342.5
7195,日用品,343.75
7196,家電,345.0
7197,食品,346.25
7198,飲料,347.5
7199,日用品,348.75
7200,家電,350.0
7201,食品,351.25
7202,飲料,352.5
7203,日用品,353.75
7204,家電,355.0
7205,食品,356.25
7206,飲料,357.5
7207,日用品,358.75
7208,家電,360.0
7209,食品,361.25
7210,飲料,362.5
7211,日用品,363.75
7212,家電,365.0
7213,食品,366.25
7214,飲料,367.5
7215,日用品,368.75
7216,家電,370.0
7217,食品,371.25
7218,飲料,372.5
7219,日用品,373.75
7220,家電,375.0
7221,食品,376.25
7222,飲料,377.5
7223,日用品,378.75
7224,家電,380.0
7225,食品,381.25
7226,飲料,382.5
7227,日用品,383.75
7228,家電,385.0
7229,食品,386.25
7230,飲料,387.5
7231,日用品,388.75
7232,家電,390.0
7233,食品,391.25
7234,飲料,392.5
7235,日用品,393.75
7236,家電,395.0
7237,食品,396.25
7238,飲料,397.5
7239,日用品,398.75
7240,家電,400.0
7241,食品,401.25
7242,飲料,402.5
7243,日用品,403.75
7244,家電,405.0
7245,食品,406.25
7246,飲料,407.5
7247,日用品,408.75
7248,家電,410.0
7249,食品,411.25
7250,飲料,412.5
7251,日用品,413.75
7252,家電,415.0
7253,食品,416.25
7254,飲料,417.5
7255,日用品,418.75
7256,家電,420.0
7257,食品,421.25
7258,飲料,422.5
7259,日用品,423.75
7260,家電,425.0
7261,食品,426.25
7262,飲料,427.5
7263,日用品,428.75
7264,家電,430.0
7265,食品,431.25
7266,飲料,432.5
7267,日用品,433.75
7268,家電,435.0
7269,食品,436.25
7270,飲料,437.5
7271,日用品,438.75
7272,家電,440.0
7273,食品,441.25
7274,飲料,442.5
7275,日用品,443.75
7276,家電,445.0
7277,食品,446.25
7278,飲料,447.5
7279,日用品,448.75
7280,家電,450.0
7281,食品,451.25
7282,飲料,452.5
7283,日用品,453.75
7284,家電,455.0
7285,食品,456.25
7286,飲料,457.5
7287,日用品,458.75
7288,家電,460.0
7289,食品,461.25
7290,飲料,462.5
7291,日用品,463.75
7292,家電,465.0
7293,食品,466.25
7294,飲料,467.5
7295,日用品,468.75
7296,家電,470.0
7297,食品,471.25
7298,飲料,472.5
7299,日用品,473.75
7300,家電,475.0
7301,食品,476.25
7302,飲料,477.5
7303,日用品,478.75
7304,家電,480.0
7305,食品,481.25
7306,飲料,482.5
7307,日用品,483.75
7308,家電,485.0
7309,食品,486.25
7310,飲料,487.5
7311,日用品,488.75
7312,家電,490.0
7313,食品,491.25
7314,飲料,492.5
7315,日用品,493.75
7316,家電,495.0
7317,食品,496.25
7318,飲料,497.5
7319,日用品,498.75
7320,家電,500.0
7321,食品,501.25
7322,飲料,502.5
7323,日用品,503.75
7324,家電,505.0
7325,食品,506.25
7326,飲料,507.5
7327,日用品,508.75
7328,家電,510.0
7329,食品,511.25
7330,飲料,512.5
7331,日用品,513.75
7332,家電,515.0
7333,食品,516.25
7334,飲料,517.5
7335,日用品,518.75
7336,家電,520.0
7337,食品,521.25
7338,飲料,522.5
7339,日用品,523.75
7340,家電,525.0
7341,食品,526.25
7342,飲料,527.5
7343,日用品,528.75
7344,家電,530.0
7345,食品,531.25
7346,飲料,532.5
7347,日用品,533.75
7348,家電,535.0
7349,食品,536.25
7350,飲料,537.5
7351,日用品,538.75
7352,家電,540.0
7353,食品,541.25
7354,飲料,542.5
7355,日用品,543.75
7356,家電,545.0
7357,食品,546.25
7358,飲料,547.5
7359,日用品,548.75
7360,家電,550.0
7361,食品,551.25
7362,飲料,552.5
7363,日用品,553.75
7364,家電,555.0
7365,食品,556.25
7366,飲料,557.5
7367,日用品,558.75
7368,家電,560.0
7369,食品,561.25
7370,飲料,562.5
7371,日用品,563.75
7372,家電,565.0
7373,食品,566.25
7374,飲料,567.5
7375,日用品,568.75
7376,家電,570.0
7377,食品,571.25
7378,飲料,572.5
7379,日用品,573.75
7380,家電,575.0
7381,食品,576.25
7382,飲料,577.5
7383,日用品,578.75
7384,家電,580.0
7385,食品,581.25
7386,飲料,582.5
7387,日用品,583.75
7388,家電,585.0
7389,食品,586.25
7390,飲料,587.5
7391,日用品,588.75
7392,家電,590.0
7393,食品,591.25
7394,飲料,592.5
7395,日用品,593.75
7396,家電,595.0
7397,食品,596.25
7398,飲料,597.5
7399,日用品,598.75
7400,家電,600.0
7401,食品,601.25
7402,飲料,602.5
7403,日用品,603.75
7404,家電,605.0
7405,食品,606.25
7406,飲料,607.5
7407,日用品,608.75
7408,家電,610.0
7409,食品,611.25
7410,飲料,612.5
7411,日用品,613.75
7412,家電,615.0
7413,食品,616.25
7414,飲料,617.5
7415,日用品,618.75
7416,家電,620.0
7417,食品,621.25
7418,飲料,622.5
7419,日用品,623.75
7420,家電,625.0
7421,食品,626.25
7422,飲料,627.5
7423,日用品,628.75
7424,家電,630.0
7425,食品,631.25
7426,飲料,632.5
7427,日用品,633.75
7428,家電,635.0
7429,食品,636.25
7430,飲料,637.5
7431,日用品,638.75
7432,家電,640.0
7433,食品,641.25
7434,飲料,642.5
7435,日用品,643.75
7436,家電,645.0
7437,食品,646.25
7438,飲料,647.5
7439,日用品,648.75
7440,家電,650.0
7441,食品,651.25
7442,飲料,652.5
7443,日用品,653.75
7444,家電,655.0
7445,食品,656.25
7446,飲料,657.5
7447,日用品,658.75
7448,家電,660.0
7449,食品,661.25
7450,飲料,662.5
7451,日用品,663.75
7452,家電,665.0
7453,食品,666.25
7454,飲料,667.5
7455,日用品,668.75
7456,家電,670.0
7457,食品,671.25
7458,飲料,672.5
7459,日用品,673.75
7460,家電,675.0
7461,食品,676.25
7462,飲料,677.5
7463,日用品,678.75
7464,家電,680.0
7465,食品,681.25
7466,飲料,682.5
7467,日用品,683.75
7468,家電,685.0
7469,食品,686.25
7470,飲料,687.5
7471,日用品,688.75
7472,家電,690.0
7473,食品,691.25
7474,飲料,692.5
7475,日用品,693.75
7476,家電,695.0
7477,食品,696.25
7478,飲料,697.5
7479,日用品,698.75
7480,家電,700.0
7481,食品,701.25
7482,飲料,702.5
7483,日用品,703.75
7484,家電,705.0
7485,食品,706.25
7486,飲料,707.5
7487,日用品,708.75
7488,家電,710.0
7489,食品,711.25
7490,飲料,712.5
7491,日用品,713.75
7492,家電,715.0
7493,食品,716.25
7494,飲料,717.5
7495,日用品,718.75
7496,家電,720.0
7497,食品,721.25
7498,飲料,722.5
7499,日用品,723.75
7500,家電,100.0
7501,食品,101.25
7502,飲料,102.5
7503,日用品,103.75
7504,家電,105.0
7505,食品,106.25
7506,飲料,107.5
7507,日用品,108.75
7508,家電,110.0
7509,食品,111.25
7510,飲料,112.5
7511,日用品,113.75
7512,家電,115.0
7513,食品,116.25
7514,飲料,117.5
7515,日用品,118.75
7516,家電,120.0
7517,食品,121.25
7518,飲料,122.5
7519,日用品,123.75
7520,家電,125.0
7521,食品,126.25
7522,飲料,127.5
7523,日用品,128.75
7524,家電,130.0
7525,食品,131.25
7526,飲料,132.5
7527,日用品,133.75
7528,家電,135.0
7529,食品,136.25
7530,飲料,137.5
7531,日用品,138.75
7532,家電,140.0
7533,食品,141.25
7534,飲料,142.5
7535,日用品,143.75
7536,家電,145.0
7537,食品,146.25
7538,飲料,147.5
7539,日用品,148.75
7540,家電,150.0
7541,食品,151.25
7542,飲料,152.5
7543,日用品,153.75
7544,家電,155.0
7545,食品,156.25
7546,飲料,157.5
7547,日用品,158.75
7548,家電,160.0
7549,食品,161.25
7550,飲料,162.5
7551,日用品,163.75
7552,家電,165.0
7553,食品,166.25
7554,飲料,167.5
7555,日用品,168.75
7556,家電,170.0
7557,食品,171.25
7558,飲料,172.5
7559,日用品,173.75
7560,家電,175.0
7561,食品,176.25
7562,飲料,177.5
7563,日用品,178.75
7564,家電,180.0
7565,食品,181.25
7566,飲料,182.5
7567,日用品,183.75
7568,家電,185.0
7569,食品,186.25
7570,飲料,187.5
7571,日用品,188.75
7572,家電,190.0
7573,食品,191.25
7574,飲料,192.5
7575,日用品,193.75
7576,家電,195.0
7577,食品,196.25
7578,飲料,197.5
7579,日用品,198.75
7580,家電,200.0
7581,食品,201.25
7582,飲料,202.5
7583,日用品,203.75
7584,家電,205.0
7585,食品,206.25
7586,飲料,207.5
7587,日用品,208.75
7588,家電,210.0
7589,食品,211.25
7590,飲料,212.5
7591,日用品,213.75
7592,家電,215.0
7593,食品,216.25
7594,飲料,217.5
7595,日用品,218.75
7596,家電,220.0
7597,食品,221.25
7598,飲料,222.5
7599,日用品,223.75
7600,家電,225.0
7601,食品,226.25
7602,飲料,227.5
7603,日用品,228.75
7604,家電,230.0
7605,食品,231.25
7606,飲料,232.5
7607,日用品,233.75
7608,家電,235.0
7609,食品,236.25
7610,飲料,237.5
7611,日用品,238.75
7612,家電,240.0
7613,食品,241.25
7614,飲料,242.5
7615,日用品,243.75
7616,家電,245.0
7617,食品,246.25
7618,飲料,247.5
7619,日用品,248.75
7620,家電,250.0
7621,食品,251.25
7622,飲料,252.5
7623,日用品,253.75
7624,家電,255.0
7625,食品,256.25
7626,飲料,257.5
7627,日用品,258.75
7628,家電,260.0
7629,食品,261.25
7630,飲料,262.5
7631,日用品,263.75
7632,家電,265.0
7633,食品,266.25
7634,飲料,267.5
7635,日用品,268.75
7636,家電,270.0
7637,食品,271.25
7638,飲料,272.5
7639,日用品,273.75
7640,家電,275.0
7641,食品,276.25
7642,飲料,277.5
7643,日用品,278.75
7644,家電,280.0
7645,食品,281.25
7646,飲料,282.5
7647,日用品,283.75
7648,家電,285.0
7649,食品,286.25
7650,飲料,287.5
7651,日用品,288.75
7652,家電,290.0
7653,食品,291.25
7654,飲料,292.5
7655,日用品,293.75
7656,家電,295.0
7657,食品,296.25
7658,飲料,297.5
7659,日用品,298.75
7660,家電,300.0
7661,食品,301.25
7662,飲料,302.5
7663,日用品,303.75
7664,家電,305.0
7665,食品,306.25
7666,飲料,307.5
7667,日用品,308.75
7668,家電,310.0
7669,食品,311.25
7670,飲料,312.5
7671,日用品,313.75
7672,家電,315.0
7673,食品,316.25
7674,飲料,317.5
7675,日用品,318.75
7676,家電,320.0
7677,食品,321.25
7678,飲料,322.5
7679,日用品,323.75
7680,家電,325.0
7681,食品,326.25
7682,飲料,327.5
7683,日用品,328.75
7684,家電,330.0
7685,食品,331.25
7686,飲料,332.5
7687,日用品,333.75
7688,家電,335.0
7689,食品,336.25
7690,飲料,337.5
7691,日用品,338.75
7692,家電,340.0
7693,食品,341.25
7694,飲料,342.5
7695,日用品,343.75
7696,家電,345.0
7697,食品,346.25
7698,飲料,347.5
7699,日用品,348.75
7700,家電,350.0
7701,食品,351.25
7702,飲料,352.5
7703,日用品,353.75
7704,家電,355.0
7705,食品,356.25
7706,飲料,357.5
7707,日用品,358.75
7708,家電,360.0
7709,食品,361.25
7710,飲料,362.5
7711,日用品,363.75
7712,家電,365.0
7713,食品,366.25
7714,飲料,367.5
7715,日用品,368.75
7716,家電,370.0
7717,食品,371.25
7718,飲料,372.5
7719,日用品,373.75
7720,家電,375.0
7721,食品,376.25
7722,飲料,377.5
7723,日用品,378.75
7724,家電,380.0
7725,食品,381.25
7726,飲料,382.5
7727,日用品,383.75
7728,家電,385.0
7729,食品,386.25
7730,飲料,387.5
7731,日用品,388.75
7732,家電,390.0
7733,食品,391.25
7734,飲料,392.5
7735,日用品,393.75
7736,家電,395.0
7737,食品,396.25
7738,飲料,397.5
7739,日用品,398.75
7740,家電,400.0
7741,食品,401.25
7742,飲料,402.5
7743,日用品,403.75
7744,家電,405.0
7745,食品,406.25
7746,飲料,407.5
7747,日用品,408.75
7748,家電,410.0
7749,食品,411.25
7750,飲料,412.5
7751,日用品,413.75
7752,家電,415.0
7753,食品,416.25
7754,飲料,417.5
7755,日用品,418.75
7756,家電,420.0
7757,食品,421.25
7758,飲料,422.5
7759,日用品,423.75
7760,家電,425.0
7761,食品,426.25
7762,飲料,427.5
7763,日用品,428.75
7764,家電,430.0
7765,食品,431.25
7766,飲料,432.5
7767,日用品,433.75
7768,家電,435.0
7769,食品,436.25
7770,飲料,437.5
7771,日用品,438.75
7772,家電,440.0
7773,食品,441.25
7774,飲料,442.5
7775,日用品,443.75
7776,家電,445.0
7777,食品,446.25
7778,飲料,447.5
7779,日用品,448.75
7780,家電,450.0
7781,食品,451.25
7782,飲料,452.5
7783,日用品,453.75
7784,家電,455.0
7785,食品,456.25
7786,飲料,457.5
7787,日用品,458.75
7788,家電,460.0
7789,食品,461.25
7790,飲料,462.5
7791,日用品,463.75
7792,家電,465.0
7793,食品,466.25
7794,飲料,467.5
7795,日用品,468.75
7796,家電,470.0
7797,食品,471.25
7798,飲料,472.5
7799,日用品,473.75
7800,家電,475.0
7801,食品,476.25
7802,飲料,477.5
7803,日用品,478.75
7804,家電,480.0
7805,食品,481.25
7806,飲料,482.5
7807,日用品,483.75
7808,家電,485.0
7809,食品,486.25
7810,飲料,487.5
7811,日用品,488.75
7812,家電,490.0
7813,食品,491.25
7814,飲料,492.5
7815,日用品,493.75
7816,家電,495.0
7817,食品,496.25
7818,飲料,497.5
7819,日用品,498.75
7820,家電,500.0
7821,食品,501.25
7822,飲料,502.5
7823,日用品,503.75
7824,家電,505.0
7825,食品,506.25
7826,飲料,507.5
7827,日用品,508.75
7828,家電,510.0
7829,食品,511.25
7830,飲料,512.5
7831,日用品,513.75
7832,家電,515.0
7833,食品,516.25
7834,飲料,517.5
7835,日用品,518.75
7836,家電,520.0
7837,食品,521.25
7838,飲料,522.5
7839,日用品,523.75
7840,家電,525.0
7841,食品,526.25
7842,飲料,527.5
7843,日用品,528.75
7844,家電,530.0
7845,食品,531.25
7846,飲料,532.5
7847,日用品,533.75
7848,家電,535.0
7849,食品,536.25
7850,飲料,537.5
7851,日用品,538.75
7852,家電,540.0
7853,食品,541.25
7854,飲料,542.5
7855,日用品,543.75
7856,家電,545.0
7857,食品,546.25
7858,飲料,547.5
7859,日用品,548.75
7860,家電,550.0
7861,食品,551.25
7862,飲料,552.5
7863,日用品,553.75
7864,家電,555.0
7865,食品,556.25
7866,飲料,557.5
7867,日用品,558.75
7868,家電,560.0
7869,食品,561.25
7870,飲料,562.5
7871,日用品,563.75
7872,家電,565.0
7873,食品,566.25
7874,飲料,567.5
7875,日用品,568.75
7876,家電,570.0
7877,食品,571.25
7878,飲料,572.5
7879,日用品,573.75
7880,家電,575.0
7881,食品,576.25
7882,飲料,577.5
7883,日用品,578.75
7884,家電,580.0
7885,食品,581.25
7886,飲料,582.5
7887,日用品,583.75
7888,家電,585.0
7889,食品,586.25
7890,飲料,587.5
7891,日用品,588.75
7892,家電,590.0
7893,食品,591.25
7894,飲料,592.5
7895,日用品,593.75
7896,家電,595.0
7897,食品,596.25
7898,飲料,597.5
7899,日用品,598.75
7900,家電,600.0
7901,食品,601.25
7902,飲料,602.5
7903,日用品,603.75
7904,家電,605.0
7905,食品,606.25
7906,飲料,607.5
7907,日用品,608.75
7908,家電,610.0
7909,食品,611.25
7910,飲料,612.5
7911,日用品,613.75
7912,家電,615.0
7913,食品,616.25
7914,飲料,617.5
7915,日用品,618.75
7916,家電,620.0
7917,食品,621.25
7918,飲料,622.5
7919,日用品,623.75
7920,家電,625.0
7921,食品,626.25
7922,飲料,627.5
7923,日用品,628.75
7924,家電,630.0
7925,食品,631.25
7926,飲料,632.5
7927,日用品,633.75
7928,家電,635.0
7929,食品,636.25
7930,飲料,637.5
7931,日用品,638.75
7932,家電,640.0
7933,食品,641.25
7934,飲料,642.5
7935,日用品,643.75
7936,家電,645.0
7937,食品,646.25
7938,飲料,647.5
7939,日用品,648.75
7940,家電,650.0
7941,食品,651.25
7942,飲料,652.5
7943,日用品,653.75
7944,家電,655.0
7945,食品,656.25
7946,飲料,657.5
7947,日用品,658.75
7948,家電,660.0
7949,食品,661.25
7950,飲料,662.5
7951,日用品,663.75
7952,家電,665.0
7953,食品,666.25
7954,飲料,667.5
7955,日用品,668.75
7956,家電,670.0
7957,食品,671.25
7958,飲料,672.5
7959,日用品,673.75
7960,家電,675.0
7961,食品,676.25
7962,飲料,677.5
7963,日用品,678.75
7964,家電,680.0
7965,食品,681.25
7966,飲料,682.5
7967,日用品,683.75
7968,家電,685.0
7969,食品,686.25
7970,飲料,687.5
7971,日用品,688.75
7972,家電,690.0
7973,食品,691.25
7974,飲料,692.5
7975,日用品,693.75
7976,家電,695.0
7977,食品,696.25
7978,飲料,697.5
7979,日用品,698.75
7980,家電,700.0
7981,食品,701.25
7982,飲料,702.5
7983,日用品,703.75
7984,家電,705.0
7985,食品,706.25
7986,飲料,707.5
7987,日用品,708.75
7988,家電,710.0
7989,食品,711.25
7990,飲料,712.5
7991,日用品,713.75
7992,家電,715.0
7993,食品,716.25
7994,飲料,717.5
7995,日用品,718.75
7996,家電,720.0
7997,食品,721.25
7998,飲料,722.5
7999,日用品,723.75
8000,家電,100.0
8001,食品,101.25
8002,飲料,102.5
8003,日用品,103.75
8004,家電,105.0
8005,食品,106.25
8006,飲料,107.5
8007,日用品,108.75
8008,家電,110.0
8009,食品,111.25
8010,飲料,112.5
8011,日用品,113.75
8012,家電,115.0
8013,食品,116.25
8014,飲料,117.5
8015,日用品,118.75
8016,家電,120.0
8017,食品,121.25
8018,飲料,122.5
8019,日用品,123.75
8020,家電,125.0
8021,食品,126.25
8022,飲料,127.5
8023,日用品,128.75
8024,家電,130.0
8025,食品,131.25
8026,飲料,132.5
8027,日用品,133.75
8028,家電,135.0
8029,食品,136.25
8030,飲料,137.5
8031,日用品,138.75
8032,家電,140.0
8033,食品,141.25
8034,飲料,142.5
8035,日用品,143.75
8036,家電,145.0
8037,食品,146.25
8038,飲料,147.5
8039,日用品,148.75
8040,家電,150.0
8041,食品,151.25
8042,飲料,152.5
8043,日用品,153.75
8044,家電,155.0
8045,食品,156.25
8046,飲料,157.5
8047,日用品,158.75
8048,家電,160.0
8049,食品,161.25
8050,飲料,162.5
8051,日用品,163.75
8052,家電,165.0
8053,食品,166.25
8054,飲料,167.5
8055,日用品,168.75
8056,家電,170.0
8057,食品,171.25
8058,飲料,172.5
8059,日用品,173.75
8060,家電,175.0
8061,食品,176.25
8062,飲料,177.5
8063,日用品,178.75
8064,家電,180.0
8065,食品,181.25
8066,飲料,182.5
8067,日用品,183.75
8068,家電,185.0
8069,食品,186.25
8070,飲料,187.5
8071,日用品,188.75
8072,家電,190.0
8073,食品,191.25
8074,飲料,192.5
8075,日用品,193.75
8076,家電,195.0
8077,食品,196.25
8078,飲料,197.5
8079,日用品,198.75
8080,家電,200.0
8081,食品,201.25
8082,飲料,202.5
8083,日用品,203.75
8084,家電,205.0
8085,食品,206.25
8086,飲料,207.5
8087,日用品,208.75
8088,家電,210.0
8089,食品,211.25
8090,飲料,212.5
8091,日用品,213.75
8092,家電,215.0
8093,食品,216.25
8094,飲料,217.5
8095,日用品,218.75
8096,家電,220.0
8097,食品,221.25
8098,飲料,222.5
8099,日用品,223.75
8100,家電,225.0
8101,食品,226.25
8102,飲料,227.5
8103,日用品,228.75
8104,家電,230.0
8105,食品,231.25
8106,飲料,232.5
8107,日用品,233.75
8108,家電,235.0
8109,食品,236.25
8110,飲料,237.5
8111,日用品,238.75
8112,家電,240.0
8113,食品,241.25
8114,飲料,242.5
8115,日用品,243.75
8116,家電,245.0
8117,食品,246.25
8118,飲料,247.5
8119,日用品,248.75
8120,家電,250.0
8121,食品,251.25
8122,飲料,252.5
8123,日用品,253.75
8124,家電,255.0
8125,食品,256.25
8126,飲料,257.5
8127,日用品,258.75
8128,家電,260.0
8129,食品,261.25
8130,飲料,262.5
8131,日用品,263.75
8132,家電,265.0
8133,食品,266.25
8134,飲料,267.5
8135,日用品,268.75
8136,家電,270.0
8137,食品,271.25
8138,飲料,272.5
8139,日用品,273.75
8140,家電,275.0
8141,食品,276.25
8142,飲料,277.5
8143,日用品,278.75
8144,家電,280.0
8145,食品,281.25
8146,飲料,282.5
8147,日用品,283.75
8148,家電,285.0
8149,食品,286.25
8150,飲料,287.5
8151,日用品,288.75
8152,家電,290.0
8153,食品,291.25
8154,飲料,292.5
8155,日用品,293.75
8156,家電,295.0
8157,食品,296.25
8158,飲料,297.5
8159,日用品,298.75
8160,家電,300.0
8161,食品,301.25
8162,飲料,302.5
8163,日用品,303.75
8164,家電,305.0
8165,食品,306.25
8166,飲料,307.5
8167,日用品,308.75
8168,家電,310.0
8169,食品,311.25
8170,飲料,312.5
8171,日用品,313.75
8172,家電,315.0
8173,食品,316.25
8174,飲料,317.5
8175,日用品,318.75
8176,家電,320.0
8177,食品,321.25
8178,飲料,322.5
8179,日用品,323.75
8180,家電,325.0
8181,食品,326.25
8182,飲料,327.5
8183,日用品,328.75
8184,家電,330.0
8185,食品,331.25
8186,飲料,332.5
8187,日用品,333.75
8188,家電,335.0
8189,食品,336.25
8190,飲料,337.5
8191,日用品,338.75
8192,家電,340.0
8193,食品,341.25
8194,飲料,342.5
8195,日用品,343.75
8196,家電,345.0
8197,食品,346.25
8198,飲料,347.5
8199,日用品,348.75
8200,家電,350.0
8201,食品,351.25
8202,飲料,352.5
8203,日用品,353.75
8204,家電,355.0
8205,食品,356.25
8206,飲料,357.5
8207,日用品,358.75
8208,家電,360.0
8209,食品,361.25
8210,飲料,362.5
8211,日用品,363.75
8212,家電,365.0
8213,食品,366.25
8214,飲料,367.5
8215,日用品,368.75
8216,家電,370.0
8217,食品,371.25
8218,飲料,372.5
8219,日用品,373.75
8220,家電,375.0
8221,食品,376.25
8222,飲料,377.5
8223,日用品,378.75
8224,家電,380.0
8225,食品,381.25
8226,飲料,382.5
8227,日用品,383.75
8228,家電,385.0
8229,食品,386.25
8230,飲料,387.5
8231,日用品,388.75
8232,家電,390.0
8233,食品,391.25
8234,飲料,392.5
8235,日用品,393.75
8236,家電,395.0
8237,食品,396.25
8238,飲料,397.5
8239,日用品,398.75
8240,家電,400.0
8241,食品,401.25
8242,飲料,402.5
8243,日用品,403.75
8244,家電,405.0
8245,食品,406.25
8246,飲料,407.5
8247,日用品,408.75
8248,家電,410.0
8249,食品,411.25
8250,飲料,412.5
8251,日用品,413.75
8252,家電,415.0
8253,食品,416.25
8254,飲料,417.5
8255,日用品,418.75
8256,家電,420.0
8257,食品,421.25
8258,飲料,422.5
8259,日用品,423.75
8260,家電,425.0
8261,食品,426.25
8262,飲料,427.5
8263,日用品,428.75
8264,家電,430.0
8265,食品,431.25
8266,飲料,432.5
8267,日用品,433.75
8268,家電,435.0
8269,食品,436.25
8270,飲料,437.5
8271,日用品,438.75
8272,家電,440.0
8273,食品,441.25
8274,飲料,442.5
8275,日用品,443.75
8276,家電,445.0
8277,食品,446.25
8278,飲料,447.5
8279,日用品,448.75
8280,家電,450.0
8281,食品,451.25
8282,飲料,452.5
8283,日用品,453.75
8284,家電,455.0
8285,食品,456.25
8286,飲料,457.5
8287,日用品,458.75
8288,家電,460.0
8289,食品,461.25
8290,飲料,462.5
8291,日用品,463.75
8292,家電,465.0
8293,食品,466.25
8294,飲料,467.5
8295,日用品,468.75
8296,家電,470.0
8297,食品,471.25
8298,飲料,472.5
8299,日用品,473.75
8300,家電,475.0
8301,食品,476.25
8302,飲料,477.5
8303,日用品,478.75
8304,家電,480.0
8305,食品,481.25
8306,飲料,482.5
8307,日用品,483.75
8308,家電,485.0
8309,食品,486.25
8310,飲料,487.5
8311,日用品,488.75
8312,家電,490.0
8313,食品,491.25
8314,飲料,492.5
8315,日用品,493.75
8316,家電,495.0
8317,食品,496.25
8318,飲料,497.5
8319,日用品,498.75
8320,家電,500.0
8321,食品,501.25
8322,飲料,502.5
8323,日用品,503.75
8324,家電,505.0
8325,食品,506.25
8326,飲料,507.5
8327,日用品,508.75
8328,家電,510.0
8329,食品,511.25
8330,飲料,512.5
8331,日用品,513.75
8332,家電,515.0
8333,食品,516.25
8334,飲料,517.5
8335,日用品,518.75
8336,家電,520.0
8337,食品,521.25
8338,飲料,522.5
8339,日用品,523.75
8340,家電,525.0
8341,食品,526.25
8342,飲料,527.5
8343,日用品,528.75
8344,家電,530.0
8345,食品,531.25
8346,飲料,532.5
8347,日用品,533.75
8348,家電,535.0
8349,食品,536.25
8350,飲料,537.5
8351,日用品,538.75
8352,家電,540.0
8353,食品,541.25
8354,飲料,542.5
8355,日用品,543.75
8356,家電,545.0
8357,食品,546.25
8358,飲料,547.5
8359,日用品,548.75
8360,家電,550.0
8361,食品,551.25
8362,飲料,552.5
8363,日用品,553.75
8364,家電,555.0
8365,食品,556.25
8366,飲料,557.5
8367,日用品,558.75
8368,家電,560.0
8369,食品,561.25
8370,飲料,562.5
8371,日用品,563.75
8372,家電,565.0
8373,食品,566.25
8374,飲料,567.5
8375,日用品,568.75
8376,家電,570.0
8377,食品,571.25
8378,飲料,572.5
8379,日用品,573.75
8380,家電,575.0
8381,食品,576.25
8382,飲料,577.5
8383,日用品,578.75
8384,家電,580.0
8385,食品,581.25
8386,飲料,582.5
8387,日用品,583.75
8388,家電,585.0
8389,食品,586.25
8390,飲料,587.5
8391,日用品,588.75
8392,家電,590.0
8393,食品,591.25
8394,飲料,592.5
8395,日用品,593.75
8396,家電,595.0
8397,食品,596.25
8398,飲料,597.5
8399,日用品,598.75
8400,家電,600.0
8401,食品,601.25
8402,飲料,602.5
8403,日用品,603.75
8404,家電,605.0
8405,食品,606.25
8406,飲料,607.5
8407,日用品,608.75
8408,家電,610.0
8409,食品,611.25
8410,飲料,612.5
8411,日用品,613.75
8412,家電,615.0
8413,食品,616.25
8414,飲料,617.5
8415,日用品,618.75
8416,家電,620.0
8417,食品,621.25
8418,飲料,622.5
8419,日用品,623.75
8420,家電,625.0
8421,食品,626.25
8422,飲料,627.5
8423,日用品,628.75
8424,家電,630.0
8425,食品,631.25
8426,飲料,632.5
8427,日用品,633.75
8428,家電,635.0
8429,食品,636.25
8430,飲料,637.5
8431,日用品,638.75
8432,家電,640.0
8433,食品,641.25
8434,飲料,642.5
8435,日用品,643.75
8436,家電,645.0
8437,食品,646.25
8438,飲料,647.5
8439,日用品,648.75
8440,家電,650.0
8441,食品,651.25
8442,飲料,652.5
8443,日用品,653.75
8444,家電,655.0
8445,食品,656.25
8446,飲料,657.5
8447,日用品,658.75
8448,家電,660.0
8449,食品,661.25
8450,飲料,662.5
8451,日用品,663.75
8452,家電,665.0
8453,食品,666.25
8454,飲料,667.5
8455,日用品,668.75
8456,家電,670.0
8457,食品,671.25
8458,飲料,672.5
8459,日用品,673.75
8460,家電,675.0
8461,食品,676.25
8462,飲料,677.5
8463,日用品,678.75
8464,家電,680.0
8465,食品,681.25
8466,飲料,682.5
8467,日用品,683.75
8468,家電,685.0
8469,食品,686.25
8470,飲料,687.5
8471,日用品,688.75
8472,家電,690.0
8473,食品,691.25
8474,飲料,692.5
8475,日用品,693.75
8476,家電,695.0
8477,食品,696.25
8478,飲料,697.5
8479,日用品,698.75
8480,家電,700.0
8481,食品,701.25
8482,飲料,702.5
8483,日用品,703.75
8484,家電,705.0
8485,食品,706.25
8486,飲料,707.5
8487,日用品,708.75
8488,家電,710.0
8489,食品,711.25
8490,飲料,712.5
8491,日用品,713.75
8492,家電,715.0
8493,食品,716.25
8494,飲料,717.5
8495,日用品,718.75
8496,家電,720.0
8497,食品,721.25
8498,飲料,722.5
8499,日用品,723.75
8500,家電,100.0
8501,食品,101.25
8502,飲料,102.5
8503,日用品,103.75
8504,家電,105.0
8505,食品,106.25
8506,飲料,107.5
8507,日用品,108.75
8508,家電,110.0
8509,食品,111.25
8510,飲料,112.5
8511,日用品,113.75
8512,家電,115.0
8513,食品,116.25
8514,飲料,117.5
8515,日用品,118.75
8516,家電,120.0
8517,食品,121.25
8518,飲料,122.5
8519,日用品,123.75
8520,家電,125.0
8521,食品,126.25
8522,飲料,127.5
8523,日用品,128.75
8524,家電,130.0
8525,食品,131.25
8526,飲料,132.5
8527,日用品,133.75
8528,家電,135.0
8529,食品,136.25
8530,飲料,137.5
8531,日用品,138.75
8532,家電,140.0
8533,食品,141.25
8534,飲料,142.5
8535,日用品,143.75
8536,家電,145.0
8537,食品,146.25
8538,飲料,147.5
8539,日用品,148.75
8540,家電,150.0
8541,食品,151.25
8542,飲料,152.5
8543,日用品,153.75
8544,家電,155.0
8545,食品,156.25
8546,飲料,157.5
8547,日用品,158.75
8548,家電,160.0
8549,食品,161.25
8550,飲料,162.5
8551,日用品,163.75
8552,家電,165.0
8553,食品,166.25
8554,飲料,167.5
8555,日用品,168.75
8556,家電,170.0
8557,食品,171.25
8558,飲料,172.5
8559,日用品,173.75
8560,家電,175.0
8561,食品,176.25
8562,飲料,177.5
8563,日用品,178.75
8564,家電,180.0
8565,食品,181.25
8566,飲料,182.5
8567,日用品,183.75
8568,家電,185.0
8569,食品,186.25
8570,飲料,187.5
8571,日用品,188.75
8572,家電,190.0
8573,食品,191.25
8574,飲料,192.5
8575,日用品,193.75
8576,家電,195.0
8577,食品,196.25
8578,飲料,197.5
8579,日用品,198.75
8580,家電,200.0
8581,食品,201.25
8582,飲料,202.5
8583,日用品,203.75
8584,家電,205.0
8585,食品,206.25
8586,飲料,207.5
8587,日用品,208.75
8588,家電,210.0
8589,食品,211.25
8590,飲料,212.5
8591,日用品,213.75
8592,家電,215.0
8593,食品,216.25
8594,飲料,217.5
8595,日用品,218.75
8596,家電,220.0
8597,食品,221.25
8598,飲料,222.5
8599,日用品,223.75
8600,家電,225.0
8601,食品,226.25
8602,飲料,227.5
8603,日用品,228.75
8604,家電,230.0
8605,食品,231.25
8606,飲料,232.5
8607,日用品,233.75
8608,家電,235.0
8609,食品,236.25
8610,飲料,237.5
8611,日用品,238.75
8612,家電,240.0
8613,食品,241.25
8614,飲料,242.5
8615,日用品,243.75
8616,家電,245.0
8617,食品,246.25
8618,飲料,247.5
8619,日用品,248.75
8620,家電,250.0
8621,食品,251.25
8622,飲料,252.5
8623,日用品,253.75
8624,家電,255.0
8625,食品,256.25
8626,飲料,257.5
8627,日用品,258.75
8628,家電,260.0
8629,食品,261.25
8630,飲料,262.5
8631,日用品,263.75
8632,家電,265.0
8633,食品,266.25
8634,飲料,267.5
8635,日用品,268.75
8636,家電,270.0
8637,食品,271.25
8638,飲料,272.5
8639,日用品,273.75
8640,家電,275.0
8641,食品,276.25
8642,飲料,277.5
8643,日用品,278.75
8644,家電,280.0
8645,食品,281.25
8646,飲料,282.5
8647,日用品,283.75
8648,家電,285.0
8649,食品,286.25
8650,飲料,287.5
8651,日用品,288.75
8652,家電,290.0
8653,食品,291.25
8654,飲料,292.5
8655,日用品,293.75
8656,家電,295.0
8657,食品,296.25
8658,飲料,297.5
8659,日用品,298.75
8660,家電,300.0
8661,食品,301.25
8662,飲料,302.5
8663,日用品,303.75
8664,家電,305.0
8665,食品,306.25
8666,飲料,307.5
8667,日用品,308.75
8668,家電,310.0
8669,食品,311.25
8670,飲料,312.5
8671,日用品,313.75
8672,家電,315.0
8673,食品,316.25
8674,飲料,317.5
8675,日用品,318.75
8676,家電,320.0
8677,食品,321.25
8678,飲料,322.5
8679,日用品,323.75
8680,家電,325.0
8681,食品,326.25
8682,飲料,327.5
8683,日用品,328.75
8684,家電,330.0
8685,食品,331.25
8686,飲料,332.5
8687,日用品,333.75
8688,家電,335.0
8689,食品,336.25
8690,飲料,337.5
8691,日用品,338.75
8692,家電,340.0
8693,食品,341.25
8694,飲料,342.5
8695,日用品,343.75
8696,家電,345.0
8697,食品,346.25
8698,飲料,347.5
8699,日用品,348.75
8700,家電,350.0
8701,食品,351.25
8702,飲料,352.5
8703,日用品,353.75
8704,家電,355.0
8705,食品,356.25
8706,飲料,357.5
8707,日用品,358.75
8708,家電,360.0
8709,食品,361.25
8710,飲料,362.5
8711,日用品,363.75
8712,家電,365.0
8713,食品,366.25
8714,飲料,367.5
8715,日用品,368.75
8716,家電,370.0
8717,食品,371.25
8718,飲料,372.5
8719,日用品,373.75
8720,家電,375.0
8721,食品,376.25
8722,飲料,377.5
8723,日用品,378.75
8724,家電,380.0
8725,食品,381.25
8726,飲料,382.5
8727,日用品,383.75
8728,家電,385.0
8729,食品,386.25
8730,飲料,387.5
8731,日用品,388.75
8732,家電,390.0
8733,食品,391.25
8734,飲料,392.5
8735,日用品,393.75
8736,家電,395.0
8737,食品,396.25
8738,飲料,397.5
8739,日用品,398.75
8740,家電,400.0
8741,食品,401.25
8742,飲料,402.5
8743,日用品,403.75
8744,家電,405.0
8745,食品,406.25
8746,飲料,407.5
8747,日用品,408.75
8748,家電,410.0
8749,食品,411.25
8750,飲料,412.5
8751,日用品,413.75
8752,家電,415.0
8753,食品,416.25
8754,飲料,417.5
8755,日用品,418.75
8756,家電,420.0
8757,食品,421.25
8758,飲料,422.5
8759,日用品,423.75
8760,家電,425.0
8761,食品,426.25
8762,飲料,427.5
8763,日用品,428.75
8764,家電,430.0
8765,食品,431.25
8766,飲料,432.5
8767,日用品,433.75
8768,家電,435.0
8769,食品,436.25
8770,飲料,437.5
8771,日用品,438.75
8772,家電,440.0
8773,食品,441.25
8774,飲料,442.5
8775,日用品,443.75
8776,家電,445.0
8777,食品,446.25
8778,飲料,447.5
8779,日用品,448.75
8780,家電,450.0
8781,食品,451.25
8782,飲料,452.5
8783,日用品,453.75
8784,家電,455.0
8785,食品,456.25
8786,飲料,457.5
8787,日用品,458.75
8788,家電,460.0
8789,食品,461.25
8790,飲料,462.5
8791,日用品,463.75
8792,家電,465.0
8793,食品,466.25
8794,飲料,467.5
8795,日用品,468.75
8796,家電,470.0
8797,食品,471.25
8798,飲料,472.5
8799,日用品,473.75
8800,家電,475.0
8801,食品,476.25
8802,飲料,477.5
8803,日用品,478.75
8804,家電,480.0
8805,食品,481.25
8806,飲料,482.5
8807,日用品,483.75
8808,家電,485.0
8809,食品,486.25
8810,飲料,487.5
8811,日用品,488.75
8812,家電,490.0
8813,食品,491.25
8814,飲料,492.5
8815,日用品,493.75
8816,家電,495.0
8817,食品,496.25
8818,飲料,497.5
8819,日用品,498.75
8820,家電,500.0
8821,食品,501.25
8822,飲料,502.5
8823,日用品,503.75
8824,家電,505.0
8825,食品,506.25
8826,飲料,507.5
8827,日用品,508.75
8828,家電,510.0
8829,食品,511.25
8830,飲料,512.5
8831,日用品,513.75
8832,家電,515.0
8833,食品,516.25
8834,飲料,517.5
8835,日用品,518.75
8836,家電,520.0
8837,食品,521.25
8838,飲料,522.5
8839,日用品,523.75
8840,家電,525.0
8841,食品,526.25
8842,飲料,527.5
8843,日用品,528.75
8844,家電,530.0
8845,食品,531.25
8846,飲料,532.5
8847,日用品,533.75
8848,家電,535.0
8849,食品,536.25
8850,飲料,537.5
8851,日用品,538.75
8852,家電,540.0
8853,食品,541.25
8854,飲料,542.5
8855,日用品,543.75
8856,家電,545.0
8857,食品,546.25
8858,飲料,547.5
8859,日用品,548.75
8860,家電,550.0
8861,食品,551.25
8862,飲料,552.5
8863,日用品,553.75
8864,家電,555.0
8865,食品,556.25
8866,飲料,557.5
8867,日用品,558.75
8868,家電,560.0
8869,食品,561.25
8870,飲料,562.5
8871,日用品,563.75
8872,家電,565.0
8873,食品,566.25
8874,飲料,567.5
8875,日用品,568.75
8876,家電,570.0
8877,食品,571.25
8878,飲料,572.5
8879,日用品,573.75
8880,家電,575.0
8881,食品,576.25
8882,飲料,577.5
8883,日用品,578.75
8884,家電,580.0
8885,食品,581.25
8886,飲料,582.5
8887,日用品,583.75
8888,家電,585.0
8889,食品,586.25
8890,飲料,587.5
8891,日用品,588.75
8892,家電,590.0
8893,食品,591.25
8894,飲料,592.5
8895,日用品,593.75
8896,家電,595.0
8897,食品,596.25
8898,飲料,597.5
8899,日用品,598.75
8900,家電,600.0
8901,食品,601.25
8902,飲料,602.5
8903,日用品,603.75
8904,家電,605.0
8905,食品,606.25
8906,飲料,607.5
8907,日用品,608.75
8908,家電,610.0
8909,食品,611.25
8910,飲料,612.5
8911,日用品,613.75
8912,家電,615.0
8913,食品,616.25
8914,飲料,617.5
8915,日用品,618.75
8916,家電,620.0
8917,食品,621.25
8918,飲料,622.5
8919,日用品,623.75
8920,家電,625.0
8921,食品,626.25
8922,飲料,627.5
8923,日用品,628.75
8924,家電,630.0
8925,食品,631.25
8926,飲料,632.5
8927,日用品,633.75
8928,家電,635.0
8929,食品,636.25
8930,飲料,637.5
8931,日用品,638.75
8932,家電,640.0
8933,食品,641.25
8934,飲料,642.5
8935,日用品,643.75
8936,家電,645.0
8937,食品,646.25
8938,飲料,647.5
8939,日用品,648.75
8940,家電,650.0
8941,食品,651.25
8942,飲料,652.5
8943,日用品,653.75
8944,家電,655.0
8945,食品,656.25
8946,飲料,657.5
8947,日用品,658.75
8948,家電,660.0
8949,食品,661.25
8950,飲料,662.5
8951,日用品,663.75
8952,家電,665.0
8953,食品,666.25
8954,飲料,667.5
8955,日用品,668.75
8956,家電,670.0
8957,食品,671.25
8958,飲料,672.5
8959,日用品,673.75
8960,家電,675.0
8961,食品,676.25
8962,飲料,677.5
8963,日用品,678.75
8964,家電,680.0
8965,食品,681.25
8966,飲料,682.5
8967,日用品,683.75
8968,家電,685.0
8969,食品,686.25
8970,飲料,687.5
8971,日用品,688.75
8972,家電,690.0
8973,食品,691.25
8974,飲料,692.5
8975,日用品,693.75
8976,家電,695.0
8977,食品,696.25
8978,飲料,697.5
8979,日用品,698.75
8980,家電,700.0
8981,食品,701.25
8982,飲料,702.5
8983,日用品,703.75
8984,家電,705.0
8985,食品,706.25
8986,飲料,707.5
8987,日用品,708.75
8988,家電,710.0
8989,食品,711.25
8990,飲料,712.5
8991,日用品,713.75
8992,家電,715.0
8993,食品,716.25
8994,飲料,717.5
8995,日用品,718.75
8996,家電,720.0
8997,食品,721.25
8998,飲料,722.5
8999,日用品,723.75
9000,家電,100.0
9001,食品,101.25
9002,飲料,102.5
9003,日用品,103.75
9004,家電,105.0
9005,食品,106.25
9006,飲料,107.5
9007,日用品,108.75
9008,家電,110.0
9009,食品,111.25
9010,飲料,112.5
9011,日用品,113.75
9012,家電,115.0
9013,食品,116.25
9014,飲料,117.5
9015,日用品,118.75
9016,家電,120.0
9017,食品,121.25
9018,飲料,122.5
9019,日用品,123.75
9020,家電,125.0
9021,食品,126.25
9022,飲料,127.5
9023,日用品,128.75
9024,家電,130.0
9025,食品,131.25
9026,飲料,132.5
9027,日用品,133.75
9028,家電,135.0
9029,食品,136.25
9030,飲料,137.5
9031,日用品,138.75
9032,家電,140.0
9033,食品,141.25
9034,飲料,142.5
9035,日用品,143.75
9036,家電,145.0
9037,食品,146.25
9038,飲料,147.5
9039,日用品,148.75
9040,家電,150.0
9041,食品,151.25
9042,飲料,152.5
9043,日用品,153.75
9044,家電,155.0
9045,食品,156.25
9046,飲料,157.5
9047,日用品,158.75
9048,家電,160.0
9049,食品,161.25
9050,飲料,162.5
9051,日用品,163.75
9052,家電,165.0
9053,食品,166.25
9054,飲料,167.5
9055,日用品,168.75
9056,家電,170.0
9057,食品,171.25
9058,飲料,172.5
9059,日用品,173.75
9060,家電,175.0
9061,食品,176.25
9062,飲料,177.5
9063,日用品,178.75
9064,家電,180.0
9065,食品,181.25
9066,飲料,182.5
9067,日用品,183.75
9068,家電,185.0
9069,食品,186.25
9070,飲料,187.5
9071,日用品,188.75
9072,家電,190.0
9073,食品,191.25
9074,飲料,192.5
9075,日用品,193.75
9076,家電,195.0
9077,食品,196.25
9078,飲料,197.5
9079,日用品,198.75
9080,家電,200.0
9081,食品,201.25
9082,飲料,202.5
9083,日用品,203.75
9084,家電,205.0
9085,食品,206.25
9086,飲料,207.5
9087,日用品,208.75
9088,家電,210.0
9089,食品,211.25
9090,飲料,212.5
9091,日用品,213.75
9092,家電,215.0
9093,食品,216.25
9094,飲料,217.5
9095,日用品,218.75
9096,家電,220.0
9097,食品,221.25
9098,飲料,222.5
9099,日用品,223.75
9100,家電,225.0
9101,食品,226.25
9102,飲料,227.5
9103,日用品,228.75
9104,家電,230.0
9105,食品,231.25
9106,飲料,232.5
9107,日用品,233.75
9108,家電,235.0
9109,食品,236.25
9110,飲料,237.5
9111,日用品,238.75
9112,家電,240.0
9113,食品,241.25
9114,飲料,242.5
9115,日用品,243.75
9116,家電,245.0
9117,食品,246.25
9118,飲料,247.5
9119,日用品,248.75
9120,家電,250.0
9121,食品,251.25
9122,飲料,252.5
9123,日用品,253.75
9124,家電,255.0
9125,食品,256.25
9126,飲料,257.5
9127,日用品,258.75
9128,家電,260.0
9129,食品,261.25
9130,飲料,262.5
9131,日用品,263.75
9132,家電,265.0
9133,食品,266.25
9134,飲料,267.5
9135,日用品,268.75
9136,家電,270.0
9137,食品,271.25
9138,飲料,272.5
9139,日用品,273.75
9140,家電,275.0
9141,食品,276.25
9142,飲料,277.5
9143,日用品,278.75
9144,家電,280.0
9145,食品,281.25
9146,飲料,282.5
9147,日用品,283.75
9148,家電,285.0
9149,食品,286.25
9150,飲料,287.5
9151,日用品,288.75
9152,家電,290.0
9153,食品,291.25
9154,飲料,292.5
9155,日用品,293.75
9156,家電,295.0
9157,食品,296.25
9158,飲料,297.5
9159,日用品,298.75
9160,家電,300.0
9161,食品,301.25
9162,飲料,302.5
9163,日用品,303.75
9164,家電,305.0
9165,食品,306.25
9166,飲料,307.5
9167,日用品,308.75
9168,家電,310.0
9169,食品,311.25
9170,飲料,312.5
9171,日用品,313.75
9172,家電,315.0
9173,食品,316.25
9174,飲料,317.5
9175,日用品,318.75
9176,家電,320.0
9177,食品,321.25
9178,飲料,322.5
9179,日用品,323.75
9180,家電,325.0
9181,食品,326.25
9182,飲料,327.5
9183,日用品,328.75
9184,家電,330.0
9185,食品,331.25
9186,飲料,332.5
9187,日用品,333.75
9188,家電,335.0
9189,食品,336.25
9190,飲料,337.5
9191,日用品,338.75
9192,家電,340.0
9193,食品,341.25
9194,飲料,342.5
9195,日用品,343.75
9196,家電,345.0
9197,食品,346.25
9198,飲料,347.5
9199,日用品,348.75
9200,家電,350.0
9201,食品,351.25
9202,飲料,352.5
9203,日用品,353.75
9204,家電,355.0
9205,食品,356.25
9206,飲料,357.5
9207,日用品,358.75
9208,家電,360.0
9209,食品,361.25
9210,飲料,362.5
9211,日用品,363.75
9212,家電,365.0
9213,食品,366.25
9214,飲料,367.5
9215,日用品,368.75
9216,家電,370.0
9217,食品,371.25
9218,飲料,372.5
9219,日用品,373.75
9220,家電,375.0
9221,食品,376.25
9222,飲料,377.5
9223,日用品,378.75
9224,家電,380.0
9225,食品,381.25
9226,飲料,382.5
9227,日用品,383.75
9228,家電,385.0
9229,食品,386.25
9230,飲料,387.5
9231,日用品,388.75
9232,家電,390.0
9233,食品,391.25
9234,飲料,392.5
9235,日用品,393.75
9236,家電,395.0
9237,食品,396.25
9238,飲料,397.5
9239,日用品,398.75
9240,家電,400.0
9241,食品,401.25
9242,飲料,402.5
9243,日用品,403.75
9244,家電,405.0
9245,食品,406.25
9246,飲料,407.5
9247,日用品,408.75
9248,家電,410.0
9249,食品,411.25
9250,飲料,412.5
9251,日用品,413.75
9252,家電,415.0
9253,食品,416.25
9254,飲料,417.5
9255,日用品,418.75
9256,家電,420.0
9257,食品,421.25
9258,飲料,422.5
9259,日用品,423.75
9260,家電,425.0
9261,食品,426.25
9262,飲料,427.5
9263,日用品,428.75
9264,家電,430.0
9265,食品,431.25
9266,飲料,432.5
9267,日用品,433.75
9268,家電,435.0
9269,食品,436.25
9270,飲料,437.5
9271,日用品,438.75
9272,家電,440.0
9273,食品,441.25
9274,飲料,442.5
9275,日用品,443.75
9276,家電,445.0
9277,食品,446.25
9278,飲料,447.5
9279,日用品,448.75
9280,家電,450.0
9281,食品,451.25
9282,飲料,452.5
9283,日用品,453.75
9284,家電,455.0
9285,食品,456.25
9286,飲料,457.5
9287,日用品,458.75
9288,家電,460.0
9289,食品,461.25
9290,飲料,462.5
9291,日用品,463.75
9292,家電,465.0
9293,食品,466.25
9294,飲料,467.5
9295,日用品,468.75
9296,家電,470.0
9297,食品,471.25
9298,飲料,472.5
9299,日用品,473.75
9300,家電,475.0
9301,食品,476.25
9302,飲料,477.5
9303,日用品,478.75
9304,家電,480.0
9305,食品,481.25
9306,飲料,482.5
9307,日用品,483.75
9308,家電,485.0
9309,食品,486.25
9310,飲料,487.5
9311,日用品,488.75
9312,家電,490.0
9313,食品,491.25
9314,飲料,492.5
9315,日用品,493.75
9316,家電,495.0
9317,食品,496.25
9318,飲料,497.5
9319,日用品,498.75
9320,家電,500.0
9321,食品,501.25
9322,飲料,502.5
9323,日用品,503.75
9324,家電,505.0
9325,食品,506.25
9326,飲料,507.5
9327,日用品,508.75
9328,家電,510.0
9329,食品,511.25
9330,飲料,512.5
9331,日用品,513.75
9332,家電,515.0
9333,食品,516.25
9334,飲料,517.5
9335,日用品,518.75
9336,家電,520.0
9337,食品,521.25
9338,飲料,522.5
9339,日用品,523.75
9340,家電,525.0
9341,食品,526.25
9342,飲料,527.5
9343,日用品,528.75
9344,家電,530.0
9345,食品,531.25
9346,飲料,532.5
9347,日用品,533.75
9348,家電,535.0
9349,食品,536.25
9350,飲料,537.5
9351,日用品,538.75
9352,家電,540.0
9353,食品,541.25
9354,飲料,542.5
9355,日用品,543.75
9356,家電,545.0
9357,食品,546.25
9358,飲料,547.5
9359,日用品,548.75
9360,家電,550.0
9361,食品,551.25
9362,飲料,552.5
9363,日用品,553.75
9364,家電,555.0
9365,食品,556.25
9366,飲料,557.5
9367,日用品,558.75
9368,家電,560.0
9369,食品,561.25
9370,飲料,562.5
9371,日用品,563.75
9372,家電,565.0
9373,食品,566.25
9374,飲料,567.5
9375,日用品,568.75
9376,家電,570.0
9377,食品,571.25
9378,飲料,572.5
9379,日用品,573.75
9380,家電,575.0
9381,食品,576.25
9382,飲料,577.5
9383,日用品,578.75
9384,家電,580.0
9385,食品,581.25
9386,飲料,582.5
9387,日用品,583.75
9388,家電,585.0
9389,食品,586.25
9390,飲料,587.5
9391,日用品,588.75
9392,家電,590.0
9393,食品,591.25
9394,飲料,592.5
9395,日用品,593.75
9396,家電,595.0
9397,食品,596.25
9398,飲料,597.5
9399,日用品,598.75
9400,家電,600.0
9401,食品,601.25
9402,飲料,602.5
9403,日用品,603.75
9404,家電,605.0
9405,食品,606.25
9406,飲料,607.5
9407,日用品,608.75
9408,家電,610.0
9409,食品,611.25
9410,飲料,612.5
9411,日用品,613.75
9412,家電,615.0
9413,食品,616.25
9414,飲料,617.5
9415,日用品,618.75
9416,家電,620.0
9417,食品,621.25
9418,飲料,622.5
9419,日用品,623.75
9420,家電,625.0
9421,食品,626.25
9422,飲料,627.5
9423,日用品,628.75
9424,家電,630.0
9425,食品,631.25
9426,飲料,632.5
9427,日用品,633.75
9428,家電,635.0
9429,食品,636.25
9430,飲料,637.5
9431,日用品,638.75
9432,家電,640.0
9433,食品,641.25
9434,飲料,642.5
9435,日用品,643.75
9436,家電,645.0
9437,食品,646.25
9438,飲料,647.5
9439,日用品,648.75
9440,家電,650.0
9441,食品,651.25
9442,飲料,652.5
9443,日用品,653.75
9444,家電,655.0
9445,食品,656.25
9446,飲料,657.5
9447,日用品,658.75
9448,家電,660.0
9449,食品,661.25
9450,飲料,662.5
9451,日用品,663.75
9452,家電,665.0
9453,食品,666.25
9454,飲料,667.5
9455,日用品,668.75
9456,家電,670.0
9457,食品,671.25
9458,飲料,672.5
9459,日用品,673.75
9460,家電,675.0
9461,食品,676.25
9462,飲料,677.5
9463,日用品,678.75
9464,家電,680.0
9465,食品,681.25
9466,飲料,682.5
9467,日用品,683.75
9468,家電,685.0
9469,食品,686.25
9470,飲料,687.5
9471,日用品,688.75
9472,家電,690.0
9473,食品,691.25
9474,飲料,692.5
9475,日用品,693.75
9476,家電,695.0
9477,食品,696.25
9478,飲料,697.5
9479,日用品,698.75
9480,家電,700.0
9481,食品,701.25
9482,飲料,702.5
9483,日用品,703.75
9484,家電,705.0
9485,食品,706.25
9486,飲料,707.5
9487,日用品,708.75
9488,家電,710.0
9489,食品,711.25
9490,飲料,712.5
9491,日用品,713.75
9492,家電,715.0
9493,食品,716.25
9494,飲料,717.5
9495,日用品,718.75
9496,家電,720.0
9497,食品,721.25
9498,飲料,722.5
9499,日用品,723.75
9500,家電,100.0
9501,食品,101.25
9502,飲料,102.5
9503,日用品,103.75
9504,家電,105.0
9505,食品,106.25
9506,飲料,107.5
9507,日用品,108.75
9508,家電,110.0
9509,食品,111.25
9510,飲料,112.5
9511,日用品,113.75
9512,家電,115.0
9513,食品,116.25
9514,飲料,117.5
9515,日用品,118.75
9516,家電,120.0
9517,食品,121.25
9518,飲料,122.5
9519,日用品,123.75
9520,家電,125.0
9521,食品,126.25
9522,飲料,127.5
9523,日用品,128.75
9524,家電,130.0
9525,食品,131.25
9526,飲料,132.5
9527,日用品,133.75
9528,家電,135.0
9529,食品,136.25
9530,飲料,137.5
9531,日用品,138.75
9532,家電,140.0
9533,食品,141.25
9534,飲料,142.5
9535,日用品,143.75
9536,家電,145.0
9537,食品,146.25
9538,飲料,147.5
9539,日用品,148.75
9540,家電,150.0
9541,食品,151.25
9542,飲料,152.5
9543,日用品,153.75
9544,家電,155.0
9545,食品,156.25
9546,飲料,157.5
9547,日用品,158.75
9548,家電,160.0
9549,食品,161.25
9550,飲料,162.5
9551,日用品,163.75
9552,家電,165.0
9553,食品,166.25
9554,飲料,167.5
9555,日用品,168.75
9556,家電,170.0
9557,食品,171.25
9558,飲料,172.5
9559,日用品,173.75
9560,家電,175.0
9561,食品,176.25
9562,飲料,177.5
9563,日用品,178.75
9564,家電,180.0
9565,食品,181.25
9566,飲料,182.5
9567,日用品,183.75
9568,家電,185.0
9569,食品,186.25
9570,飲料,187.5
9571,日用品,188.75
9572,家電,190.0
9573,食品,191.25
9574,飲料,192.5
9575,日用品,193.75
9576,家電,195.0
9577,食品,196.25
9578,飲料,197.5
9579,日用品,198.75
9580,家電,200.0
9581,食品,201.25
9582,飲料,202.5
9583,日用品,203.75
9584,家電,205.0
9585,食品,206.25
9586,飲料,207.5
9587,日用品,208.75
9588,家電,210.0
9589,食品,211.25
9590,飲料,212.5
9591,日用品,213.75
9592,家電,215.0
9593,食品,216.25
9594,飲料,217.5
9595,日用品,218.75
9596,家電,220.0
9597,食品,221.25
9598,飲料,222.5
9599,日用品,223.75
9600,家電,225.0
9601,食品,226.25
9602,飲料,227.5
9603,日用品,228.75
9604,家電,230.0
9605,食品,231.25
9606,飲料,232.5
9607,日用品,233.75
9608,家電,235.0
9609,食品,236.25
9610,飲料,237.5
9611,日用品,238.75
9612,家電,240.0
9613,食品,241.25
9614,飲料,242.5
9615,日用品,243.75
9616,家電,245.0
9617,食品,246.25
9618,飲料,247.5
9619,日用品,248.75
9620,家電,250.0
9621,食品,251.25
9622,飲料,252.5
9623,日用品,253.75
9624,家電,255.0
9625,食品,256.25
9626,飲料,257.5
9627,日用品,258.75
9628,家電,260.0
9629,食品,261.25
9630,飲料,262.5
9631,日用品,263.75
9632,家電,265.0
9633,食品,266.25
9634,飲料,267.5
9635,日用品,268.75
9636,家電,270.0
9637,食品,271.25
9638,飲料,272.5
9639,日用品,273.75
9640,家電,275.0
9641,食品,276.25
9642,飲料,277.5
9643,日用品,278.75
9644,家電,280.0
9645,食品,281.25
9646,飲料,282.5
9647,日用品,283.75
9648,家電,285.0
9649,食品,286.25
9650,飲料,287.5
9651,日用品,288.75
9652,家電,290.0
9653,食品,291.25
9654,飲料,292.5
9655,日用品,293.75
9656,家電,295.0
9657,食品,296.25
9658,飲料,297.5
9659,日用品,298.75
9660,家電,300.0
9661,食品,301.25
9662,飲料,302.5
9663,日用品,303.75
9664,家電,305.0
9665,食品,306.25
9666,飲料,307.5
9667,日用品,308.75
9668,家電,310.0
9669,食品,311.25
9670,飲料,312.5
9671,日用品,313.75
9672,家電,315.0
9673,食品,316.25
9674,飲料,317.5
9675,日用品,318.75
9676,家電,320.0
9677,食品,321.25
9678,飲料,322.5
9679,日用品,323.75
9680,家電,325.0
9681,食品,326.25
9682,飲料,327.5
9683,日用品,328.75
9684,家電,330.0
9685,食品,331.25
9686,飲料,332.5
9687,日用品,333.75
9688,家電,335.0
9689,食品,336.25
9690,飲料,337.5
9691,日用品,338.75
9692,家電,340.0
9693,食品,341.25
9694,飲料,342.5
9695,日用品,343.75
9696,家電,345.0
9697,食品,346.25
9698,飲料,347.5
9699,日用品,348.75
9700,家電,350.0
9701,食品,351.25
9702,飲料,352.5
9703,日用品,353.75
9704,家電,355.0
9705,食品,356.25
9706,飲料,357.5
9707,日用品,358.75
9708,家電,360.0
9709,食品,361.25
9710,飲料,362.5
9711,日用品,363.75
9712,家電,365.0
9713,食品,366.25
9714,飲料,367.5
9715,日用品,368.75
9716,家電,370.0
9717,食品,371.25
9718,飲料,372.5
9719,日用品,373.75
9720,家電,375.0
9721,食品,376.25
9722,飲料,377.5
9723,日用品,378.75
9724,家電,380.0
9725,食品,381.25
9726,飲料,382.5
9727,日用品,383.75
9728,家電,385.0
9729,食品,386.25
9730,飲料,387.5
9731,日用品,388.75
9732,家電,390.0
9733,食品,391.25
9734,飲料,392.5
9735,日用品,393.75
9736,家電,395.0
9737,食品,396.25
9738,飲料,397.5
9739,日用品,398.75
9740,家電,400.0
9741,食品,401.25
9742,飲料,402.5
9743,日用品,403.75
9744,家電,405.0
9745,食品,406.25
9746,飲料,407.5
9747,日用品,408.75
9748,家電,410.0
9749,食品,411.25
9750,飲料,412.5
9751,日用品,413.75
9752,家電,415.0
9753,食品,416.25
9754,飲料,417.5
9755,日用品,418.75
9756,家電,420.0
9757,食品,421.25
9758,飲料,422.5
9759,日用品,423.75
9760,家電,425.0
9761,食品,426.25
9762,飲料,427.5
9763,日用品,428.75
9764,家電,430.0
9765,食品,431.25
9766,飲料,432.5
9767,日用品,433.75
9768,家電,435.0
9769,食品,436.25
9770,飲料,437.5
9771,日用品,438.75
9772,家電,440.0
9773,食品,441.25
9774,飲料,442.5
9775,日用品,443.75
9776,家電,445.0
9777,食品,446.25
9778,飲料,447.5
9779,日用品,448.75
9780,家電,450.0
9781,食品,451.25
9782,飲料,452.5
9783,日用品,453.75
9784,家電,455.0
9785,食品,456.25
9786,飲料,457.5
9787,日用品,458.75
9788,家電,460.0
9789,食品,461.25
9790,飲料,462.5
9791,日用品,463.75
9792,家電,465.0
9793,食品,466.25
9794,飲料,467.5
9795,日用品,468.75
9796,家電,470.0
9797,食品,471.25
9798,飲料,472.5
9799,日用品,473.75
9800,家電,475.0
9801,食品,476.25
9802,飲料,477.5
9803,日用品,478.75
9804,家電,480.0
9805,食品,481.25
9806,飲料,482.5
9807,日用品,483.75
9808,家電,485.0
9809,食品,486.25
9810,飲料,487.5
9811,日用品,488.75
9812,家電,490.0
9813,食品,491.25
9814,飲料,492.5
9815,日用品,493.75
9816,家電,495.0
9817,食品,496.25
9818,飲料,497.5
9819,日用品,498.75
9820,家電,500.0
9821,食品,501.25
9822,飲料,502.5
9823,日用品,503.75
9824,家電,505.0
9825,食品,506.25
9826,飲料,507.5
9827,日用品,508.75
9828,家電,510.0
9829,食品,511.25
9830,飲料,512.5
9831,日用品,513.75
9832,家電,515.0
9833,食品,516.25
9834,飲料,517.5
9835,日用品,518.75
9836,家電,520.0
9837,食品,521.25
9838,飲料,522.5
9839,日用品,523.75
9840,家電,525.0
9841,食品,526.25
9842,飲料,527.5
9843,日用品,528.75
9844,家電,530.0
9845,食品,531.25
9846,飲料,532.5
9847,日用品,533.75
9848,家電,535.0
9849,食品,536.25
9850,飲料,537.5
9851,日用品,538.75
9852,家電,540.0
9853,食品,541.25
9854,飲料,542.5
9855,日用品,543.75
9856,家電,545.0
9857,食品,546.25
9858,飲料,547.5
9859,日用品,548.75
9860,家電,550.0
9861,食品,551.25
9862,飲料,552.5
9863,日用品,553.75
9864,家電,555.0
9865,食品,556.25
9866,飲料,557.5
9867,日用品,558.75
9868,家電,560.0
9869,食品,561.25
9870,飲料,562.5
9871,日用品,563.75
9872,家電,565.0
9873,食品,566.25
9874,飲料,567.5
9875,日用品,568.75
9876,家電,570.0
9877,食品,571.25
9878,飲料,572.5
9879,日用品,573.75
9880,家電,575.0
9881,食品,576.25
9882,飲料,577.5
9883,日用品,578.75
9884,家電,580.0
9885,食品,581.25
9886,飲料,582.5
9887,日用品,583.75
9888,家電,585.0
9889,食品,586.25
9890,飲料,587.5
9891,日用品,588.75
9892,家電,590.0
9893,食品,591.25
9894,飲料,592.5
9895,日用品,593.75
9896,家電,595.0
9897,食品,596.25
9898,飲料,597.5
9899,日用品,598.75
9900,家電,600.0
9901,食品,601.25
9902,飲料,602.5
9903,日用品,603.75
9904,家電,605.0
9905,食品,606.25
9906,飲料,607.5
9907,日用品,608.75
9908,家電,610.0
9909,食品,611.25
9910,飲料,612.5
9911,日用品,613.75
9912,家電,615.0
9913,食品,616.25
9914,飲料,617.5
9915,日用品,618.75
9916,家電,620.0
9917,食品,621.25
9918,飲料,622.5
9919,日用品,623.75
9920,家電,625.0
9921,食品,626.25
9922,飲料,627.5
9923,日用品,628.75
9924,家電,630.0
9925,食品,631.25
9926,飲料,632.5
9927,日用品,633.75
9928,家電,635.0
9929,食品,636.25
9930,飲料,637.5
9931,日用品,638.75
9932,家電,640.0
9933,食品,641.25
9934,飲料,642.5
9935,日用品,643.75
9936,家電,645.0
9937,食品,646.25
9938,飲料,647.5
9939,日用品,648.75
9940,家電,650.0
9941,食品,651.25
9942,飲料,652.5
9943,日用品,653.75
9944,家電,655.0
9945,食品,656.25
9946,飲料,657.5
9947,日用品,658.75
9948,家電,660.0
9949,食品,661.25
9950,飲料,662.5
9951,日用品,663.75
9952,家電,665.0
9953,食品,666.25
9954,飲料,667.5
9955,日用品,668.75
9956,家電,670.0
9957,食品,671.25
9958,飲料,672.5
9959,日用品,673.75
9960,家電,675.0
9961,食品,676.25
9962,飲料,677.5
9963,日用品,678.75
9964,家電,680.0
9965,食品,681.25
9966,飲料,682.5
9967,日用品,683.75
9968,家電,685.0
9969,食品,686.25
9970,飲料,687.5
9971,日用品,688.75
9972,家電,690.0
9973,食品,691.25
9974,飲料,692.5
9975,日用品,693.75
9976,家電,695.0
9977,食品,696.25
9978,飲料,697.5
9979,日用品,698.75
9980,家電,700.0
9981,食品,701.25
9982,飲料,702.5
9983,日用品,703.75
9984,家電,705.0
9985,食品,706.25
9986,飲料,707.5
9987,日用品,708.75
9988,家電,710.0
9989,食品,711.25
9990,飲料,712.5
9991,日用品,713.75
9992,家電,715.0
9993,食品,716.25
9994,飲料,717.5
9995,日用品,718.75
9996,家電,720.0
9997,食品,721.25
9998,飲料,722.5
9999,日用品,723.75
10000,家電,100.0
10001,食品,101.25
10002,飲料,102.5
10003,日用品,103.75
10004,家電,105.0
10005,食品,106.25
10006,飲料,107.5
10007,日用品,108.75
10008,家電,110.0
10009,食品,111.25
10010,飲料,112.5
10011,日用品,113.75
10012,家電,115.0
10013,食品,116.25
10014,飲料,117.5
10015,日用品,118.75
10016,家電,120.0
10017,食品,121.25
10018,飲料,122.5
10019,日用品,123.75
10020,家電,125.0
10021,食品,126.25
10022,飲料,127.5
10023,日用品,128.75
10024,家電,130.0
10025,食品,131.25
10026,飲料,132.5
10027,日用品,133.75
10028,家電,135.0
10029,食品,136.25
10030,飲料,137.5
10031,日用品,138.75
10032,家電,140.0
10033,食品,141.25
10034,飲料,142.5
10035,日用品,143.75
10036,家電,145.0
10037,食品,146.25
10038,飲料,147.5
10039,日用品,148.75
10040,家電,150.0
10041,食品,151.25
10042,飲料,152.5
10043,日用品,153.75
10044,家電,155.0
10045,食品,156.25
10046,飲料,157.5
10047,日用品,158.75
10048,家電,160.0
10049,食品,161.25
10050,飲料,162.5
10051,日用品,163.75
10052,家電,165.0
10053,食品,166.25
10054,飲料,167.5
10055,日用品,168.75
10056,家電,170.0
10057,食品,171.25
10058,飲料,172.5
10059,日用品,173.75
10060,家電,175.0
10061,食品,176.25
10062,飲料,177.5
10063,日用品,178.75
10064,家電,180.0
10065,食品,181.25
10066,飲料,182.5
10067,日用品,183.75
10068,家電,185.0
10069,食品,186.25
10070,飲料,187.5
10071,日用品,188.75
10072,家電,190.0
10073,食品,191.25
10074,飲料,192.5
10075,日用品,193.75
10076,家電,195.0
10077,食品,196.25
10078,飲料,197.5
10079,日用品,198.75
10080,家電,200.0
10081,食品,201.25
10082,飲料,202.5
10083,日用品,203.75
10084,家電,205.0
10085,食品,206.25
10086,飲料,207.5
10087,日用品,208.75
10088,家電,210.0
10089,食品,211.25
10090,飲料,212.5
10091,日用品,213.75
10092,家電,215.0
10093,食品,216.25
10094,飲料,217.5
10095,日用品,218.75
10096,家電,220.0
10097,食品,221.25
10098,飲料,222.5
10099,日用品,223.75
10100,家電,225.0
10101,食品,226.25
10102,飲料,227.5
10103,日用品,228.75
10104,家電,230.0
10105,食品,231.25
10106,飲料,232.5
10107,日用品,233.75
10108,家電,235.0
10109,食品,236.25
10110,飲料,237.5
10111,日用品,238.75
10112,家電,240.0
10113,食品,241.25
10114,飲料,242.5
10115,日用品,243.75
10116,家電,245.0
10117,食品,246.25
10118,飲料,247.5
10119,日用品,248.75
10120,家電,250.0
10121,食品,251.25
10122,飲料,252.5
10123,日用品,253.75
10124,家電,255.0
10125,食品,256.25
10126,飲料,257.5
10127,日用品,258.75
10128,家電,260.0
10129,食品,261.25
10130,飲料,262.5
10131,日用品,263.75
10132,家電,265.0
10133,食品,266.25
10134,飲料,267.5
10135,日用品,268.75
10136,家電,270.0
10137,食品,271.25
10138,飲料,272.5
10139,日用品,273.75
10140,家電,275.0
10141,食品,276.25
10142,飲料,277.5
10143,日用品,278.75
10144,家電,280.0
10145,食品,281.25
10146,飲料,282.5
10147,日用品,283.75
10148,家電,285.0
10149,食品,286.25
10150,飲料,287.5
10151,日用品,288.75
10152,家電,290.0
10153,食品,291.25
10154,飲料,292.5
10155,日用品,293.75
10156,家電,295.0
10157,食品,296.25
10158,飲料,297.5
10159,日用品,298.75
10160,家電,300.0
10161,食品,301.25
10162,飲料,302.5
10163,日用品,303.75
10164,家電,305.0
10165,食品,306.25
10166,飲料,307.5
10167,日用品,308.75
10168,家電,310.0
10169,食品,311.25
10170,飲料,312.5
10171,日用品,313.75
10172,家電,315.0
10173,食品,316.25
10174,飲料,317.5
10175,日用品,318.75
10176,家電,320.0
10177,食品,321.25
10178,飲料,322.5
10179,日用品,323.75
10180,家電,325.0
10181,食品,326.25
10182,飲料,327.5
10183,日用品,328.75
10184,家電,330.0
10185,食品,331.25
10186,飲料,332.5
10187,日用品,333.75
10188,家電,335.0
10189,食品,336.25
10190,飲料,337.5
10191,日用品,338.75
10192,家電,340.0
10193,食品,341.25
10194,飲料,342.5
10195,日用品,343.75
10196,家電,345.0
10197,食品,346.25
10198,飲料,347.5
10199,日用品,348.75
10200,家電,350.0
10201,食品,351.25
10202,飲料,352.5
10203,日用品,353.75
10204,家電,355.0
10205,食品,356.25
10206,飲料,357.5
10207,日用品,358.75
10208,家電,360.0
10209,食品,361.25
10210,飲料,362.5
10211,日用品,363.75
10212,家電,365.0
10213,食品,366.25
10214,飲料,367.5
10215,日用品,368.75
10216,家電,370.0
10217,食品,371.25
10218,飲料,372.5
10219,日用品,373.75
10220,家電,375.0
10221,食品,376.25
10222,飲料,377.5
10223,日用品,378.75
10224,家電,380.0
10225,食品,381.25
10226,飲料,382.5
10227,日用品,383.75
10228,家電,385.0
10229,食品,386.25
10230,飲料,387.5
10231,日用品,388.75
10232,家電,390.0
10233,食品,391.25
10234,飲料,392.5
10235,日用品,393.75
10236,家電,395.0
10237,食品,396.25
10238,飲料,397.5
10239,日用品,398.75
10240,家電,400.0
10241,食品,401.25
10242,飲料,402.5
10243,日用品,403.75
10244,家電,405.0
10245,食品,406.25
10246,飲料,407.5
10247,日用品,408.75
10248,家電,410.0
10249,食品,411.25
10250,飲料,412.5
10251,日用品,413.75
10252,家電,415.0
10253,食品,416.25
10254,飲料,417.5
10255,日用品,418.75
10256,家電,420.0
10257,食品,421.25
10258,飲料,422.5
10259,日用品,423.75
10260,家電,425.0
10261,食品,426.25
10262,飲料,427.5
10263,日用品,428.75
10264,家電,430.0
10265,食品,431.25
10266,飲料,432.5
10267,日用品,433.75
10268,家電,435.0
10269,食品,436.25
10270,飲料,437.5
10271,日用品,438.75
10272,家電,440.0
10273,食品,441.25
10274,飲料,442.5
10275,日用品,443.75
10276,家電,445.0
10277,食品,446.25
10278,飲料,447.5
10279,日用品,448.75
10280,家電,450.0
10281,食品,451.25
10282,飲料,452.5
10283,日用品,453.75
10284,家電,455.0
10285,食品,456.25
10286,飲料,457.5
10287,日用品,458.75
10288,家電,460.0
10289,食品,461.25
10290,飲料,462.5
10291,日用品,463.75
10292,家電,465.0
10293,食品,466.25
10294,飲料,467.5
10295,日用品,468.75
10296,家電,470.0
10297,食品,471.25
10298,飲料,472.5
10299,日用品,473.75
10300,家電,475.0
10301,食品,476.25
10302,飲料,477.5
10303,日用品,478.75
10304,家電,480.0
10305,食品,481.25
10306,飲料,482.5
10307,日用品,483.75
10308,家電,485.0
10309,食品,486.25
10310,飲料,487.5
10311,日用品,488.75
10312,家電,490.0
10313,食品,491.25
10314,飲料,492.5
10315,日用品,493.75
10316,家電,495.0
10317,食品,496.25
10318,飲料,497.5
10319,日用品,498.75
10320,家電,500.0
10321,食品,501.25
10322,飲料,502.5
10323,日用品,503.75
10324,家電,505.0
10325,食品,506.25
10326,飲料,507.5
10327,日用品,508.75
10328,家電,510.0
10329,食品,511.25
10330,飲料,512.5
10331,日用品,513.75
10332,家電,515.0
10333,食品,516.25
10334,飲料,517.5
10335,日用品,518.75
10336,家電,520.0
10337,食品,521.25
10338,飲料,522.5
10339,日用品,523.75
10340,家電,525.0
10341,食品,526.25
10342,飲料,527.5
10343,日用品,528.75
10344,家電,530.0
10345,食品,531.25
10346,飲料,532.5
10347,日用品,533.75
10348,家電,535.0
10349,食品,536.25
10350,飲料,537.5
10351,日用品,538.75
10352,家電,540.0
10353,食品,541.25
10354,飲料,542.5
10355,日用品,543.75
10356,家電,545.0
10357,食品,546.25
10358,飲料,547.5
10359,日用品,548.75
10360,家電,550.0
10361,食品,551.25
10362,飲料,552.5
10363,日用品,553.75
10364,家電,555.0
10365,食品,556.25
10366,飲料,557.5
10367,日用品,558.75
10368,家電,560.0
10369,食品,561.25
10370,飲料,562.5
10371,日用品,563.75
10372,家電,565.0
10373,食品,566.25
10374,飲料,567.5
10375,日用品,568.75
10376,家電,570.0
10377,食品,571.25
10378,飲料,572.5
10379,日用品,573.75
10380,家電,575.0
10381,食品,576.25
10382,飲料,577.5
10383,日用品,578.75
10384,家電,580.0
10385,食品,581.25
10386,飲料,582.5
10387,日用品,583.75
10388,家電,585.0
10389,食品,586.25
10390,飲料,587.5
10391,日用品,588.75
10392,家電,590.0
10393,食品,591.25
10394,飲料,592.5
10395,日用品,593.75
10396,家電,595.0
10397,食品,596.25
10398,飲料,597.5
10399,日用品,598.75
10400,家電,600.0
10401,食品,601.25
10402,飲料,602.5
10403,日用品,603.75
10404,家電,605.0
10405,食品,606.25
10406,飲料,607.5
10407,日用品,608.75
10408,家電,610.0
10409,食品,611.25
10410,飲料,612.5
10411,日用品,613.75
10412,家電,615.0
10413,食品,616.25
10414,飲料,617.5
10415,日用品,618.75
10416,家電,620.0
10417,食品,621.25
10418,飲料,622.5
10419,日用品,623.75
10420,家電,625.0
10421,食品,626.25
10422,飲料,627.5
10423,日用品,628.75
10424,家電,630.0
10425,食品,631.25
10426,飲料,632.5
10427,日用品,633.75
10428,家電,635.0
10429,食品,636.25
10430,飲料,637.5
10431,日用品,638.75
10432,家電,640.0
10433,食品,641.25
10434,飲料,642.5
10435,日用品,643.75
10436,家電,645.0
10437,食品,646.25
10438,飲料,647.5
10439,日用品,648.75
10440,家電,650.0
10441,食品,651.25
10442,飲料,652.5
10443,日用品,653.75
10444,家電,655.0
10445,食品,656.25
10446,飲料,657.5
10447,日用品,658.75
10448,家電,660.0
10449,食品,661.25
10450,飲料,662.5
10451,日用品,663.75
10452,家電,665.0
10453,食品,666.25
10454,飲料,667.5
10455,日用品,668.75
10456,家電,670.0
10457,食品,671.25
10458,飲料,672.5
10459,日用品,673.75
10460,家電,675.0
10461,食品,676.25
10462,飲料,677.5
10463,日用品,678.75
10464,家電,680.0
10465,食品,681.25
10466,飲料,682.5
10467,日用品,683.75
10468,家電,685.0
10469,食品,686.25
10470,飲料,687.5
10471,日用品,688.75
10472,家電,690.0
10473,食品,691.25
10474,飲料,692.5
10475,日用品,693.75
10476,家電,695.0
10477,食品,696.25
10478,飲料,697.5
10479,日用品,698.75
10480,家電,700.0
10481,食品,701.25
10482,飲料,702.5
10483,日用品,703.75
10484,家電,705.0
10485,食品,706.25
10486,飲料,707.5
10487,日用品,708.75
10488,家電,710.0
10489,食品,711.25
10490,飲料,712.5
10491,日用品,713.75
10492,家電,715.0
10493,食品,716.25
10494,飲料,717.5
10495,日用品,718.75
10496,家電,720.0
10497,食品,721.25
10498,飲料,722.5
10499,日用品,723.75
10500,家電,100.0
10501,食品,101.25
10502,飲料,102.5
10503,日用品,103.75
10504,家電,105.0
10505,食品,106.25
10506,飲料,107.5
10507,日用品,108.75
10508,家電,110.0
10509,食品,111.25
10510,飲料,112.5
10511,日用品,113.75
10512,家電,115.0
10513,食品,116.25
10514,飲料,117.5
10515,日用品,118.75
10516,家電,120.0
10517,食品,121.25
10518,飲料,122.5
10519,日用品,123.75
10520,家電,125.0
10521,食品,126.25
10522,飲料,127.5
10523,日用品,128.75
10524,家電,130.0
10525,食品,131.25
10526,飲料,132.5
10527,日用品,133.75
10528,家電,135.0
10529,食品,136.25
10530,飲料,137.5
10531,日用品,138.75
10532,家電,140.0
10533,食品,141.25
10534,飲料,142.5
10535,日用品,143.75
10536,家電,145.0
10537,食品,146.25
10538,飲料,147.5
10539,日用品,148.75
10540,家電,150.0
10541,食品,151.25
10542,飲料,152.5
10543,日用品,153.75
10544,家電,155.0
10545,食品,156.25
10546,飲料,157.5
10547,日用品,158.75
10548,家電,160.0
10549,食品,161.25
10550,飲料,162.5
10551,日用品,163.75
10552,家電,165.0
10553,食品,166.25
10554,飲料,167.5
10555,日用品,168.75
10556,家電,170.0
10557,食品,171.25
10558,飲料,172.5
10559,日用品,173.75
10560,家電,175.0
10561,食品,176.25
10562,飲料,177.5
10563,日用品,178.75
10564,家電,180.0
10565,食品,181.25
10566,飲料,182.5
10567,日用品,183.75
10568,家電,185.0
10569,食品,186.25
10570,飲料,187.5
10571,日用品,188.75
10572,家電,190.0
10573,食品,191.25
10574,飲料,192.5
10575,日用品,193.75
10576,家電,195.0
10577,食品,196.25
10578,飲料,197.5
10579,日用品,198.75
10580,家電,200.0
10581,食品,201.25
10582,飲料,202.5
10583,日用品,203.75
10584,家電,205.0
10585,食品,206.25
10586,飲料,207.5
10587,日用品,208.75
10588,家電,210.0
10589,食品,211.25
10590,飲料,212.5
10591,日用品,213.75
10592,家電,215.0
10593,食品,216.25
10594,飲料,217.5
10595,日用品,218.75
10596,家電,220.0
10597,食品,221.25
10598,飲料,222.5
10599,日用品,223.75
10600,家電,225.0
10601,食品,226.25
10602,飲料,227.5
10603,日用品,228.75
10604,家電,230.0
10605,食品,231.25
10606,飲料,232.5
10607,日用品,233.75
10608,家電,235.0
10609,食品,236.25
10610,飲料,237.5
10611,日用品,238.75
10612,家電,240.0
10613,食品,241.25
10614,飲料,242.5
10615,日用品,243.75
10616,家電,245.0
10617,食品,246.25
10618,飲料,247.5
10619,日用品,248.75
10620,家電,250.0
10621,食品,251.25
10622,飲料,252.5
10623,日用品,253.75
10624,家電,255.0
10625,食品,256.25
10626,飲料,257.5
10627,日用品,258.75
10628,家電,260.0
10629,食品,261.25
10630,飲料,262.5
10631,日用品,263.75
10632,家電,265.0
10633,食品,266.25
10634,飲料,267.5
10635,日用品,268.75
10636,家電,270.0
10637,食品,271.25
10638,飲料,272.5
10639,日用品,273.75
10640,家電,275.0
10641,食品,276.25
10642,飲料,277.5
10643,日用品,278.75
10644,家電,280.0
10645,食品,281.25
10646,飲料,282.5
10647,日用品,283.75
10648,家電,285.0
10649,食品,286.25
10650,飲料,287.5
10651,日用品,288.75
10652,家電,290.0
10653,食品,291.25
10654,飲料,292.5
10655,日用品,293.75
10656,家電,295.0
10657,食品,296.25
10658,飲料,297.5
10659,日用品,298.75
10660,家電,300.0
10661,食品,301.25
10662,飲料,302.5
10663,日用品,303.75
10664,家電,305.0
10665,食品,306.25
10666,飲料,307.5
10667,日用品,308.75
10668,家電,310.0
10669,食品,311.25
10670,飲料,312.5
10671,日用品,313.75
10672,家電,315.0
10673,食品,316.25
10674,飲料,317.5
10675,日用品,318.75
10676,家電,320.0
10677,食品,321.25
10678,飲料,322.5
10679,日用品,323.75
10680,家電,325.0
10681,食品,326.25
10682,飲料,327.5
10683,日用品,328.75
10684,家電,330.0
10685,食品,331.25
10686,飲料,332.5
10687,日用品,333.75
10688,家電,335.0
10689,食品,336.25
10690,飲料,337.5
10691,日用品,338.75
10692,家電,340.0
10693,食品,341.25
10694,飲料,342.5
10695,日用品,343.75
10696,家電,345.0
10697,食品,346.25
10698,飲料,347.5
10699,日用品,348.75
10700,家電,350.0
10701,食品,351.25
10702,飲料,352.5
10703,日用品,353.75
10704,家電,355.0
10705,食品,356.25
10706,飲料,357.5
10707,日用品,358.75
10708,家電,360.0
10709,食品,361.25
10710,飲料,362.5
10711,日用品,363.75
10712,家電,365.0
10713,食品,366.25
10714,飲料,367.5
10715,日用品,368.75
10716,家電,370.0
10717,食品,371.25
10718,飲料,372.5
10719,日用品,373.75
10720,家電,375.0
10721,食品,376.25
10722,飲料,377.5
10723,日用品,378.75
10724,家電,380.0
10725,食品,381.25
10726,飲料,382.5
10727,日用品,383.75
10728,家電,385.0
10729,食品,386.25
10730,飲料,387.5
10731,日用品,388.75
10732,家電,390.0
10733,食品,391.25
10734,飲料,392.5
10735,日用品,393.75
10736,家電,395.0
10737,食品,396.25
10738,飲料,397.5
10739,日用品,398.75
10740,家電,400.0
10741,食品,401.25
10742,飲料,402.5
10743,日用品,403.75
10744,家電,405.0
10745,食品,406.25
10746,飲料,407.5
10747,日用品,408.75
10748,家電,410.0
10749,食品,411.25
10750,飲料,412.5
10751,日用品,413.75
10752,家電,415.0
10753,食品,416.25
10754,飲料,417.5
10755,日用品,418.75
10756,家電,420.0
10757,食品,421.25
10758,飲料,422.5
10759,日用品,423.75
10760,家電,425.0
10761,食品,426.25
10762,飲料,427.5
10763,日用品,428.75
10764,家電,430.0
10765,食品,431.25
10766,飲料,432.5
10767,日用品,433.75
10768,家電,435.0
10769,食品,436.25
10770,飲料,437.5
10771,日用品,438.75
10772,家電,440.0
10773,食品,441.25
10774,飲料,442.5
10775,日用品,443.75
10776,家電,445.0
10777,食品,446.25
10778,飲料,447.5
10779,日用品,448.75
10780,家電,450.0
10781,食品,451.25
10782,飲料,452.5
10783,日用品,453.75
10784,家電,455.0
10785,食品,456.25
10786,飲料,457.5
10787,日用品,458.75
10788,家電,460.0
10789,食品,461.25
10790,飲料,462.5
10791,日用品,463.75
10792,家電,465.0
10793,食品,466.25
10794,飲料,467.5
10795,日用品,468.75
10796,家電,470.0
10797,食品,471.25
10798,飲料,472.5
10799,日用品,473.75
10800,家電,475.0
10801,食品,476.25
10802,飲料,477.5
10803,日用品,478.75
10804,家電,480.0
10805,食品,481.25
10806,飲料,482.5
10807,日用品,483.75
10808,家電,485.0
10809,食品,486.25
10810,飲料,487.5
10811,日用品,488.75
10812,家電,490.0
10813,食品,491.25
10814,飲料,492.5
10815,日用品,493.75
10816,家電,495.0
10817,食品,496.25
10818,飲料,497.5
10819,日用品,498.75
10820,家電,500.0
10821,食品,501.25
10822,飲料,502.5
10823,日用品,503.75
10824,家電,505.0
10825,食品,506.25
10826,飲料,507.5
10827,日用品,508.75
10828,家電,510.0
10829,食品,511.25
10830,飲料,512.5
10831,日用品,513.75
10832,家電,515.0
10833,食品,516.25
10834,飲料,517.5
10835,日用品,518.75
10836,家電,520.0
10837,食品,521.25
10838,飲料,522.5
10839,日用品,523.75
10840,家電,525.0
10841,食品,526.25
10842,飲料,527.5
10843,日用品,528.75
10844,家電,530.0
10845,食品,531.25
10846,飲料,532.5
10847,日用品,533.75
10848,家電,535.0
10849,食品,536.25
10850,飲料,537.5
10851,日用品,538.75
10852,家電,540.0
10853,食品,541.25
10854,飲料,542.5
10855,日用品,543.75
10856,家電,545.0
10857,食品,546.25
10858,飲料,547.5
10859,日用品,548.75
10860,家電,550.0
10861,食品,551.25
10862,飲料,552.5
10863,日用品,553.75
10864,家電,555.0
10865,食品,556.25
10866,飲料,557.5
10867,日用品,558.75
10868,家電,560.0
10869,食品,561.25
10870,飲料,562.5
10871,日用品,563.75
10872,家電,565.0
10873,食品,566.25
10874,飲料,567.5
10875,日用品,568.75
10876,家電,570.0
10877,食品,571.25
10878,飲料,572.5
10879,日用品,573.75
10880,家電,575.0
10881,食品,576.25
10882,飲料,577.5
10883,日用品,578.75
10884,家電,580.0
10885,食品,581.25
10886,飲料,582.5
10887,日用品,583.75
10888,家電,585.0
10889,食品,586.25
10890,飲料,587.5
10891,日用品,588.75
10892,家電,590.0
10893,食品,591.25
10894,飲料,592.5
10895,日用品,593.75
10896,家電,595.0
10897,食品,596.25
10898,飲料,597.5
10899,日用品,598.75
10900,家電,600.0
10901,食品,601.25
10902,飲料,602.5
10903,日用品,603.75
10904,家電,605.0
10905,食品,606.25
10906,飲料,607.5
10907,日用品,608.75
10908,家電,610.0
10909,食品,611.25
10910,飲料,612.5
10911,日用品,613.75
10912,家電,615.0
10913,食品,616.25
10914,飲料,617.5
10915,日用品,618.75
10916,家電,620.0
10917,食品,621.25
10918,飲料,622.5
10919,日用品,623.75
10920,家電,625.0
10921,食品,626.25
10922,飲料,627.5
10923,日用品,628.75
10924,家電,630.0
10925,食品,631.25
10926,飲料,632.5
10927,日用品,633.75
10928,家電,635.0
10929,食品,636.25
10930,飲料,637.5
10931,日用品,638.75
10932,家電,640.0
10933,食品,641.25
10934,飲料,642.5
10935,日用品,643.75
10936,家電,645.0
10937,食品,646.25
10938,飲料,647.5
10939,日用品,648.75
10940,家電,650.0
10941,食品,651.25
10942,飲料,652.5
10943,日用品,653.75
10944,家電,655.0
10945,食品,656.25
10946,飲料,657.5
10947,日用品,658.75
10948,家電,660.0
10949,食品,661.25
10950,飲料,662.5
10951,日用品,663.75
10952,家電,665.0
10953,食品,666.25
10954,飲料,667.5
10955,日用品,668.75
10956,家電,670.0
10957,食品,671.25
10958,飲料,672.5
10959,日用品,673.75
10960,家電,675.0
10961,食品,676.25
10962,飲料,677.5
10963,日用品,678.75
10964,家電,680.0
10965,食品,681.25
10966,飲料,682.5
10967,日用品,683.75
10968,家電,685.0
10969,食品,686.25
10970,飲料,687.5
10971,日用品,688.75
10972,家電,690.0
10973,食品,691.25
10974,飲料,692.5
10975,日用品,693.75
10976,家電,695.0
10977,食品,696.25
10978,飲料,697.5
10979,日用品,698.75
10980,家電,700.0
10981,食品,701.25
10982,飲料,702.5
10983,日用品,703.75
10984,家電,705.0
10985,食品,706.25
10986,飲料,707.5
10987,日用品,708.75
10988,家電,710.0
10989,食品,711.25
10990,飲料,712.5
10991,日用品,713.75
10992,家電,715.0
10993,食品,716.25
10994,飲料,717.5
10995,日用品,718.75
10996,家電,720.0
10997,食品,721.25
10998,飲料,722.5
10999,日用品,723.75
11000,家電,100.0
11001,食品,101.25
11002,飲料,102.5
11003,日用品,103.75
11004,家電,105.0
11005,食品,106.25
11006,飲料,107.5
11007,日用品,108.75
11008,家電,110.0
11009,食品,111.25
11010,飲料,112.5
11011,日用品,113.75
11012,家電,115.0
11013,食品,116.25
11014,飲料,117.5
11015,日用品,118.75
11016,家電,120.0
11017,食品,121.25
11018,飲料,122.5
11019,日用品,123.75
11020,家電,125.0
11021,食品,126.25
11022,飲料,127.5
11023,日用品,128.75
11024,家電,130.0
11025,食品,131.25
11026,飲料,132.5
11027,日用品,133.75
11028,家電,135.0
11029,食品,136.25
11030,飲料,137.5
11031,日用品,138.75
11032,家電,140.0
11033,食品,141.25
11034,飲料,142.5
11035,日用品,143.75
11036,家電,145.0
11037,食品,146.25
11038,飲料,147.5
11039,日用品,148.75
11040,家電,150.0
11041,食品,151.25
11042,飲料,152.5
11043,日用品,153.75
11044,家電,155.0
11045,食品,156.25
11046,飲料,157.5
11047,日用品,158.75
11048,家電,160.0
11049,食品,161.25
11050,飲料,162.5
11051,日用品,163.75
11052,家電,165.0
11053,食品,166.25
11054,飲料,167.5
11055,日用品,168.75
11056,家電,170.0
11057,食品,171.25
11058,飲料,172.5
11059,日用品,173.75
11060,家電,175.0
11061,食品,176.25
11062,飲料,177.5
11063,日用品,178.75
11064,家電,180.0
11065,食品,181.25
11066,飲料,182.5
11067,日用品,183.75
11068,家電,185.0
11069,食品,186.25
11070,飲料,187.5
11071,日用品,188.75
11072,家電,190.0
11073,食品,191.25
11074,飲料,192.5
11075,日用品,193.75
11076,家電,195.0
11077,食品,196.25
11078,飲料,197.5
11079,日用品,198.75
11080,家電,200.0
11081,食品,201.25
11082,飲料,202.5
11083,日用品,203.75
11084,家電,205.0
11085,食品,206.25
11086,飲料,207.5
11087,日用品,208.75
11088,家電,210.0
11089,食品,211.25
11090,飲料,212.5
11091,日用品,213.75
11092,家電,215.0
11093,食品,216.25
11094,飲料,217.5
11095,日用品,218.75
11096,家電,220.0
11097,食品,221.25
11098,飲料,222.5
11099,日用品,223.75
11100,家電,225.0
11101,食品,226.25
11102,飲料,227.5
11103,日用品,228.75
11104,家電,230.0
11105,食品,231.25
11106,飲料,232.5
11107,日用品,233.75
11108,家電,235.0
11109,食品,236.25
11110,飲料,237.5
11111,日用品,238.75
11112,家電,240.0
11113,食品,241.25
11114,飲料,242.5
11115,日用品,243.75
11116,家電,245.0
11117,食品,246.25
11118,飲料,247.5
11119,日用品,248.75
11120,家電,250.0
11121,食品,251.25
11122,飲料,252.5
11123,日用品,253.75
11124,家電,255.0
11125,食品,256.25
11126,飲料,257.5
11127,日用品,258.75
11128,家電,260.0
11129,食品,261.25
11130,飲料,262.5
11131,日用品,263.75
11132,家電,265.0
11133,食品,266.25
11134,飲料,267.5
11135,日用品,268.75
11136,家電,270.0
11137,食品,271.25
11138,飲料,272.5
11139,日用品,273.75
11140,家電,275.0
11141,食品,276.25
11142,飲料,277.5
11143,日用品,278.75
11144,家電,280.0
11145,食品,281.25
11146,飲料,282.5
11147,日用品,283.75
11148,家電,285.0
11149,食品,286.25
11150,飲料,287.5
11151,日用品,288.75
11152,家電,290.0
11153,食品,291.25
11154,飲料,292.5
11155,日用品,293.75
11156,家電,295.0
11157,食品,296.25
11158,飲料,297.5
11159,日用品,298.75
11160,家電,300.0
11161,食品,301.25
11162,飲料,302.5
11163,日用品,303.75
11164,家電,305.0
11165,食品,306.25
11166,飲料,307.5
11167,日用品,308.75
11168,家電,310.0
11169,食品,311.25
11170,飲料,312.5
11171,日用品,313.75
11172,家電,315.0
11173,食品,316.25
11174,飲料,317.5
11175,日用品,318.75
11176,家電,320.0
11177,食品,321.25
11178,飲料,322.5
11179,日用品,323.75
11180,家電,325.0
11181,食品,326.25
11182,飲料,327.5
11183,日用品,328.75
11184,家電,330.0
11185,食品,331.25
11186,飲料,332.5
11187,日用品,333.75
11188,家電,335.0
11189,食品,336.25
11190,飲料,337.5
11191,日用品,338.75
11192,家電,340.0
11193,食品,341.25
11194,飲料,342.5
11195,日用品,343.75
11196,家電,345.0
11197,食品,346.25
11198,飲料,347.5
11199,日用品,348.75
11200,家電,350.0
11201,食品,351.25
11202,飲料,352.5
11203,日用品,353.75
11204,家電,355.0
11205,食品,356.25
11206,飲料,357.5
11207,日用品,358.75
11208,家電,360.0
11209,食品,361.25
11210,飲料,362.5
11211,日用品,363.75
11212,家電,365.0
11213,食品,366.25
11214,飲料,367.5
11215,日用品,368.75
11216,家電,370.0
11217,食品,371.25
11218,飲料,372.5
11219,日用品,373.75
11220,家電,375.0
11221,食品,376.25
11222,飲料,377.5
11223,日用品,378.75
11224,家電,380.0
11225,食品,381.25
11226,飲料,382.5
11227,日用品,383.75
11228,家電,385.0
11229,食品,386.25
11230,飲料,387.5
11231,日用品,388.75
11232,家電,390.0
11233,食品,391.25
11234,飲料,392.5
11235,日用品,393.75
11236,家電,395.0
11237,食品,396.25
11238,飲料,397.5
11239,日用品,398.75
11240,家電,400.0
11241,食品,401.25
11242,飲料,402.5
11243,日用品,403.75
11244,家電,405.0
11245,食品,406.25
11246,飲料,407.5
11247,日用品,408.75
11248,家電,410.0
11249,食品,411.25
11250,飲料,412.5
11251,日用品,413.75
11252,家電,415.0
11253,食品,416.25
11254,飲料,417.5
11255,日用品,418.75
11256,家電,420.0
11257,食品,421.25
11258,飲料,422.5
11259,日用品,423.75
11260,家電,425.0
11261,食品,426.25
11262,飲料,427.5
11263,日用品,428.75
11264,家電,430.0
11265,食品,431.25
11266,飲料,432.5
11267,日用品,433.75
11268,家電,435.0
11269,食品,436.25
11270,飲料,437.5
11271,日用品,438.75
11272,家電,440.0
11273,食品,441.25
11274,飲料,442.5
11275,日用品,443.75
11276,家電,445.0
11277,食品,446.25
11278,飲料,447.5
11279,日用品,448.75
11280,家電,450.0
11281,食品,451.25
11282,飲料,452.5
11283,日用品,453.75
11284,家電,455.0
11285,食品,456.25
11286,飲料,457.5
11287,日用品,458.75
11288,家電,460.0
11289,食品,461.25
11290,飲料,462.5
11291,日用品,463.75
11292,家電,465.0
11293,食品,466.25
11294,飲料,467.5
11295,日用品,468.75
11296,家電,470.0
11297,食品,471.25
11298,飲料,472.5
11299,日用品,473.75
11300,家電,475.0
11301,食品,476.25
11302,飲料,477.5
11303,日用品,478.75
11304,家電,480.0
11305,食品,481.25
11306,飲料,482.5
11307,日用品,483.75
11308,家電,485.0
11309,食品,486.25
11310,飲料,487.5
11311,日用品,488.75
11312,家電,490.0
11313,食品,491.25
11314,飲料,492.5
11315,日用品,493.75
11316,家電,495.0
11317,食品,496.25
11318,飲料,497.5
11319,日用品,498.75
11320,家電,500.0
11321,食品,501.25
11322,飲料,502.5
11323,日用品,503.75
11324,家電,505.0
11325,食品,506.25
11326,飲料,507.5
11327,日用品,508.75
11328,家電,510.0
11329,食品,511.25
11330,飲料,512.5
11331,日用品,513.75
11332,家電,515.0
11333,食品,516.25
11334,飲料,517.5
11335,日用品,518.75
11336,家電,520.0
11337,食品,521.25
11338,飲料,522.5
11339,日用品,523.75
11340,家電,525.0
11341,食品,526.25
11342,飲料,527.5
11343,日用品,528.75
11344,家電,530.0
11345,食品,531.25
11346,飲料,532.5
11347,日用品,533.75
11348,家電,535.0
11349,食品,536.25
11350,飲料,537.5
11351,日用品,538.75
11352,家電,540.0
11353,食品,541.25
11354,飲料,542.5
11355,日用品,543.75
11356,家電,545.0
11357,食品,546.25
11358,飲料,547.5
11359,日用品,548.75
11360,家電,550.0
11361,食品,551.25
11362,飲料,552.5
11363,日用品,553.75
11364,家電,555.0
11365,食品,556.25
11366,飲料,557.5
11367,日用品,558.75
11368,家電,560.0
11369,食品,561.25
11370,飲料,562.5
11371,日用品,563.75
11372,家電,565.0
11373,食品,566.25
11374,飲料,567.5
11375,日用品,568.75
11376,家電,570.0
11377,食品,571.25
11378,飲料,572.5
11379,日用品,573.75
11380,家電,575.0
11381,食品,576.25
11382,飲料,577.5
11383,日用品,578.75
11384,家電,580.0
11385,食品,581.25
11386,飲料,582.5
11387,日用品,583.75
11388,家電,585.0
11389,食品,586.25
11390,飲料,587.5
11391,日用品,588.75
11392,家電,590.0
11393,食品,591.25
11394,飲料,592.5
11395,日用品,593.75
11396,家電,595.0
11397,食品,596.25
11398,飲料,597.5
11399,日用品,598.75
11400,家電,600.0
11401,食品,601.25
11402,飲料,602.5
11403,日用品,603.75
11404,家電,605.0
11405,食品,606.25
11406,飲料,607.5
11407,日用品,608.75
11408,家電,610.0
11409,食品,611.25
11410,飲料,612.5
11411,日用品,613.75
11412,家電,615.0
11413,食品,616.25
11414,飲料,617.5
11415,日用品,618.75
11416,家電,620.0
11417,食品,621.25
11418,飲料,622.5
11419,日用品,623.75
11420,家電,625.0
11421,食品,626.25
11422,飲料,627.5
11423,日用品,628.75
11424,家電,630.0
11425,食品,631.25
11426,飲料,632.5
11427,日用品,633.75
11428,家電,635.0
11429,食品,636.25
11430,飲料,637.5
11431,日用品,638.75
11432,家電,640.0
11433,食品,641.25
11434,飲料,642.5
11435,日用品,643.75
11436,家電,645.0
11437,食品,646.25
11438,飲料,647.5
11439,日用品,648.75
11440,家電,650.0
11441,食品,651.25
11442,飲料,652.5
11443,日用品,653.75
11444,家電,655.0
11445,食品,656.25
11446,飲料,657.5
11447,日用品,658.75
11448,家電,660.0
11449,食品,661.25
11450,飲料,662.5
11451,日用品,663.75
11452,家電,665.0
11453,食品,666.25
11454,飲料,667.5
11455,日用品,668.75
11456,家電,670.0
11457,食品,671.25
11458,飲料,672.5
11459,日用品,673.75
11460,家電,675.0
11461,食品,676.25
11462,飲料,677.5
11463,日用品,678.75
11464,家電,680.0
11465,食品,681.25
11466,飲料,682.5
11467,日用品,683.75
11468,家電,685.0
11469,食品,686.25
11470,飲料,687.5
11471,日用品,688.75
11472,家電,690.0
11473,食品,691.25
11474,飲料,692.5
11475,日用品,693.75
11476,家電,695.0
11477,食品,696.25
11478,飲料,697.5
11479,日用品,698.75
11480,家電,700.0
11481,食品,701.25
11482,飲料,702.5
11483,日用品,703.75
11484,家電,705.0
11485,食品,706.25
11486,飲料,707.5
11487,日用品,708.75
11488,家電,710.0
11489,食品,711.25
11490,飲料,712.5
11491,日用品,713.75
11492,家電,715.0
11493,食品,716.25
11494,飲料,717.5
11495,日用品,718.75
11496,家電,720.0
11497,食品,721.25
11498,飲料,722.5
11499,日用品,723.75
11500,家電,100.0
11501,食品,101.25
11502,飲料,102.5
11503,日用品,103.75
11504,家電,105.0
11505,食品,106.25
11506,飲料,107.5
11507,日用品,108.75
11508,家電,110.0
11509,食品,111.25
11510,飲料,112.5
11511,日用品,113.75
11512,家電,115.0
11513,食品,116.25
11514,飲料,117.5
11515,日用品,118.75
11516,家電,120.0
11517,食品,121.25
11518,飲料,122.5
11519,日用品,123.75
11520,家電,125.0
11521,食品,126.25
11522,飲料,127.5
11523,日用品,128.75
11524,家電,130.0
11525,食品,131.25
11526,飲料,132.5
11527,日用品,133.75
11528,家電,135.0
11529,食品,136.25
11530,飲料,137.5
11531,日用品,138.75
11532,家電,140.0
11533,食品,141.25
11534,飲料,142.5
11535,日用品,143.75
11536,家電,145.0
11537,食品,146.25
11538,飲料,147.5
11539,日用品,148.75
11540,家電,150.0
11541,食品,151.25
11542,飲料,152.5
11543,日用品,153.75
11544,家電,155.0
11545,食品,156.25
11546,飲料,157.5
11547,日用品,158.75
11548,家電,160.0
11549,食品,161.25
11550,飲料,162.5
11551,日用品,163.75
11552,家電,165.0
11553,食品,166.25
11554,飲料,167.5
11555,日用品,168.75
11556,家電,170.0
11557,食品,171.25
11558,飲料,172.5
11559,日用品,173.75
11560,家電,175.0
11561,食品,176.25
11562,飲料,177.5
11563,日用品,178.75
11564,家電,180.0
11565,食品,181.25
11566,飲料,182.5
11567,日用品,183.75
11568,家電,185.0
11569,食品,186.25
11570,飲料,187.5
11571,日用品,188.75
11572,家電,190.0
11573,食品,191.25
11574,飲料,192.5
11575,日用品,193.75
11576,家電,195.0
11577,食品,196.25
11578,飲料,197.5
11579,日用品,198.75
11580,家電,200.0
11581,食品,201.25
11582,飲料,202.5
11583,日用品,203.75
11584,家電,205.0
11585,食品,206.25
11586,飲料,207.5
11587,日用品,208.75
11588,家電,210.0
11589,食品,211.25
11590,飲料,212.5
11591,日用品,213.75
11592,家電,215.0
11593,食品,216.25
11594,飲料,217.5
11595,日用品,218.75
11596,家電,220.0
11597,食品,221.25
11598,飲料,222.5
11599,日用品,223.75
11600,家電,225.0
11601,食品,226.25
11602,飲料,227.5
11603,日用品,228.75
11604,家電,230.0
11605,食品,231.25
11606,飲料,232.5
11607,日用品,233.75
11608,家電,235.0
11609,食品,236.25
11610,飲料,237.5
11611,日用品,238.75
11612,家電,240.0
11613,食品,241.25
11614,飲料,242.5
11615,日用品,243.75
11616,家電,245.0
11617,食品,246.25
11618,飲料,247.5
11619,日用品,248.75
11620,家電,250.0
11621,食品,251.25
11622,飲料,252.5
11623,日用品,253.75
11624,家電,255.0
11625,食品,256.25
11626,飲料,257.5
11627,日用品,258.75
11628,家電,260.0
11629,食品,261.25
11630,飲料,262.5
11631,日用品,263.75
11632,家電,265.0
11633,食品,266.25
11634,飲料,267.5
11635,日用品,268.75
11636,家電,270.0
11637,食品,271.25
11638,飲料,272.5
11639,日用品,273.75
11640,家電,275.0
11641,食品,276.25
11642,飲料,277.5
11643,日用品,278.75
11644,家電,280.0
11645,食品,281.25
11646,飲料,282.5
11647,日用品,283.75
11648,家電,285.0
11649,食品,286.25
11650,飲料,287.5
11651,日用品,288.75
11652,家電,290.0
11653,食品,291.25
11654,飲料,292.5
11655,日用品,293.75
11656,家電,295.0
11657,食品,296.25
11658,飲料,297.5
11659,日用品,298.75
11660,家電,300.0
11661,食品,301.25
11662,飲料,302.5
11663,日用品,303.75
11664,家電,305.0
11665,食品,306.25
11666,飲料,307.5
11667,日用品,308.75
11668,家電,310.0
11669,食品,311.25
11670,飲料,312.5
11671,日用品,313.75
11672,家電,315.0
11673,食品,316.25
11674,飲料,317.5
11675,日用品,318.75
11676,家電,320.0
11677,食品,321.25
11678,飲料,322.5
11679,日用品,323.75
11680,家電,325.0
11681,食品,326.25
11682,飲料,327.5
11683,日用品,328.75
11684,家電,330.0
11685,食品,331.25
11686,飲料,332.5
11687,日用品,333.75
11688,家電,335.0
11689,食品,336.25
11690,飲料,337.5
11691,日用品,338.75
11692,家電,340.0
11693,食品,341.25
11694,飲料,342.5
11695,日用品,343.75
11696,家電,345.0
11697,食品,346.25
11698,飲料,347.5
11699,日用品,348.75
11700,家電,350.0
11701,食品,351.25
11702,飲料,352.5
11703,日用品,353.75
11704,家電,355.0
11705,食品,356.25
11706,飲料,357.5
11707,日用品,358.75
11708,家電,360.0
11709,食品,361.25
11710,飲料,362.5
11711,日用品,363.75
11712,家電,365.0
11713,食品,366.25
11714,飲料,367.5
11715,日用品,368.75
11716,家電,370.0
11717,食品,371.25
11718,飲料,372.5
11719,日用品,373.75
11720,家電,375.0
11721,食品,376.25
11722,飲料,377.5
11723,日用品,378.75
11724,家電,380.0
11725,食品,381.25
11726,飲料,382.5
11727,日用品,383.75
11728,家電,385.0
11729,食品,386.25
11730,飲料,387.5
11731,日用品,388.75
11732,家電,390.0
11733,食品,391.25
11734,飲料,392.5
11735,日用品,393.75
11736,家電,395.0
11737,食品,396.25
11738,飲料,397.5
11739,日用品,398.75
11740,家電,400.0
11741,食品,401.25
11742,飲料,402.5
11743,日用品,403.75
11744,家電,405.0
11745,食品,406.25
11746,飲料,407.5
11747,日用品,408.75
11748,家電,410.0
11749,食品,411.25
11750,飲料,412.5
11751,日用品,413.75
11752,家電,415.0
11753,食品,416.25
11754,飲料,417.5
11755,日用品,418.75
11756,家電,420.0
11757,食品,421.25
11758,飲料,422.5
11759,日用品,423.75
11760,家電,425.0
11761,食品,426.25
11762,飲料,427.5
11763,日用品,428.75
11764,家電,430.0
11765,食品,431.25
11766,飲料,432.5
11767,日用品,433.75
11768,家電,435.0
11769,食品,436.25
11770,飲料,437.5
11771,日用品,438.75
11772,家電,440.0
11773,食品,441.25
11774,飲料,442.5
11775,日用品,443.75
11776,家電,445.0
11777,食品,446.25
11778,飲料,447.5
11779,日用品,448.75
11780,家電,450.0
11781,食品,451.25
11782,飲料,452.5
11783,日用品,453.75
11784,家電,455.0
11785,食品,456.25
11786,飲料,457.5
11787,日用品,458.75
11788,家電,460.0
11789,食品,461.25
11790,飲料,462.5
11791,日用品,463.75
11792,家電,465.0
11793,食品,466.25
11794,飲料,467.5
11795,日用品,468.75
11796,家電,470.0
11797,食品,471.25
11798,飲料,472.5
11799,日用品,473.75
11800,家電,475.0
11801,食品,476.25
11802,飲料,477.5
11803,日用品,478.75
11804,家電,480.0
11805,食品,481.25
11806,飲料,482.5
11807,日用品,483.75
11808,家電,485.0
11809,食品,486.25
11810,飲料,487.5
11811,日用品,488.75
11812,家電,490.0
11813,食品,491.25
11814,飲料,492.5
11815,日用品,493.75
11816,家電,495.0
11817,食品,496.25
11818,飲料,497.5
11819,日用品,498.75
11820,家電,500.0
11821,食品,501.25
11822,飲料,502.5
11823,日用品,503.75
11824,家電,505.0
11825,食品,506.25
11826,飲料,507.5
11827,日用品,508.75
11828,家電,510.0
11829,食品,511.25
11830,飲料,512.5
11831,日用品,513.75
11832,家電,515.0
11833,食品,516.25
11834,飲料,517.5
11835,日用品,518.75
11836,家電,520.0
11837,食品,521.25
11838,飲料,522.5
11839,日用品,523.75
11840,家電,525.0
11841,食品,526.25
11842,飲料,527.5
11843,日用品,528.75
11844,家電,530.0
11845,食品,531.25
11846,飲料,532.5
11847,日用品,533.75
11848,家電,535.0
11849,食品,536.25
11850,飲料,537.5
11851,日用品,538.75
11852,家電,540.0
11853,食品,541.25
11854,飲料,542.5
11855,日用品,543.75
11856,家電,545.0
11857,食品,546.25
11858,飲料,547.5
11859,日用品,548.75
11860,家電,550.0
11861,食品,551.25
11862,飲料,552.5
11863,日用品,553.75
11864,家電,555.0
11865,食品,556.25
11866,飲料,557.5
11867,日用品,558.75
11868,家電,560.0
11869,食品,561.25
11870,飲料,562.5
11871,日用品,563.75
11872,家電,565.0
11873,食品,566.25
11874,飲料,567.5
11875,日用品,568.75
11876,家電,570.0
11877,食品,571.25
11878,飲料,572.5
11879,日用品,573.75
11880,家電,575.0
11881,食品,576.25
11882,飲料,577.5
11883,日用品,578.75
11884,家電,580.0
11885,食品,581.25
11886,飲料,582.5
11887,日用品,583.75
11888,家電,585.0
11889,食品,586.25
11890,飲料,587.5
11891,日用品,588.75
11892,家電,590.0
11893,食品,591.25
11894,飲料,592.5
11895,日用品,593.75
11896,家電,595.0
11897,食品,596.25
11898,飲料,597.5
11899,日用品,598.75
11900,家電,600.0
11901,食品,601.25
11902,飲料,602.5
11903,日用品,603.75
11904,家電,605.0
11905,食品,606.25
11906,飲料,607.5
11907,日用品,608.75
11908,家電,610.0
11909,食品,611.25
11910,飲料,612.5
11911,日用品,613.75
11912,家電,615.0
11913,食品,616.25
11914,飲料,617.5
11915,日用品,618.75
11916,家電,620.0
11917,食品,621.25
11918,飲料,622.5
11919,日用品,623.75
11920,家電,625.0
11921,食品,626.25
11922,飲料,627.5
11923,日用品,628.75
11924,家電,630.0
11925,食品,631.25
11926,飲料,632.5
11927,日用品,633.75
11928,家電,635.0
11929,食品,636.25
11930,飲料,637.5
11931,日用品,638.75
11932,家電,640.0
11933,食品,641.25
11934,飲料,642.5
11935,日用品,643.75
11936,家電,645.0
11937,食品,646.25
11938,飲料,647.5
11939,日用品,648.75
11940,家電,650.0
11941,食品,651.25
11942,飲料,652.5
11943,日用品,653.75
11944,家電,655.0
11945,食品,656.25
11946,飲料,657.5
11947,日用品,658.75
11948,家電,660.0
11949,食品,661.25
11950,飲料,662.5
11951,日用品,663.75
11952,家電,665.0
11953,食品,666.25
11954,飲料,667.5
11955,日用品,668.75
11956,家電,670.0
11957,食品,671.25
11958,飲料,672.5
11959,日用品,673.75
11960,家電,675.0
11961,食品,676.25
11962,飲料,677.5
11963,日用品,678.75
11964,家電,680.0
11965,食品,681.25
11966,飲料,682.5
11967,日用品,683.75
11968,家電,685.0
11969,食品,686.25
11970,飲料,687.5
11971,日用品,688.75
11972,家電,690.0
11973,食品,691.25
11974,飲料,692.5
11975,日用品,693.75
11976,家電,695.0
11977,食品,696.25
11978,飲料,697.5
11979,日用品,698.75
11980,家電,700.0
11981,食品,701.25
11982,飲料,702.5
11983,日用品,703.75
11984,家電,705.0
11985,食品,706.25
11986,飲料,707.5
11987,日用品,708.75
11988,家電,710.0
11989,食品,711.25
11990,飲料,712.5
11991,日用品,713.75
11992,家電,715.0
11993,食品,716.25
11994,飲料,717.5
11995,日用品,718.75
11996,家電,720.0
11997,食品,721.25
11998,飲料,722.5
11999,日用品,723.75
12000,家電,100.0
12001,食品,101.25
12002,飲料,102.5
12003,日用品,103.75
12004,家電,105.0
12005,食品,106.25
12006,飲料,107.5
12007,日用品,108.75
12008,家電,110.0
12009,食品,111.25
12010,飲料,112.5
12011,日用品,113.75
12012,家電,115.0
12013,食品,116.25
12014,飲料,117.5
12015,日用品,118.75
12016,家電,120.0
12017,食品,121.25
12018,飲料,122.5
12019,日用品,123.75
12020,家電,125.0
12021,食品,126.25
12022,飲料,127.5
12023,日用品,128.75
12024,家電,130.0
12025,食品,131.25
12026,飲料,132.5
12027,日用品,133.75
12028,家電,135.0
12029,食品,136.25
12030,飲料,137.5
12031,日用品,138.75
12032,家電,140.0
12033,食品,141.25
12034,飲料,142.5
12035,日用品,143.75
12036,家電,145.0
12037,食品,146.25
12038,飲料,147.5
12039,日用品,148.75
12040,家電,150.0
12041,食品,151.25
12042,飲料,152.5
12043,日用品,153.75
12044,家電,155.0
12045,食品,156.25
12046,飲料,157.5
12047,日用品,158.75
12048,家電,160.0
12049,食品,161.25
12050,飲料,162.5
12051,日用品,163.75
12052,家電,165.0
12053,食品,166.25
12054,飲料,167.5
12055,日用品,168.75
12056,家電,170.0
12057,食品,171.25
12058,飲料,172.5
12059,日用品,173.75
12060,家電,175.0
12061,食品,176.25
12062,飲料,177.5
12063,日用品,178.75
12064,家電,180.0
12065,食品,181.25
12066,飲料,182.5
12067,日用品,183.75
12068,家電,185.0
12069,食品,186.25
12070,飲料,187.5
12071,日用品,188.75
12072,家電,190.0
12073,食品,191.25
12074,飲料,192.5
12075,日用品,193.75
12076,家電,195.0
12077,食品,196.25
12078,飲料,197.5
12079,日用品,198.75
12080,家電,200.0
12081,食品,201.25
12082,飲料,202.5
12083,日用品,203.75
12084,家電,205.0
12085,食品,206.25
12086,飲料,207.5
12087,日用品,208.75
12088,家電,210.0
12089,食品,211.25
12090,飲料,212.5
12091,日用品,213.75
12092,家電,215.0
12093,食品,216.25
12094,飲料,217.5
12095,日用品,218.75
12096,家電,220.0
12097,食品,221.25
12098,飲料,222.5
12099,日用品,223.75
12100,家電,225.0
12101,食品,226.25
12102,飲料,227.5
12103,日用品,228.75
12104,家電,230.0
12105,食品,231.25
12106,飲料,232.5
12107,日用品,233.75
12108,家電,235.0
12109,食品,236.25
12110,飲料,237.5
12111,日用品,238.75
12112,家電,240.0
12113,食品,241.25
12114,飲料,242.5
12115,日用品,243.75
12116,家電,245.0
12117,食品,246.25
12118,飲料,247.5
12119,日用品,248.75
12120,家電,250.0
12121,食品,251.25
12122,飲料,252.5
12123,日用品,253.75
12124,家電,255.0
12125,食品,256.25
12126,飲料,257.5
12127,日用品,258.75
12128,家電,260.0
12129,食品,261.25
12130,飲料,262.5
12131,日用品,263.75
12132,家電,265.0
12133,食品,266.25
12134,飲料,267.5
12135,日用品,268.75
12136,家電,270.0
12137,食品,271.25
12138,飲料,272.5
12139,日用品,273.75
12140,家電,275.0
12141,食品,276.25
12142,飲料,277.5
12143,日用品,278.75
12144,家電,280.0
12145,食品,281.25
12146,飲料,282.5
12147,日用品,283.75
12148,家電,285.0
12149,食品,286.25
12150,飲料,287.5
12151,日用品,288.75
12152,家電,290.0
12153,食品,291.25
12154,飲料,292.5
12155,日用品,293.75
12156,家電,295.0
12157,食品,296.25
12158,飲料,297.5
12159,日用品,298.75
12160,家電,300.0
12161,食品,301.25
12162,飲料,302.5
12163,日用品,303.75
12164,家電,305.0
12165,食品,306.25
12166,飲料,307.5
12167,日用品,308.75
12168,家電,310.0
12169,食品,311.25
12170,飲料,312.5
12171,日用品,313.75
12172,家電,315.0
12173,食品,316.25
12174,飲料,317.5
12175,日用品,318.75
12176,家電,320.0
12177,食品,321.25
12178,飲料,322.5
12179,日用品,323.75
12180,家電,325.0
12181,食品,326.25
12182,飲料,327.5
12183,日用品,328.75
12184,家電,330.0
12185,食品,331.25
12186,飲料,332.5
12187,日用品,333.75
12188,家電,335.0
12189,食品,336.25
12190,飲料,337.5
12191,日用品,338.75
12192,家電,340.0
12193,食品,341.25
12194,飲料,342.5
12195,日用品,343.75
12196,家電,345.0
12197,食品,346.25
12198,飲料,347.5
12199,日用品,348.75
12200,家電,350.0
12201,食品,351.25
12202,飲料,352.5
12203,日用品,353.75
12204,家電,355.0
12205,食品,356.25
12206,飲料,357.5
12207,日用品,358.75
12208,家電,360.0
12209,食品,361.25
12210,飲料,362.5
12211,日用品,363.75
12212,家電,365.0
12213,食品,366.25
12214,飲料,367.5
12215,日用品,368.75
12216,家電,370.0
12217,食品,371.25
12218,飲料,372.5
12219,日用品,373.75
12220,家電,375.0
12221,食品,376.25
12222,飲料,377.5
12223,日用品,378.75
12224,家電,380.0
12225,食品,381.25
12226,飲料,382.5
12227,日用品,383.75
12228,家電,385.0
12229,食品,386.25
12230,飲料,387.5
12231,日用品,388.75
12232,家電,390.0
12233,食品,391.25
12234,飲料,392.5
12235,日用品,393.75
12236,家電,395.0
12237,食品,396.25
12238,飲料,397.5
12239,日用品,398.75
12240,家電,400.0
12241,食品,401.25
12242,飲料,402.5
12243,日用品,403.75
12244,家電,405.0
12245,食品,406.25
12246,飲料,407.5
12247,日用品,408.75
12248,家電,410.0
12249,食品,411.25
12250,飲料,412.5
12251,日用品,413.75
12252,家電,415.0
12253,食品,416.25
12254,飲料,417.5
12255,日用品,418.75
12256,家電,420.0
12257,食品,421.25
12258,飲料,422.5
12259,日用品,423.75
12260,家電,425.0
12261,食品,426.25
12262,飲料,427.5
12263,日用品,428.75
12264,家電,430.0
12265,食品,431.25
12266,飲料,432.5
12267,日用品,433.75
12268,家電,435.0
12269,食品,436.25
12270,飲料,437.5
12271,日用品,438.75
12272,家電,440.0
12273,食品,441.25
12274,飲料,442.5
12275,日用品,443.75
12276,家電,445.0
12277,食品,446.25
12278,飲料,447.5
12279,日用品,448.75
12280,家電,450.0
12281,食品,451.25
12282,飲料,452.5
12283,日用品,453.75
12284,家電,455.0
12285,食品,456.25
12286,飲料,457.5
12287,日用品,458.75
12288,家電,460.0
12289,食品,461.25
12290,飲料,462.5
12291,日用品,463.75
12292,家電,465.0
12293,食品,466.25
12294,飲料,467.5
12295,日用品,468.75
12296,家電,470.0
12297,食品,471.25
12298,飲料,472.5
12299,日用品,473.75
12300,家電,475.0
12301,食品,476.25
12302,飲料,477.5
12303,日用品,478.75
12304,家電,480.0
12305,食品,481.25
12306,飲料,482.5
12307,日用品,483.75
12308,家電,485.0
12309,食品,486.25
12310,飲料,487.5
12311,日用品,488.75
12312,家電,490.0
12313,食品,491.25
12314,飲料,492.5
12315,日用品,493.75
12316,家電,495.0
12317,食品,496.25
12318,飲料,497.5
12319,日用品,498.75
12320,家電,500.0
12321,食品,501.25
12322,飲料,502.5
12323,日用品,503.75
12324,家電,505.0
12325,食品,506.25
12326,飲料,507.5
12327,日用品,508.75
12328,家電,510.0
12329,食品,511.25
12330,飲料,512.5
12331,日用品,513.75
12332,家電,515.0
12333,食品,516.25
12334,飲料,517.5
12335,日用品,518.75
12336,家電,520.0
12337,食品,521.25
12338,飲料,522.5
12339,日用品,523.75
12340,家電,525.0
12341,食品,526.25
12342,飲料,527.5
12343,日用品,528.75
12344,家電,530.0
12345,食品,531.25
12346,飲料,532.5
12347,日用品,533.75
12348,家電,535.0
12349,食品,536.25
12350,飲料,537.5
12351,日用品,538.75
12352,家電,540.0
12353,食品,541.25
12354,飲料,542.5
12355,日用品,543.75
12356,家電,545.0
12357,食品,546.25
12358,飲料,547.5
12359,日用品,548.75
12360,家電,550.0
12361,食品,551.25
12362,飲料,552.5
12363,日用品,553.75
12364,家電,555.0
12365,食品,556.25
12366,飲料,557.5
12367,日用品,558.75
12368,家電,560.0
12369,食品,561.25
12370,飲料,562.5
12371,日用品,563.75
12372,家電,565.0
12373,食品,566.25
12374,飲料,567.5
12375,日用品,568.75
12376,家電,570.0
12377,食品,571.25
12378,飲料,572.5
12379,日用品,573.75
12380,家電,575.0
12381,食品,576.25
12382,飲料,577.5
12383,日用品,578.75
12384,家電,580.0
12385,食品,581.25
12386,飲料,582.5
12387,日用品,583.75
12388,家電,585.0
12389,食品,586.25
12390,飲料,587.5
12391,日用品,588.75
12392,家電,590.0
12393,食品,591.25
12394,飲料,592.5
12395,日用品,593.75
12396,家電,595.0
12397,食品,596.25
12398,飲料,597.5
12399,日用品,598.75
12400,家電,600.0
12401,食品,601.25
12402,飲料,602.5
12403,日用品,603.75
12404,家電,605.0
12405,食品,606.25
12406,飲料,607.5
12407,日用品,608.75
12408,家電,610.0
12409,食品,611.25
12410,飲料,612.5
12411,日用品,613.75
12412,家電,615.0
12413,食品,616.25
12414,飲料,617.5
12415,日用品,618.75
12416,家電,620.0
12417,食品,621.25
12418,飲料,622.5
12419,日用品,623.75
12420,家電,625.0
12421,食品,626.25
12422,飲料,627.5
12423,日用品,628.75
12424,家電,630.0
12425,食品,631.25
12426,飲料,632.5
12427,日用品,633.75
12428,家電,635.0
12429,食品,636.25
12430,飲料,637.5
12431,日用品,638.75
12432,家電,640.0
12433,食品,641.25
12434,飲料,642.5
12435,日用品,643.75
12436,家電,645.0
12437,食品,646.25
12438,飲料,647.5
12439,日用品,648.75
12440,家電,650.0
12441,食品,651.25
12442,飲料,652.5
12443,日用品,653.75
12444,家電,655.0
12445,食品,656.25
12446,飲料,657.5
12447,日用品,658.75
12448,家電,660.0
12449,食品,661.25
12450,飲料,662.5
12451,日用品,663.75
12452,家電,665.0
12453,食品,666.25
12454,飲料,667.5
12455,日用品,668.75
12456,家電,670.0
12457,食品,671.25
12458,飲料,672.5
12459,日用品,673.75
12460,家電,675.0
12461,食品,676.25
12462,飲料,677.5
12463,日用品,678.75
12464,家電,680.0
12465,食品,681.25
12466,飲料,682.5
12467,日用品,683.75
12468,家電,685.0
12469,食品,686.25
12470,飲料,687.5
12471,日用品,688.75
12472,家電,690.0
12473,食品,691.25
12474,飲料,692.5
12475,日用品,693.75
12476,家電,695.0
12477,食品,696.25
12478,飲料,697.5
12479,日用品,698.75
12480,家電,700.0
12481,食品,701.25
12482,飲料,702.5
12483,日用品,703.75
12484,家電,705.0
12485,食品,706.25
12486,飲料,707.5
12487,日用品,708.75
12488,家電,710.0
12489,食品,711.25
12490,飲料,712.5
12491,日用品,713.75
12492,家電,715.0
12493,食品,716.25
12494,飲料,717.5
12495,日用品,718.75
12496,家電,720.0
12497,食品,721.25
12498,飲料,722.5
12499,日用品,723.75
12500,家電,100.0
12501,食品,101.25
12502,飲料,102.5
12503,日用品,103.75
12504,家電,105.0
12505,食品,106.25
12506,飲料,107.5
12507,日用品,108.75
12508,家電,110.0
12509,食品,111.25
12510,飲料,112.5
12511,日用品,113.75
12512,家電,115.0
12513,食品,116.25
12514,飲料,117.5
12515,日用品,118.75
12516,家電,120.0
12517,食品,121.25
12518,飲料,122.5
12519,日用品,123.75
12520,家電,125.0
12521,食品,126.25
12522,飲料,127.5
12523,日用品,128.75
12524,家電,130.0
12525,食品,131.25
12526,飲料,132.5
12527,日用品,133.75
12528,家電,135.0
12529,食品,136.25
12530,飲料,137.5
12531,日用品,138.75
12532,家電,140.0
12533,食品,141.25
12534,飲料,142.5
12535,日用品,143.75
12536,家電,145.0
12537,食品,146.25
12538,飲料,147.5
12539,日用品,148.75
12540,家電,150.0
12541,食品,151.25
12542,飲料,152.5
12543,日用品,153.75
12544,家電,155.0
12545,食品,156.25
12546,飲料,157.5
12547,日用品,158.75
12548,家電,160.0
12549,食品,161.25
12550,飲料,162.5
12551,日用品,163.75
12552,家電,165.0
12553,食品,166.25
12554,飲料,167.5
12555,日用品,168.75
12556,家電,170.0
12557,食品,171.25
12558,飲料,172.5
12559,日用品,173.75
12560,家電,175.0
12561,食品,176.25
12562,飲料,177.5
12563,日用品,178.75
12564,家電,180.0
12565,食品,181.25
12566,飲料,182.5
12567,日用品,183.75
12568,家電,185.0
12569,食品,186.25
12570,飲料,187.5
12571,日用品,188.75
12572,家電,190.0
12573,食品,191.25
12574,飲料,192.5
12575,日用品,193.75
12576,家電,195.0
12577,食品,196.25
12578,飲料,197.5
12579,日用品,198.75
12580,家電,200.0
12581,食品,201.25
12582,飲料,202.5
12583,日用品,203.75
12584,家電,205.0
12585,食品,206.25
12586,飲料,207.5
12587,日用品,208.75
12588,家電,210.0
12589,食品,211.25
12590,飲料,212.5
12591,日用品,213.75
12592,家電,215.0
12593,食品,216.25
12594,飲料,217.5
12595,日用品,218.75
12596,家電,220.0
12597,食品,221.25
12598,飲料,222.5
12599,日用品,223.75
12600,家電,225.0
12601,食品,226.25
12602,飲料,227.5
12603,日用品,228.75
12604,家電,230.0
12605,食品,231.25
12606,飲料,232.5
12607,日用品,233.75
12608,家電,235.0
12609,食品,236.25
12610,飲料,237.5
12611,日用品,238.75
12612,家電,240.0
12613,食品,241.25
12614,飲料,242.5
12615,日用品,243.75
12616,家電,245.0
12617,食品,246.25
12618,飲料,247.5
12619,日用品,248.75
12620,家電,250.0
12621,食品,251.25
12622,飲料,252.5
12623,日用品,253.75
12624,家電,255.0
12625,食品,256.25
12626,飲料,257.5
12627,日用品,258.75
12628,家電,260.0
12629,食品,261.25
12630,飲料,262.5
12631,日用品,263.75
12632,家電,265.0
12633,食品,266.25
12634,飲料,267.5
12635,日用品,268.75
12636,家電,270.0
12637,食品,271.25
12638,飲料,272.5
12639,日用品,273.75
12640,家電,275.0
12641,食品,276.25
12642,飲料,277.5
12643,日用品,278.75
12644,家電,280.0
12645,食品,281.25
12646,飲料,282.5
12647,日用品,283.75
12648,家電,285.0
12649,食品,286.25
12650,飲料,287.5
12651,日用品,288.75
12652,家電,290.0
12653,食品,291.25
12654,飲料,292.5
12655,日用品,293.75
12656,家電,295.0
12657,食品,296.25
12658,飲料,297.5
12659,日用品,298.75
12660,家電,300.0
12661,食品,301.25
12662,飲料,302.5
12663,日用品,303.75
12664,家電,305.0
12665,食品,306.25
12666,飲料,307.5
12667,日用品,308.75
12668,家電,310.0
12669,食品,311.25
12670,飲料,312.5
12671,日用品,313.75
12672,家電,315.0
12673,食品,316.25
12674,飲料,317.5
12675,日用品,318.75
12676,家電,320.0
12677,食品,321.25
12678,飲料,322.5
12679,日用品,323.75
12680,家電,325.0
12681,食品,326.25
12682,飲料,327.5
12683,日用品,328.75
12684,家電,330.0
12685,食品,331.25
12686,飲料,332.5
12687,日用品,333.75
12688,家電,335.0
12689,食品,336.25
12690,飲料,337.5
12691,日用品,338.75
12692,家電,340.0
12693,食品,341.25
12694,飲料,342.5
12695,日用品,343.75
12696,家電,345.0
12697,食品,346.25
12698,飲料,347.5
12699,日用品,348.75
12700,家電,350.0
12701,食品,351.25
12702,飲料,352.5
12703,日用品,353.75
12704,家電,355.0
12705,食品,356.25
12706,飲料,357.5
12707,日用品,358.75
12708,家電,360.0
12709,食品,361.25
12710,飲料,362.5
12711,日用品,363.75
12712,家電,365.0
12713,食品,366.25
12714,飲料,367.5
12715,日用品,368.75
12716,家電,370.0
12717,食品,371.25
12718,飲料,372.5
12719,日用品,373.75
12720,家電,375.0
12721,食品,376.25
12722,飲料,377.5
12723,日用品,378.75
12724,家電,380.0
12725,食品,381.25
12726,飲料,382.5
12727,日用品,383.75
12728,家電,385.0
12729,食品,386.25
12730,飲料,387.5
12731,日用品,388.75
12732,家電,390.0
12733,食品,391.25
12734,飲料,392.5
12735,日用品,393.75
12736,家電,395.0
12737,食品,396.25
12738,飲料,397.5
12739,日用品,398.75
12740,家電,400.0
12741,食品,401.25
12742,飲料,402.5
12743,日用品,403.75
12744,家電,405.0
12745,食品,406.25
12746,飲料,407.5
12747,日用品,408.75
12748,家電,410.0
12749,食品,411.25
12750,飲料,412.5
12751,日用品,413.75
12752,家電,415.0
12753,食品,416.25
12754,飲料,417.5
12755,日用品,418.75
12756,家電,420.0
12757,食品,421.25
12758,飲料,422.5
12759,日用品,423.75
12760,家電,425.0
12761,食品,426.25
12762,飲料,427.5
12763,日用品,428.75
12764,家電,430.0
12765,食品,431.25
12766,飲料,432.5
12767,日用品,433.75
12768,家電,435.0
12769,食品,436.25
12770,飲料,437.5
12771,日用品,438.75
12772,家電,440.0
12773,食品,441.25
12774,飲料,442.5
12775,日用品,443.75
12776,家電,445.0
12777,食品,446.25
12778,飲料,447.5
12779,日用品,448.75
12780,家電,450.0
12781,食品,451.25
12782,飲料,452.5
12783,日用品,453.75
12784,家電,455.0
12785,食品,456.25
12786,飲料,457.5
12787,日用品,458.75
12788,家電,460.0
12789,食品,461.25
12790,飲料,462.5
12791,日用品,463.75
12792,家電,465.0
12793,食品,466.25
12794,飲料,467.5
12795,日用品,468.75
12796,家電,470.0
12797,食品,471.25
12798,飲料,472.5
12799,日用品,473.75
12800,家電,475.0
12801,食品,476.25
12802,飲料,477.5
12803,日用品,478.75
12804,家電,480.0
12805,食品,481.25
12806,飲料,482.5
12807,日用品,483.75
12808,家電,485.0
12809,食品,486.25
12810,飲料,487.5
12811,日用品,488.75
12812,家電,490.0
12813,食品,491.25
12814,飲料,492.5
12815,日用品,493.75
12816,家電,495.0
12817,食品,496.25
12818,飲料,497.5
12819,日用品,498.75
12820,家電,500.0
12821,食品,501.25
12822,飲料,502.5
12823,日用品,503.75
12824,家電,505.0
12825,食品,506.25
12826,飲料,507.5
12827,日用品,508.75
12828,家電,510.0
12829,食品,511.25
12830,飲料,512.5
12831,日用品,513.75
12832,家電,515.0
12833,食品,516.25
12834,飲料,517.5
12835,日用品,518.75
12836,家電,520.0
12837,食品,521.25
12838,飲料,522.5
12839,日用品,523.75
12840,家電,525.0
12841,食品,526.25
12842,飲料,527.5
12843,日用品,528.75
12844,家電,530.0
12845,食品,531.25
12846,飲料,532.5
12847,日用品,533.75
12848,家電,535.0
12849,食品,536.25
12850,飲料,537.5
12851,日用品,538.75
12852,家電,540.0
12853,食品,541.25
12854,飲料,542.5
12855,日用品,543.75
12856,家電,545.0
12857,食品,546.25
12858,飲料,547.5
12859,日用品,548.75
12860,家電,550.0
12861,食品,551.25
12862,飲料,552.5
12863,日用品,553.75
12864,家電,555.0
12865,食品,556.25
12866,飲料,557.5
12867,日用品,558.75
12868,家電,560.0
12869,食品,561.25
12870,飲料,562.5
12871,日用品,563.75
12872,家電,565.0
12873,食品,566.25
12874,飲料,567.5
12875,日用品,568.75
12876,家電,570.0
12877,食品,571.25
12878,飲料,572.5
12879,日用品,573.75
12880,家電,575.0
12881,食品,576.25
12882,飲料,577.5
12883,日用品,578.75
12884,家電,580.0
12885,食品,581.25
12886,飲料,582.5
12887,日用品,583.75
12888,家電,585.0
12889,食品,586.25
12890,飲料,587.5
12891,日用品,588.75
12892,家電,590.0
12893,食品,591.25
12894,飲料,592.5
12895,日用品,593.75
12896,家電,595.0
12897,食品,596.25
12898,飲料,597.5
12899,日用品,598.75
12900,家電,600.0
12901,食品,601.25
12902,飲料,602.5
12903,日用品,603.75
12904,家電,605.0
12905,食品,606.25
12906,飲料,607.5
12907,日用品,608.75
12908,家電,610.0
12909,食品,611.25
12910,飲料,612.5
12911,日用品,613.75
12912,家電,615.0
12913,食品,616.25
12914,飲料,617.5
12915,日用品,618.75
12916,家電,620.0
12917,食品,621.25
12918,飲料,622.5
12919,日用品,623.75
12920,家電,625.0
12921,食品,626.25
12922,飲料,627.5
12923,日用品,628.75
12924,家電,630.0
12925,食品,631.25
12926,飲料,632.5
12927,日用品,633.75
12928,家電,635.0
12929,食品,636.25
12930,飲料,637.5
12931,日用品,638.75
12932,家電,640.0
12933,食品,641.25
12934,飲料,642.5
12935,日用品,643.75
12936,家電,645.0
12937,食品,646.25
12938,飲料,647.5
12939,日用品,648.75
12940,家電,650.0
12941,食品,651.25
12942,飲料,652.5
12943,日用品,653.75
12944,家電,655.0
12945,食品,656.25
12946,飲料,657.5
12947,日用品,658.75
12948,家電,660.0
12949,食品,661.25
12950,飲料,662.5
12951,日用品,663.75
12952,家電,665.0
12953,食品,666.25
12954,飲料,667.5
12955,日用品,668.75
12956,家電,670.0
12957,食品,671.25
12958,飲料,672.5
12959,日用品,673.75
12960,家電,675.0
12961,食品,676.25
12962,飲料,677.5
12963,日用品,678.75
12964,家電,680.0
12965,食品,681.25
12966,飲料,682.5
12967,日用品,683.75
12968,家電,685.0
12969,食品,686.25
12970,飲料,687.5
12971,日用品,688.75
12972,家電,690.0
12973,食品,691.25
12974,飲料,692.5
12975,日用品,693.75
12976,家電,695.0
12977,食品,696.25
12978,飲料,697.5
12979,日用品,698.75
12980,家電,700.0
12981,食品,701.25
12982,飲料,702.5
12983,日用品,703.75
12984,家電,705.0
12985,食品,706.25
12986,飲料,707.5
12987,日用品,708.75
12988,家電,710.0
12989,食品,711.25
12990,飲料,712.5
12991,日用品,713.75
12992,家電,715.0
12993,食品,716.25
12994,飲料,717.5
12995,日用品,718.75
12996,家電,720.0
12997,食品,721.25
12998,飲料,722.5
12999,日用品,723.75
13000,家電,100.0
13001,食品,101.25
13002,飲料,102.5
13003,日用品,103.75
13004,家電,105.0
13005,食品,106.25
13006,飲料,107.5
13007,日用品,108.75
13008,家電,110.0
13009,食品,111.25
13010,飲料,112.5
13011,日用品,113.75
13012,家電,115.0
13013,食品,116.25
13014,飲料,117.5
13015,日用品,118.75
13016,家電,120.0
13017,食品,121.25
13018,飲料,122.5
13019,日用品,123.75
13020,家電,125.0
13021,食品,126.25
13022,飲料,127.5
13023,日用品,128.75
13024,家電,130.0
13025,食品,131.25
13026,飲料,132.5
13027,日用品,133.75
13028,家電,135.0
13029,食品,136.25
13030,飲料,137.5
13031,日用品,138.75
13032,家電,140.0
13033,食品,141.25
13034,飲料,142.5
13035,日用品,143.75
13036,家電,145.0
13037,食品,146.25
13038,飲料,147.5
13039,日用品,148.75
13040,家電,150.0
13041,食品,151.25
13042,飲料,152.5
13043,日用品,153.75
13044,家電,155.0
13045,食品,156.25
13046,飲料,157.5
13047,日用品,158.75
13048,家電,160.0
13049,食品,161.25
13050,飲料,162.5
13051,日用品,163.75
13052,家電,165.0
13053,食品,166.25
13054,飲料,167.5
13055,日用品,168.75
13056,家電,170.0
13057,食品,171.25
13058,飲料,172.5
13059,日用品,173.75
13060,家電,175.0
13061,食品,176.25
13062,飲料,177.5
13063,日用品,178.75
13064,家電,180.0
13065,食品,181.25
13066,飲料,182.5
13067,日用品,183.75
13068,家電,185.0
13069,食品,186.25
13070,飲料,187.5
13071,日用品,188.75
13072,家電,190.0
13073,食品,191.25
13074,飲料,192.5
13075,日用品,193.75
13076,家電,195.0
13077,食品,196.25
13078,飲料,197.5
13079,日用品,198.75
13080,家電,200.0
13081,食品,201.25
13082,飲料,202.5
13083,日用品,203.75
13084,家電,205.0
13085,食品,206.25
13086,飲料,207.5
13087,日用品,208.75
13088,家電,210.0
13089,食品,211.25
13090,飲料,212.5
13091,日用品,213.75
13092,家電,215.0
13093,食品,216.25
13094,飲料,217.5
13095,日用品,218.75
13096,家電,220.0
13097,食品,221.25
13098,飲料,222.5
13099,日用品,223.75
13100,家電,225.0
13101,食品,226.25
13102,飲料,227.5
13103,日用品,228.75
13104,家電,230.0
13105,食品,231.25
13106,飲料,232.5
13107,日用品,233.75
13108,家電,235.0
13109,食品,236.25
13110,飲料,237.5
13111,日用品,238.75
13112,家電,240.0
13113,食品,241.25
13114,飲料,242.5
13115,日用品,243.75
13116,家電,245.0
13117,食品,246.25
13118,飲料,247.5
13119,日用品,248.75
13120,家電,250.0
13121,食品,251.25
13122,飲料,252.5
13123,日用品,253.75
13124,家電,255.0
13125,食品,256.25
13126,飲料,257.5
13127,日用品,258.75
13128,家電,260.0
13129,食品,261.25
13130,飲料,262.5
13131,日用品,263.75
13132,家電,265.0
13133,食品,266.25
13134,飲料,267.5
13135,日用品,268.75
13136,家電,270.0
13137,食品,271.25
13138,飲料,272.5
13139,日用品,273.75
13140,家電,275.0
13141,食品,276.25
13142,飲料,277.5
13143,日用品,278.75
13144,家電,280.0
13145,食品,281.25
13146,飲料,282.5
13147,日用品,283.75
13148,家電,285.0
13149,食品,286.25
13150,飲料,287.5
13151,日用品,288.75
13152,家電,290.0
13153,食品,291.25
13154,飲料,292.5
13155,日用品,293.75
13156,家電,295.0
13157,食品,296.25
13158,飲料,297.5
13159,日用品,298.75
13160,家電,300.0
13161,食品,301.25
13162,飲料,302.5
13163,日用品,303.75
13164,家電,305.0
13165,食品,306.25
13166,飲料,307.5
13167,日用品,308.75
13168,家電,310.0
13169,食品,311.25
13170,飲料,312.5
13171,日用品,313.75
13172,家電,315.0
13173,食品,316.25
13174,飲料,317.5
13175,日用品,318.75
13176,家電,320.0
13177,食品,321.25
13178,飲料,322.5
13179,日用品,323.75
13180,家電,325.0
13181,食品,326.25
13182,飲料,327.5
13183,日用品,328.75
13184,家電,330.0
13185,食品,331.25
13186,飲料,332.5
13187,日用品,333.75
13188,家電,335.0
13189,食品,336.25
13190,飲料,337.5
13191,日用品,338.75
13192,家電,340.0
13193,食品,341.25
13194,飲料,342.5
13195,日用品,343.75
13196,家電,345.0
13197,食品,346.25
13198,飲料,347.5
13199,日用品,348.75
13200,家電,350.0
13201,食品,351.25
13202,飲料,352.5
13203,日用品,353.75
13204,家電,355.0
13205,食品,356.25
13206,飲料,357.5
13207,日用品,358.75
13208,家電,360.0
13209,食品,361.25
13210,飲料,362.5
13211,日用品,363.75
13212,家電,365.0
13213,食品,366.25
13214,飲料,367.5
13215,日用品,368.75
13216,家電,370.0
13217,食品,371.25
13218,飲料,372.5
13219,日用品,373.75
13220,家電,375.0
13221,食品,376.25
13222,飲料,377.5
13223,日用品,378.75
13224,家電,380.0
13225,食品,381.25
13226,飲料,382.5
13227,日用品,383.75
13228,家電,385.0
13229,食品,386.25
13230,飲料,387.5
13231,日用品,388.75
13232,家電,390.0
13233,食品,391.25
13234,飲料,392.5
13235,日用品,393.75
13236,家電,395.0
13237,食品,396.25
13238,飲料,397.5
13239,日用品,398.75
13240,家電,400.0
13241,食品,401.25
13242,飲料,402.5
13243,日用品,403.75
13244,家電,405.0
13245,食品,406.25
13246,飲料,407.5
13247,日用品,408.75
13248,家電,410.0
13249,食品,411.25
13250,飲料,412.5
13251,日用品,413.75
13252,家電,415.0
13253,食品,416.25
13254,飲料,417.5
13255,日用品,418.75
13256,家電,420.0
13257,食品,421.25
13258,飲料,422.5
13259,日用品,423.75
13260,家電,425.0
13261,食品,426.25
13262,飲料,427.5
13263,日用品,428.75
13264,家電,430.0
13265,食品,431.25
13266,飲料,432.5
13267,日用品,433.75
13268,家電,435.0
13269,食品,436.25
13270,飲料,437.5
13271,日用品,438.75
13272,家電,440.0
13273,食品,441.25
13274,飲料,442.5
13275,日用品,443.75
13276,家電,445.0
13277,食品,446.25
13278,飲料,447.5
13279,日用品,448.75
13280,家電,450.0
13281,食品,451.25
13282,飲料,452.5
13283,日用品,453.75
13284,家電,455.0
13285,食品,456.25
13286,飲料,457.5
13287,日用品,458.75
13288,家電,460.0
13289,食品,461.25
13290,飲料,462.5
13291,日用品,463.75
13292,家電,465.0
13293,食品,466.25
13294,飲料,467.5
13295,日用品,468.75
13296,家電,470.0
13297,食品,471.25
13298,飲料,472.5
13299,日用品,473.75
13300,家電,475.0
13301,食品,476.25
13302,飲料,477.5
13303,日用品,478.75
13304,家電,480.0
13305,食品,481.25
13306,飲料,482.5
13307,日用品,483.75
13308,家電,485.0
13309,食品,486.25
13310,飲料,487.5
13311,日用品,488.75
13312,家電,490.0
13313,食品,491.25
13314,飲料,492.5
13315,日用品,493.75
13316,家電,495.0
13317,食品,496.25
13318,飲料,497.5
13319,日用品,498.75
13320,家電,500.0
13321,食品,501.25
13322,飲料,502.5
13323,日用品,503.75
13324,家電,505.0
13325,食品,506.25
13326,飲料,507.5
13327,日用品,508.75
13328,家電,510.0
13329,食品,511.25
13330,飲料,512.5
13331,日用品,513.75
13332,家電,515.0
13333,食品,516.25
13334,飲料,517.5
13335,日用品,518.75
13336,家電,520.0
13337,食品,521.25
13338,飲料,522.5
13339,日用品,523.75
13340,家電,525.0
13341,食品,526.25
13342,飲料,527.5
13343,日用品,528.75
13344,家電,530.0
13345,食品,531.25
13346,飲料,532.5
13347,日用品,533.75
13348,家電,535.0
13349,食品,536.25
13350,飲料,537.5
13351,日用品,538.75
13352,家電,540.0
13353,食品,541.25
13354,飲料,542.5
13355,日用品,543.75
13356,家電,545.0
13357,食品,546.25
13358,飲料,547.5
13359,日用品,548.75
13360,家電,550.0
13361,食品,551.25
13362,飲料,552.5
13363,日用品,553.75
13364,家電,555.0
13365,食品,556.25
13366,飲料,557.5
13367,日用品,558.75
13368,家電,560.0
13369,食品,561.25
13370,飲料,562.5
13371,日用品,563.75
13372,家電,565.0
13373,食品,566.25
13374,飲料,567.5
13375,日用品,568.75
13376,家電,570.0
13377,食品,571.25
13378,飲料,572.5
13379,日用品,573.75
13380,家電,575.0
13381,食品,576.25
13382,飲料,577.5
13383,日用品,578.75
13384,家電,580.0
13385,食品,581.25
13386,飲料,582.5
13387,日用品,583.75
13388,家電,585.0
13389,食品,586.25
13390,飲料,587.5
13391,日用品,588.75
13392,家電,590.0
13393,食品,591.25
13394,飲料,592.5
13395,日用品,593.75
13396,家電,595.0
13397,食品,596.25
13398,飲料,597.5
13399,日用品,598.75
13400,家電,600.0
13401,食品,601.25
13402,飲料,602.5
13403,日用品,603.75
13404,家電,605.0
13405,食品,606.25
13406,飲料,607.5
13407,日用品,608.75
13408,家電,610.0
13409,食品,611.25
13410,飲料,612.5
13411,日用品,613.75
13412,家電,615.0
13413,食品,616.25
13414,飲料,617.5
13415,日用品,618.75
13416,家電,620.0
13417,食品,621.25
13418,飲料,622.5
13419,日用品,623.75
13420,家電,625.0
13421,食品,626.25
13422,飲料,627.5
13423,日用品,628.75
13424,家電,630.0
13425,食品,631.25
13426,飲料,632.5
13427,日用品,633.75
13428,家電,635.0
13429,食品,636.25
13430,飲料,637.5
13431,日用品,638.75
13432,家電,640.0
13433,食品,641.25
13434,飲料,642.5
13435,日用品,643.75
13436,家電,645.0
13437,食品,646.25
13438,飲料,647.5
13439,日用品,648.75
13440,家電,650.0
13441,食品,651.25
13442,飲料,652.5
13443,日用品,653.75
13444,家電,655.0
13445,食品,656.25
13446,飲料,657.5
13447,日用品,658.75
13448,家電,660.0
13449,食品,661.25
13450,飲料,662.5
13451,日用品,663.75
13452,家電,665.0
13453,食品,666.25
13454,飲料,667.5
13455,日用品,668.75
13456,家電,670.0
13457,食品,671.25
13458,飲料,672.5
13459,日用品,673.75
13460,家電,675.0
13461,食品,676.25
13462,飲料,677.5
13463,日用品,678.75
13464,家電,680.0
13465,食品,681.25
13466,飲料,682.5
13467,日用品,683.75
13468,家電,685.0
13469,食品,686.25
13470,飲料,687.5
13471,日用品,688.75
13472,家電,690.0
13473,食品,691.25
13474,飲料,692.5
13475,日用品,693.75
13476,家電,695.0
13477,食品,696.25
13478,飲料,697.5
13479,日用品,698.75
13480,家電,700.0
13481,食品,701.25
13482,飲料,702.5
13483,日用品,703.75
13484,家電,705.0
13485,食品,706.25
13486,飲料,707.5
13487,日用品,708.75
13488,家電,710.0
13489,食品,711.25
13490,飲料,712.5
13491,日用品,713.75
13492,家電,715.0
13493,食品,716.25
13494,飲料,717.5
13495,日用品,718.75
13496,家電,720.0
13497,食品,721.25
13498,飲料,722.5
13499,日用品,723.75
13500,家電,100.0
13501,食品,101.25
13502,飲料,102.5
13503,日用品,103.75
13504,家電,105.0
13505,食品,106.25
13506,飲料,107.5
13507,日用品,108.75
13508,家電,110.0
13509,食品,111.25
13510,飲料,112.5
13511,日用品,113.75
13512,家電,115.0
13513,食品,116.25
13514,飲料,117.5
13515,日用品,118.75
13516,家電,120.0
13517,食品,121.25
13518,飲料,122.5
13519,日用品,123.75
13520,家電,125.0
13521,食品,126.25
13522,飲料,127.5
13523,日用品,128.75
13524,家電,130.0
13525,食品,131.25
13526,飲料,132.5
13527,日用品,133.75
13528,家電,135.0
13529,食品,136.25
13530,飲料,137.5
13531,日用品,138.75
13532,家電,140.0
13533,食品,141.25
13534,飲料,142.5
13535,日用品,143.75
13536,家電,145.0
13537,食品,146.25
13538,飲料,147.5
13539,日用品,148.75
13540,家電,150.0
13541,食品,151.25
13542,飲料,152.5
13543,日用品,153.75
13544,家電,155.0
13545,食品,156.25
13546,飲料,157.5
13547,日用品,158.75
13548,家電,160.0
13549,食品,161.25
13550,飲料,162.5
13551,日用品,163.75
13552,家電,165.0
13553,食品,166.25
13554,飲料,167.5
13555,日用品,168.75
13556,家電,170.0
13557,食品,171.25
13558,飲料,172.5
13559,日用品,173.75
13560,家電,175.0
13561,食品,176.25
13562,飲料,177.5
13563,日用品,178.75
13564,家電,180.0
13565,食品,181.25
13566,飲料,182.5
13567,日用品,183.75
13568,家電,185.0
13569,食品,186.25
13570,飲料,187.5
13571,日用品,188.75
13572,家電,190.0
13573,食品,191.25
13574,飲料,192.5
13575,日用品,193.75
13576,家電,195.0
13577,食品,196.25
13578,飲料,197.5
13579,日用品,198.75
13580,家電,200.0
13581,食品,201.25
13582,飲料,202.5
13583,日用品,203.75
13584,家電,205.0
13585,食品,206.25
13586,飲料,207.5
13587,日用品,208.75
13588,家電,210.0
13589,食品,211.25
13590,飲料,212.5
13591,日用品,213.75
13592,家電,215.0
13593,食品,216.25
13594,飲料,217.5
13595,日用品,218.75
13596,家電,220.0
13597,食品,221.25
13598,飲料,222.5
13599,日用品,223.75
13600,家電,225.0
13601,食品,226.25
13602,飲料,227.5
13603,日用品,228.75
13604,家電,230.0
13605,食品,231.25
13606,飲料,232.5
13607,日用品,233.75
13608,家電,235.0
13609,食品,236.25
13610,飲料,237.5
13611,日用品,238.75
13612,家電,240.0
13613,食品,241.25
13614,飲料,242.5
13615,日用品,243.75
13616,家電,245.0
13617,食品,246.25
13618,飲料,247.5
13619,日用品,248.75
13620,家電,250.0
13621,食品,251.25
13622,飲料,252.5
13623,日用品,253.75
13624,家電,255.0
13625,食品,256.25
13626,飲料,257.5
13627,日用品,258.75
13628,家電,260.0
13629,食品,261.25
13630,飲料,262.5
13631,日用品,263.75
13632,家電,265.0
13633,食品,266.25
13634,飲料,267.5
13635,日用品,268.75
13636,家電,270.0
13637,食品,271.25
13638,飲料,272.5
13639,日用品,273.75
13640,家電,275.0
13641,食品,276.25
13642,飲料,277.5
13643,日用品,278.75
13644,家電,280.0
13645,食品,281.25
13646,飲料,282.5
13647,日用品,283.75
13648,家電,285.0
13649,食品,286.25
13650,飲料,287.5
13651,日用品,288.75
13652,家電,290.0
13653,食品,291.25
13654,飲料,292.5
13655,日用品,293.75
13656,家電,295.0
13657,食品,296.25
13658,飲料,297.5
13659,日用品,298.75
13660,家電,300.0
13661,食品,301.25
13662,飲料,302.5
13663,日用品,303.75
13664,家電,305.0
13665,食品,306.25
13666,飲料,307.5
13667,日用品,308.75
13668,家電,310.0
13669,食品,311.25
13670,飲料,312.5
13671,日用品,313.75
13672,家電,315.0
13673,食品,316.25
13674,飲料,317.5
13675,日用品,318.75
13676,家電,320.0
13677,食品,321.25
13678,飲料,322.5
13679,日用品,323.75
13680,家電,325.0
13681,食品,326.25
13682,飲料,327.5
13683,日用品,328.75
13684,家電,330.0
13685,食品,331.25
13686,飲料,332.5
13687,日用品,333.75
13688,家電,335.0
13689,食品,336.25
13690,飲料,337.5
13691,日用品,338.75
13692,家電,340.0
13693,食品,341.25
13694,飲料,342.5
13695,日用品,343.75
13696,家電,345.0
13697,食品,346.25
13698,飲料,347.5
13699,日用品,348.75
13700,家電,350.0
13701,食品,351.25
13702,飲料,352.5
13703,日用品,353.75
13704,家電,355.0
13705,食品,356.25
13706,飲料,357.5
13707,日用品,358.75
13708,家電,360.0
13709,食品,361.25
13710,飲料,362.5
13711,日用品,363.75
13712,家電,365.0
13713,食品,366.25
13714,飲料,367.5
13715,日用品,368.75
13716,家電,370.0
13717,食品,371.25
13718,飲料,372.5
13719,日用品,373.75
13720,家電,375.0
13721,食品,376.25
13722,飲料,377.5
13723,日用品,378.75
13724,家電,380.0
13725,食品,381.25
13726,飲料,382.5
13727,日用品,383.75
13728,家電,385.0
13729,食品,386.25
13730,飲料,387.5
13731,日用品,388.75
13732,家電,390.0
13733,食品,391.25
13734,飲料,392.5
13735,日用品,393.75
13736,家電,395.0
13737,食品,396.25
13738,飲料,397.5
13739,日用品,398.75
13740,家電,400.0
13741,食品,401.25
13742,飲料,402.5
13743,日用品,403.75
13744,家電,405.0
13745,食品,406.25
13746,飲料,407.5
13747,日用品,408.75
13748,家電,410.0
13749,食品,411.25
13750,飲料,412.5
13751,日用品,413.75
13752,家電,415.0
13753,食品,416.25
13754,飲料,417.5
13755,日用品,418.75
13756,家電,420.0
13757,食品,421.25
13758,飲料,422.5
13759,日用品,423.75
13760,家電,425.0
13761,食品,426.25
13762,飲料,427.5
13763,日用品,428.75
13764,家電,430.0
13765,食品,431.25
13766,飲料,432.5
13767,日用品,433.75
13768,家電,435.0
13769,食品,436.25
13770,飲料,437.5
13771,日用品,438.75
13772,家電,440.0
13773,食品,441.25
13774,飲料,442.5
13775,日用品,443.75
13776,家電,445.0
13777,食品,446.25
13778,飲料,447.5
13779,日用品,448.75
13780,家電,450.0
13781,食品,451.25
13782,飲料,452.5
13783,日用品,453.75
13784,家電,455.0
13785,食品,456.25
13786,飲料,457.5
13787,日用品,458.75
13788,家電,460.0
13789,食品,461.25
13790,飲料,462.5
13791,日用品,463.75
13792,家電,465.0
13793,食品,466.25
13794,飲料,467.5
13795,日用品,468.75
13796,家電,470.0
13797,食品,471.25
13798,飲料,472.5
13799,日用品,473.75
13800,家電,475.0
13801,食品,476.25
13802,飲料,477.5
13803,日用品,478.75
13804,家電,480.0
13805,食品,481.25
13806,飲料,482.5
13807,日用品,483.75
13808,家電,485.0
13809,食品,486.25
13810,飲料,487.5
13811,日用品,488.75
13812,家電,490.0
13813,食品,491.25
13814,飲料,492.5
13815,日用品,493.75
13816,家電,495.0
13817,食品,496.25
13818,飲料,497.5
13819,日用品,498.75
13820,家電,500.0
13821,食品,501.25
13822,飲料,502.5
13823,日用品,503.75
13824,家電,505.0
13825,食品,506.25
13826,飲料,507.5
13827,日用品,508.75
13828,家電,510.0
13829,食品,511.25
13830,飲料,512.5
13831,日用品,513.75
13832,家電,515.0
13833,食品,516.25
13834,飲料,517.5
13835,日用品,518.75
13836,家電,520.0
13837,食品,521.25
13838,飲料,522.5
13839,日用品,523.75
13840,家電,525.0
13841,食品,526.25
13842,飲料,527.5
13843,日用品,528.75
13844,家電,530.0
13845,食品,531.25
13846,飲料,532.5
13847,日用品,533.75
13848,家電,535.0
13849,食品,536.25
13850,飲料,537.5
13851,日用品,538.75
13852,家電,540.0
13853,食品,541.25
13854,飲料,542.5
13855,日用品,543.75
13856,家電,545.0
13857,食品,546.25
13858,飲料,547.5
13859,日用品,548.75
13860,家電,550.0
13861,食品,551.25
13862,飲料,552.5
13863,日用品,553.75
13864,家電,555.0
13865,食品,556.25
13866,飲料,557.5
13867,日用品,558.75
13868,家電,560.0
13869,食品,561.25
13870,飲料,562.5
13871,日用品,563.75
13872,家電,565.0
13873,食品,566.25
13874,飲料,567.5
13875,日用品,568.75
13876,家電,570.0
13877,食品,571.25
13878,飲料,572.5
13879,日用品,573.75
13880,家電,575.0
13881,食品,576.25
13882,飲料,577.5
13883,日用品,578.75
13884,家電,580.0
13885,食品,581.25
13886,飲料,582.5
13887,日用品,583.75
13888,家電,585.0
13889,食品,586.25
13890,飲料,587.5
13891,日用品,588.75
13892,家電,590.0
13893,食品,591.25
13894,飲料,592.5
13895,日用品,593.75
13896,家電,595.0
13897,食品,596.25
13898,飲料,597.5
13899,日用品,598.75
13900,家電,600.0
13901,食品,601.25
13902,飲料,602.5
13903,日用品,603.75
13904,家電,605.0
13905,食品,606.25
13906,飲料,607.5
13907,日用品,608.75
13908,家電,610.0
13909,食品,611.25
13910,飲料,612.5
13911,日用品,613.75
13912,家電,615.0
13913,食品,616.25
13914,飲料,617.5
13915,日用品,618.75
13916,家電,620.0
13917,食品,621.25
13918,飲料,622.5
13919,日用品,623.75
13920,家電,625.0
13921,食品,626.25
13922,飲料,627.5
13923,日用品,628.75
13924,家電,630.0
13925,食品,631.25
13926,飲料,632.5
13927,日用品,633.75
13928,家電,635.0
13929,食品,636.25
13930,飲料,637.5
13931,日用品,638.75
13932,家電,640.0
13933,食品,641.25
13934,飲料,642.5
13935,日用品,643.75
13936,家電,645.0
13937,食品,646.25
13938,飲料,647.5
13939,日用品,648.75
13940,家電,650.0
13941,食品,651.25
13942,飲料,652.5
13943,日用品,653.75
13944,家電,655.0
13945,食品,656.25
13946,飲料,657.5
13947,日用品,658.75
13948,家電,660.0
13949,食品,661.25
13950,飲料,662.5
13951,日用品,663.75
13952,家電,665.0
13953,食品,666.25
13954,飲料,667.5
13955,日用品,668.75
13956,家電,670.0
13957,食品,671.25
13958,飲料,672.5
13959,日用品,673.75
13960,家電,675.0
13961,食品,676.25
13962,飲料,677.5
13963,日用品,678.75
13964,家電,680.0
13965,食品,681.25
13966,飲料,682.5
13967,日用品,683.75
13968,家電,685.0
13969,食品,686.25
13970,飲料,687.5
13971,日用品,688.75
13972,家電,690.0
13973,食品,691.25
13974,飲料,692.5
13975,日用品,693.75
13976,家電,695.0
13977,食品,696.25
13978,飲料,697.5
13979,日用品,698.75
13980,家電,700.0
13981,食品,701.25
13982,飲料,702.5
13983,日用品,703.75
13984,家電,705.0
13985,食品,706.25
13986,飲料,707.5
13987,日用品,708.75
13988,家電,710.0
13989,食品,711.25
13990,飲料,712.5
13991,日用品,713.75
13992,家電,715.0
13993,食品,716.25
13994,飲料,717.5
13995,日用品,718.75
13996,家電,720.0
13997,食品,721.25
13998,飲料,722.5
13999,日用品,723.75
14000,家電,100.0
14001,食品,101.25
14002,飲料,102.5
14003,日用品,103.75
14004,家電,105.0
14005,食品,106.25
14006,飲料,107.5
14007,日用品,108.75
14008,家電,110.0
14009,食品,111.25
14010,飲料,112.5
14011,日用品,113.75
14012,家電,115.0
14013,食品,116.25
14014,飲料,117.5
14015,日用品,118.75
14016,家電,120.0
14017,食品,121.25
14018,飲料,122.5
14019,日用品,123.75
14020,家電,125.0
14021,食品,126.25
14022,飲料,127.5
14023,日用品,128.75
14024,家電,130.0
14025,食品,131.25
14026,飲料,132.5
14027,日用品,133.75
14028,家電,135.0
14029,食品,136.25
14030,飲料,137.5
14031,日用品,138.75
14032,家電,140.0
14033,食品,141.25
14034,飲料,142.5
14035,日用品,143.75
14036,家電,145.0
14037,食品,146.25
14038,飲料,147.5
14039,日用品,148.75
14040,家電,150.0
14041,食品,151.25
14042,飲料,152.5
14043,日用品,153.75
14044,家電,155.0
14045,食品,156.25
14046,飲料,157.5
14047,日用品,158.75
14048,家電,160.0
14049,食品,161.25
14050,飲料,162.5
14051,日用品,163.75
14052,家電,165.0
14053,食品,166.25
14054,飲料,167.5
14055,日用品,168.75
14056,家電,170.0
14057,食品,171.25
14058,飲料,172.5
14059,日用品,173.75
14060,家電,175.0
14061,食品,176.25
14062,飲料,177.5
14063,日用品,178.75
14064,家電,180.0
14065,食品,181.25
14066,飲料,182.5
14067,日用品,183.75
14068,家電,185.0
14069,食品,186.25
14070,飲料,187.5
14071,日用品,188.75
14072,家電,190.0
14073,食品,191.25
14074,飲料,192.5
14075,日用品,193.75
14076,家電,195.0
14077,食品,196.25
14078,飲料,197.5
14079,日用品,198.75
14080,家電,200.0
14081,食品,201.25
14082,飲料,202.5
14083,日用品,203.75
14084,家電,205.0
14085,食品,206.25
14086,飲料,207.5
14087,日用品,208.75
14088,家電,210.0
14089,食品,211.25
14090,飲料,212.5
14091,日用品,213.75
14092,家電,215.0
14093,食品,216.25
14094,飲料,217.5
14095,日用品,218.75
14096,家電,220.0
14097,食品,221.25
14098,飲料,222.5
14099,日用品,223.75
14100,家電,225.0
14101,食品,226.25
14102,飲料,227.5
14103,日用品,228.75
14104,家電,230.0
14105,食品,231.25
14106,飲料,232.5
14107,日用品,233.75
14108,家電,235.0
14109,食品,236.25
14110,飲料,237.5
14111,日用品,238.75
14112,家電,240.0
14113,食品,241.25
14114,飲料,242.5
14115,日用品,243.75
14116,家電,245.0
14117,食品,246.25
14118,飲料,247.5
14119,日用品,248.75
14120,家電,250.0
14121,食品,251.25
14122,飲料,252.5
14123,日用品,253.75
14124,家電,255.0
14125,食品,256.25
14126,飲料,257.5
14127,日用品,258.75
14128,家電,260.0
14129,食品,261.25
14130,飲料,262.5
14131,日用品,263.75
14132,家電,265.0
14133,食品,266.25
14134,飲料,267.5
14135,日用品,268.75
14136,家電,270.0
14137,食品,271.25
14138,飲料,272.5
14139,日用品,273.75
14140,家電,275.0
14141,食品,276.25
14142,飲料,277.5
14143,日用品,278.75
14144,家電,280.0
14145,食品,281.25
14146,飲料,282.5
14147,日用品,283.75
14148,家電,285.0
14149,食品,286.25
14150,飲料,287.5
14151,日用品,288.75
14152,家電,290.0
14153,食品,291.25
14154,飲料,292.5
14155,日用品,293.75
14156,家電,295.0
14157,食品,296.25
14158,飲料,297.5
14159,日用品,298.75
14160,家電,300.0
14161,食品,301.25
14162,飲料,302.5
14163,日用品,303.75
14164,家電,305.0
14165,食品,306.25
14166,飲料,307.5
14167,日用品,308.75
14168,家電,310.0
14169,食品,311.25
14170,飲料,312.5
14171,日用品,313.75
14172,家電,315.0
14173,食品,316.25
14174,飲料,317.5
14175,日用品,318.75
14176,家電,320.0
14177,食品,321.25
14178,飲料,322.5
14179,日用品,323.75
14180,家電,325.0
14181,食品,326.25
14182,飲料,327.5
14183,日用品,328.75
14184,家電,330.0
14185,食品,331.25
14186,飲料,332.5
14187,日用品,333.75
14188,家電,335.0
14189,食品,336.25
14190,飲料,337.5
14191,日用品,338.75
14192,家電,340.0
14193,食品,341.25
14194,飲料,342.5
14195,日用品,343.75
14196,家電,345.0
14197,食品,346.25
14198,飲料,347.5
14199,日用品,348.75
14200,家電,350.0
14201,食品,351.25
14202,飲料,352.5
14203,日用品,353.75
14204,家電,355.0
14205,食品,356.25
14206,飲料,357.5
14207,日用品,358.75
14208,家電,360.0
14209,食品,361.25
14210,飲料,362.5
14211,日用品,363.75
14212,家電,365.0
14213,食品,366.25
14214,飲料,367.5
14215,日用品,368.75
14216,家電,370.0
14217,食品,371.25
14218,飲料,372.5
14219,日用品,373.75
14220,家電,375.0
14221,食品,376.25
14222,飲料,377.5
14223,日用品,378.75
14224,家電,380.0
14225,食品,381.25
14226,飲料,382.5
14227,日用品,383.75
14228,家電,385.0
14229,食品,386.25
14230,飲料,387.5
14231,日用品,388.75
14232,家電,390.0
14233,食品,391.25
14234,飲料,392.5
14235,日用品,393.75
14236,家電,395.0
14237,食品,396.25
14238,飲料,397.5
14239,日用品,398.75
14240,家電,400.0
14241,食品,401.25
14242,飲料,402.5
14243,日用品,403.75
14244,家電,405.0
14245,食品,406.25
14246,飲料,407.5
14247,日用品,408.75
14248,家電,410.0
14249,食品,411.25
14250,飲料,412.5
14251,日用品,413.75
14252,家電,415.0
14253,食品,416.25
14254,飲料,417.5
14255,日用品,418.75
14256,家電,420.0
14257,食品,421.25
14258,飲料,422.5
14259,日用品,423.75
14260,家電,425.0
14261,食品,426.25
14262,飲料,427.5
14263,日用品,428.75
14264,家電,430.0
14265,食品,431.25
14266,飲料,432.5
14267,日用品,433.75
14268,家電,435.0
14269,食品,436.25
14270,飲料,437.5
14271,日用品,438.75
14272,家電,440.0
14273,食品,441.25
14274,飲料,442.5
14275,日用品,443.75
14276,家電,445.0
14277,食品,446.25
14278,飲料,447.5
14279,日用品,448.75
14280,家電,450.0
14281,食品,451.25
14282,飲料,452.5
14283,日用品,453.75
14284,家電,455.0
14285,食品,456.25
14286,飲料,457.5
14287,日用品,458.75
14288,家電,460.0
14289,食品,461.25
14290,飲料,462.5
14291,日用品,463.75
14292,家電,465.0
14293,食品,466.25
14294,飲料,467.5
14295,日用品,468.75
14296,家電,470.0
14297,食品,471.25
14298,飲料,472.5
14299,日用品,473.75
14300,家電,475.0
14301,食品,476.25
14302,飲料,477.5
14303,日用品,478.75
14304,家電,480.0
14305,食品,481.25
14306,飲料,482.5
14307,日用品,483.75
14308,家電,485.0
14309,食品,486.25
14310,飲料,487.5
14311,日用品,488.75
14312,家電,490.0
14313,食品,491.25
14314,飲料,492.5
14315,日用品,493.75
14316,家電,495.0
14317,食品,496.25
14318,飲料,497.5
14319,日用品,498.75
14320,家電,500.0
14321,食品,501.25
14322,飲料,502.5
14323,日用品,503.75
14324,家電,505.0
14325,食品,506.25
14326,飲料,507.5
14327,日用品,508.75
14328,家電,510.0
14329,食品,511.25
14330,飲料,512.5
14331,日用品,513.75
14332,家電,515.0
14333,食品,516.25
14334,飲料,517.5
14335,日用品,518.75
14336,家電,520.0
14337,食品,521.25
14338,飲料,522.5
14339,日用品,523.75
14340,家電,525.0
14341,食品,526.25
14342,飲料,527.5
14343,日用品,528.75
14344,家電,530.0
14345,食品,531.25
14346,飲料,532.5
14347,日用品,533.75
14348,家電,535.0
14349,食品,536.25
14350,飲料,537.5
14351,日用品,538.75
14352,家電,540.0
14353,食品,541.25
14354,飲料,542.5
14355,日用品,543.75
14356,家電,545.0
14357,食品,546.25
14358,飲料,547.5
14359,日用品,548.75
14360,家電,550.0
14361,食品,551.25
14362,飲料,552.5
14363,日用品,553.75
14364,家電,555.0
14365,食品,556.25
14366,飲料,557.5
14367,日用品,558.75
14368,家電,560.0
14369,食品,561.25
14370,飲料,562.5
14371,日用品,563.75
14372,家電,565.0
14373,食品,566.25
14374,飲料,567.5
14375,日用品,568.75
14376,家電,570.0
14377,食品,571.25
14378,飲料,572.5
14379,日用品,573.75
14380,家電,575.0
14381,食品,576.25
14382,飲料,577.5
14383,日用品,578.75
14384,家電,580.0
14385,食品,581.25
14386,飲料,582.5
14387,日用品,583.75
14388,家電,585.0
14389,食品,586.25
14390,飲料,587.5
14391,日用品,588.75
14392,家電,590.0
14393,食品,591.25
14394,飲料,592.5
14395,日用品,593.75
14396,家電,595.0
14397,食品,596.25
14398,飲料,597.5
14399,日用品,598.75
14400,家電,600.0
14401,食品,601.25
14402,飲料,602.5
14403,日用品,603.75
14404,家電,605.0
14405,食品,606.25
14406,飲料,607.5
14407,日用品,608.75
14408,家電,610.0
14409,食品,611.25
14410,飲料,612.5
14411,日用品,613.75
14412,家電,615.0
14413,食品,616.25
14414,飲料,617.5
14415,日用品,618.75
14416,家電,620.0
14417,食品,621.25
14418,飲料,622.5
14419,日用品,623.75
14420,家電,625.0
14421,食品,626.25
14422,飲料,627.5
14423,日用品,628.75
14424,家電,630.0
14425,食品,631.25
14426,飲料,632.5
14427,日用品,633.75
14428,家電,635.0
14429,食品,636.25
14430,飲料,637.5
14431,日用品,638.75
14432,家電,640.0
14433,食品,641.25
14434,飲料,642.5
14435,日用品,643.75
14436,家電,645.0
14437,食品,646.25
14438,飲料,647.5
14439,日用品,648.75
14440,家電,650.0
14441,食品,651.25
14442,飲料,652.5
14443,日用品,653.75
14444,家電,655.0
14445,食品,656.25
14446,飲料,657.5
14447,日用品,658.75
14448,家電,660.0
14449,食品,661.25
14450,飲料,662.5
14451,日用品,663.75
14452,家電,665.0
14453,食品,666.25
14454,飲料,667.5
14455,日用品,668.75
14456,家電,670.0
14457,食品,671.25
14458,飲料,672.5
14459,日用品,673.75
14460,家電,675.0
14461,食品,676.25
14462,飲料,677.5
14463,日用品,678.75
14464,家電,680.0
14465,食品,681.25
14466,飲料,682.5
14467,日用品,683.75
14468,家電,685.0
14469,食品,686.25
14470,飲料,687.5
14471,日用品,688.75
14472,家電,690.0
14473,食品,691.25
14474,飲料,692.5
14475,日用品,693.75
14476,家電,695.0
14477,食品,696.25
14478,飲料,697.5
14479,日用品,698.75
14480,家電,700.0
14481,食品,701.25
14482,飲料,702.5
14483,日用品,703.75
14484,家電,705.0
14485,食品,706.25
14486,飲料,707.5
14487,日用品,708.75
14488,家電,710.0
14489,食品,711.25
14490,飲料,712.5
14491,日用品,713.75
14492,家電,715.0
14493,食品,716.25
14494,飲料,717.5
14495,日用品,718.75
14496,家電,720.0
14497,食品,721.25
14498,飲料,722.5
14499,日用品,723.75
14500,家電,100.0
14501,食品,101.25
14502,飲料,102.5
14503,日用品,103.75
14504,家電,105.0
14505,食品,106.25
14506,飲料,107.5
14507,日用品,108.75
14508,家電,110.0
14509,食品,111.25
14510,飲料,112.5
14511,日用品,113.75
14512,家電,115.0
14513,食品,116.25
14514,飲料,117.5
14515,日用品,118.75
14516,家電,120.0
14517,食品,121.25
14518,飲料,122.5
14519,日用品,123.75
14520,家電,125.0
14521,食品,126.25
14522,飲料,127.5
14523,日用品,128.75
14524,家電,130.0
14525,食品,131.25
14526,飲料,132.5
14527,日用品,133.75
14528,家電,135.0
14529,食品,136.25
14530,飲料,137.5
14531,日用品,138.75
14532,家電,140.0
14533,食品,141.25
14534,飲料,142.5
14535,日用品,143.75
14536,家電,145.0
14537,食品,146.25
14538,飲料,147.5
14539,日用品,148.75
14540,家電,150.0
14541,食品,151.25
14542,飲料,152.5
14543,日用品,153.75
14544,家電,155.0
14545,食品,156.25
14546,飲料,157.5
14547,日用品,158.75
14548,家電,160.0
14549,食品,161.25
14550,飲料,162.5
14551,日用品,163.75
14552,家電,165.0
14553,食品,166.25
14554,飲料,167.5
14555,日用品,168.75
14556,家電,170.0
14557,食品,171.25
14558,飲料,172.5
14559,日用品,173.75
14560,家電,175.0
14561,食品,176.25
14562,飲料,177.5
14563,日用品,178.75
14564,家電,180.0
14565,食品,181.25
14566,飲料,182.5
14567,日用品,183.75
14568,家電,185.0
14569,食品,186.25
14570,飲料,187.5
14571,日用品,188.75
14572,家電,190.0
14573,食品,191.25
14574,飲料,192.5
14575,日用品,193.75
14576,家電,195.0
14577,食品,196.25
14578,飲料,197.5
14579,日用品,198.75
14580,家電,200.0
14581,食品,201.25
14582,飲料,202.5
14583,日用品,203.75
14584,家電,205.0
14585,食品,206.25
14586,飲料,207.5
14587,日用品,208.75
14588,家電,210.0
14589,食品,211.25
14590,飲料,212.5
14591,日用品,213.75
14592,家電,215.0
14593,食品,216.25
14594,飲料,217.5
14595,日用品,218.75
14596,家電,220.0
14597,食品,221.25
14598,飲料,222.5
14599,日用品,223.75
14600,家電,225.0
14601,食品,226.25
14602,飲料,227.5
14603,日用品,228.75
14604,家電,230.0
14605,食品,231.25
14606,飲料,232.5
14607,日用品,233.75
14608,家電,235.0
14609,食品,236.25
14610,飲料,237.5
14611,日用品,238.75
14612,家電,240.0
14613,食品,241.25
14614,飲料,242.5
14615,日用品,243.75
14616,家電,245.0
14617,食品,246.25
14618,飲料,247.5
14619,日用品,248.75
14620,家電,250.0
14621,食品,251.25
14622,飲料,252.5
14623,日用品,253.75
14624,家電,255.0
14625,食品,256.25
14626,飲料,257.5
14627,日用品,258.75
14628,家電,260.0
14629,食品,261.25
14630,飲料,262.5
14631,日用品,263.75
14632,家電,265.0
14633,食品,266.25
14634,飲料,267.5
14635,日用品,268.75
14636,家電,270.0
14637,食品,271.25
14638,飲料,272.5
14639,日用品,273.75
14640,家電,275.0
14641,食品,276.25
14642,飲料,277.5
14643,日用品,278.75
14644,家電,280.0
14645,食品,281.25
14646,飲料,282.5
14647,日用品,283.75
14648,家電,285.0
14649,食品,286.25
14650,飲料,287.5
14651,日用品,288.75
14652,家電,290.0
14653,食品,291.25
14654,飲料,292.5
14655,日用品,293.75
14656,家電,295.0
14657,食品,296.25
14658,飲料,297.5
14659,日用品,298.75
14660,家電,300.0
14661,食品,301.25
14662,飲料,302.5
14663,日用品,303.75
14664,家電,305.0
14665,食品,306.25
14666,飲料,307.5
14667,日用品,308.75
14668,家電,310.0
14669,食品,311.25
14670,飲料,312.5
14671,日用品,313.75
14672,家電,315.0
14673,食品,316.25
14674,飲料,317.5
14675,日用品,318.75
14676,家電,320.0
14677,食品,321.25
14678,飲料,322.5
14679,日用品,323.75
14680,家電,325.0
14681,食品,326.25
14682,飲料,327.5
14683,日用品,328.75
14684,家電,330.0
14685,食品,331.25
14686,飲料,332.5
14687,日用品,333.75
14688,家電,335.0
14689,食品,336.25
14690,飲料,337.5
14691,日用品,338.75
14692,家電,340.0
14693,食品,341.25
14694,飲料,342.5
14695,日用品,343.75
14696,家電,345.0
14697,食品,346.25
14698,飲料,347.5
14699,日用品,348.75
14700,家電,350.0
14701,食品,351.25
14702,飲料,352.5
14703,日用品,353.75
14704,家電,355.0
14705,食品,356.25
14706,飲料,357.5
14707,日用品,358.75
14708,家電,360.0
14709,食品,361.25
14710,飲料,362.5
14711,日用品,363.75
14712,家電,365.0
14713,食品,366.25
14714,飲料,367.5
14715,日用品,368.75
14716,家電,370.0
14717,食品,371.25
14718,飲料,372.5
14719,日用品,373.75
14720,家電,375.0
14721,食品,376.25
14722,飲料,377.5
14723,日用品,378.75
14724,家電,380.0
14725,食品,381.25
14726,飲料,382.5
14727,日用品,383.75
14728,家電,385.0
14729,食品,386.25
14730,飲料,387.5
14731,日用品,388.75
14732,家電,390.0
14733,食品,391.25
14734,飲料,392.5
14735,日用品,393.75
14736,家電,395.0
14737,食品,396.25
14738,飲料,397.5
14739,日用品,398.75
14740,家電,400.0
14741,食品,401.25
14742,飲料,402.5
14743,日用品,403.75
14744,家電,405.0
14745,食品,406.25
14746,飲料,407.5
14747,日用品,408.75
14748,家電,410.0
14749,食品,411.25
14750,飲料,412.5
14751,日用品,413.75
14752,家電,415.0
14753,食品,416.25
14754,飲料,417.5
14755,日用品,418.75
14756,家電,420.0
14757,食品,421.25
14758,飲料,422.5
14759,日用品,423.75
14760,家電,425.0
14761,食品,426.25
14762,飲料,427.5
14763,日用品,428.75
14764,家電,430.0
14765,食品,431.25
14766,飲料,432.5
14767,日用品,433.75
14768,家電,435.0
14769,食品,436.25
14770,飲料,437.5
14771,日用品,438.75
14772,家電,440.0
14773,食品,441.25
14774,飲料,442.5
14775,日用品,443.75
14776,家電,445.0
14777,食品,446.25
14778,飲料,447.5
14779,日用品,448.75
14780,家電,450.0
14781,食品,451.25
14782,飲料,452.5
14783,日用品,453.75
14784,家電,455.0
14785,食品,456.25
14786,飲料,457.5
14787,日用品,458.75
14788,家電,460.0
14789,食品,461.25
14790,飲料,462.5
14791,日用品,463.75
14792,家電,465.0
14793,食品,466.25
14794,飲料,467.5
14795,日用品,468.75
14796,家電,470.0
14797,食品,471.25
14798,飲料,472.5
14799,日用品,473.75
14800,家電,475.0
14801,食品,476.25
14802,飲料,477.5
14803,日用品,478.75
14804,家電,480.0
14805,食品,481.25
14806,飲料,482.5
14807,日用品,483.75
14808,家電,485.0
14809,食品,486.25
14810,飲料,487.5
14811,日用品,488.75
14812,家電,490.0
14813,食品,491.25
14814,飲料,492.5
14815,日用品,493.75
14816,家電,495.0
14817,食品,496.25
14818,飲料,497.5
14819,日用品,498.75
14820,家電,500.0
14821,食品,501.25
14822,飲料,502.5
14823,日用品,503.75
14824,家電,505.0
14825,食品,506.25
14826,飲料,507.5
14827,日用品,508.75
14828,家電,510.0
14829,食品,511.25
14830,飲料,512.5
14831,日用品,513.75
14832,家電,515.0
14833,食品,516.25
14834,飲料,517.5
14835,日用品,518.75
14836,家電,520.0
14837,食品,521.25
14838,飲料,522.5
14839,日用品,523.75
14840,家電,525.0
14841,食品,526.25
14842,飲料,527.5
14843,日用品,528.75
14844,家電,530.0
14845,食品,531.25
14846,飲料,532.5
14847,日用品,533.75
14848,家電,535.0
14849,食品,536.25
14850,飲料,537.5
14851,日用品,538.75
14852,家電,540.0
14853,食品,541.25
14854,飲料,542.5
14855,日用品,543.75
14856,家電,545.0
14857,食品,546.25
14858,飲料,547.5
14859,日用品,548.75
14860,家電,550.0
14861,食品,551.25
14862,飲料,552.5
14863,日用品,553.75
14864,家電,555.0
14865,食品,556.25
14866,飲料,557.5
14867,日用品,558.75
14868,家電,560.0
14869,食品,561.25
14870,飲料,562.5
14871,日用品,563.75
14872,家電,565.0
14873,食品,566.25
14874,飲料,567.5
14875,日用品,568.75
14876,家電,570.0
14877,食品,571.25
14878,飲料,572.5
14879,日用品,573.75
14880,家電,575.0
14881,食品,576.25
14882,飲料,577.5
14883,日用品,578.75
14884,家電,580.0
14885,食品,581.25
14886,飲料,582.5
14887,日用品,583.75
14888,家電,585.0
14889,食品,586.25
14890,飲料,587.5
14891,日用品,588.75
14892,家電,590.0
14893,食品,591.25
14894,飲料,592.5
14895,日用品,593.75
14896,家電,595.0
14897,食品,596.25
14898,飲料,597.5
14899,日用品,598.75
14900,家電,600.0
14901,食品,601.25
14902,飲料,602.5
14903,日用品,603.75
14904,家電,605.0
14905,食品,606.25
14906,飲料,607.5
14907,日用品,608.75
14908,家電,610.0
14909,食品,611.25
14910,飲料,612.5
14911,日用品,613.75
14912,家電,615.0
14913,食品,616.25
14914,飲料,617.5
14915,日用品,618.75
14916,家電,620.0
14917,食品,621.25
14918,飲料,622.5
14919,日用品,623.75
14920,家電,625.0
14921,食品,626.25
14922,飲料,627.5
14923,日用品,628.75
14924,家電,630.0
14925,食品,631.25
14926,飲料,632.5
14927,日用品,633.75
14928,家電,635.0
14929,食品,636.25
14930,飲料,637.5
14931,日用品,638.75
14932,家電,640.0
14933,食品,641.25
14934,飲料,642.5
14935,日用品,643.75
14936,家電,645.0
14937,食品,646.25
14938,飲料,647.5
14939,日用品,648.75
14940,家電,650.0
14941,食品,651.25
14942,飲料,652.5
14943,日用品,653.75
14944,家電,655.0
14945,食品,656.25
14946,飲料,657.5
14947,日用品,658.75
14948,家電,660.0
14949,食品,661.25
14950,飲料,662.5
14951,日用品,663.75
14952,家電,665.0
14953,食品,666.25
14954,飲料,667.5
14955,日用品,668.75
14956,家電,670.0
14957,食品,671.25
14958,飲料,672.5
14959,日用品,673.75
14960,家電,675.0
14961,食品,676.25
14962,飲料,677.5
14963,日用品,678.75
14964,家電,680.0
14965,食品,681.25
14966,飲料,682.5
14967,日用品,683.75
14968,家電,685.0
14969,食品,686.25
14970,飲料,687.5
14971,日用品,688.75
14972,家電,690.0
14973,食品,691.25
14974,飲料,692.5
14975,日用品,693.75
14976,家電,695.0
14977,食品,696.25
14978,飲料,697.5
14979,日用品,698.75
14980,家電,700.0
14981,食品,701.25
14982,飲料,702.5
14983,日用品,703.75
14984,家電,705.0
14985,食品,706.25
14986,飲料,707.5
14987,日用品,708.75
14988,家電,710.0
14989,食品,711.25
14990,飲料,712.5
14991,日用品,713.75
14992,家電,715.0
14993,食品,716.25
14994,飲料,717.5
14995,日用品,718.75
14996,家電,720.0
14997,食品,721.25
14998,飲料,722.5
14999,日用品,723.75
15000,家電,100.0
15001,食品,101.25
15002,飲料,102.5
15003,日用品,103.75
15004,家電,105.0
15005,食品,106.25
15006,飲料,107.5
15007,日用品,108.75
15008,家電,110.0
15009,食品,111.25
15010,飲料,112.5
15011,日用品,113.75
15012,家電,115.0
15013,食品,116.25
15014,飲料,117.5
15015,日用品,118.75
15016,家電,120.0
15017,食品,121.25
15018,飲料,122.5
15019,日用品,123.75
15020,家電,125.0
15021,食品,126.25
15022,飲料,127.5
15023,日用品,128.75
15024,家電,130.0
15025,食品,131.25
15026,飲料,132.5
15027,日用品,133.75
15028,家電,135.0
15029,食品,136.25
15030,飲料,137.5
15031,日用品,138.75
15032,家電,140.0
15033,食品,141.25
15034,飲料,142.5
15035,日用品,143.75
15036,家電,145.0
15037,食品,146.25
15038,飲料,147.5
15039,日用品,148.75
15040,家電,150.0
15041,食品,151.25
15042,飲料,152.5
15043,日用品,153.75
15044,家電,155.0
15045,食品,156.25
15046,飲料,157.5
15047,日用品,158.75
15048,家電,160.0
15049,食品,161.25
15050,飲料,162.5
15051,日用品,163.75
15052,家電,165.0
15053,食品,166.25
15054,飲料,167.5
15055,日用品,168.75
15056,家電,170.0
15057,食品,171.25
15058,飲料,172.5
15059,日用品,173.75
15060,家電,175.0
15061,食品,176.25
15062,飲料,177.5
15063,日用品,178.75
15064,家電,180.0
15065,食品,181.25
15066,飲料,182.5
15067,日用品,183.75
15068,家電,185.0
15069,食品,186.25
15070,飲料,187.5
15071,日用品,188.75
15072,家電,190.0
15073,食品,191.25
15074,飲料,192.5
15075,日用品,193.75
15076,家電,195.0
15077,食品,196.25
15078,飲料,197.5
15079,日用品,198.75
15080,家電,200.0
15081,食品,201.25
15082,飲料,202.5
15083,日用品,203.75
15084,家電,205.0
15085,食品,206.25
15086,飲料,207.5
15087,日用品,208.75
15088,家電,210.0
15089,食品,211.25
15090,飲料,212.5
15091,日用品,213.75
15092,家電,215.0
15093,食品,216.25
15094,飲料,217.5
15095,日用品,218.75
15096,家電,220.0
15097,食品,221.25
15098,飲料,222.5
15099,日用品,223.75
15100,家電,225.0
15101,食品,226.25
15102,飲料,227.5
15103,日用品,228.75
15104,家電,230.0
15105,食品,231.25
15106,飲料,232.5
15107,日用品,233.75
15108,家電,235.0
15109,食品,236.25
15110,飲料,237.5
15111,日用品,238.75
15112,家電,240.0
15113,食品,241.25
15114,飲料,242.5
15115,日用品,243.75
15116,家電,245.0
15117,食品,246.25
15118,飲料,247.5
15119,日用品,248.75
15120,家電,250.0
15121,食品,251.25
15122,飲料,252.5
15123,日用品,253.75
15124,家電,255.0
15125,食品,256.25
15126,飲料,257.5
15127,日用品,258.75
15128,家電,260.0
15129,食品,261.25
15130,飲料,262.5
15131,日用品,263.75
15132,家電,265.0
15133,食品,266.25
15134,飲料,267.5
15135,日用品,268.75
15136,家電,270.0
15137,食品,271.25
15138,飲料,272.5
15139,日用品,273.75
15140,家電,275.0
15141,食品,276.25
15142,飲料,277.5
15143,日用品,278.75
15144,家電,280.0
15145,食品,281.25
15146,飲料,282.5
15147,日用品,283.75
15148,家電,285.0
15149,食品,286.25
15150,飲料,287.5
15151,日用品,288.75
15152,家電,290.0
15153,食品,291.25
15154,飲料,292.5
15155,日用品,293.75
15156,家電,295.0
15157,食品,296.25
15158,飲料,297.5
15159,日用品,298.75
15160,家電,300.0
15161,食品,301.25
15162,飲料,302.5
15163,日用品,303.75
15164,家電,305.0
15165,食品,306.25
15166,飲料,307.5
15167,日用品,308.75
15168,家電,310.0
15169,食品,311.25
15170,飲料,312.5
15171,日用品,313.75
15172,家電,315.0
15173,食品,316.25
15174,飲料,317.5
15175,日用品,318.75
15176,家電,320.0
15177,食品,321.25
15178,飲料,322.5
15179,日用品,323.75
15180,家電,325.0
15181,食品,326.25
15182,飲料,327.5
15183,日用品,328.75
15184,家電,330.0
15185,食品,331.25
15186,飲料,332.5
15187,日用品,333.75
15188,家電,335.0
15189,食品,336.25
15190,飲料,337.5
15191,日用品,338.75
15192,家電,340.0
15193,食品,341.25
15194,飲料,342.5
15195,日用品,343.75
15196,家電,345.0
15197,食品,346.25
15198,飲料,347.5
15199,日用品,348.75
15200,家電,350.0
15201,食品,351.25
15202,飲料,352.5
15203,日用品,353.75
15204,家電,355.0
15205,食品,356.25
15206,飲料,357.5
15207,日用品,358.75
15208,家電,360.0
15209,食品,361.25
15210,飲料,362.5
15211,日用品,363.75
15212,家電,365.0
15213,食品,366.25
15214,飲料,367.5
15215,日用品,368.75
15216,家電,370.0
15217,食品,371.25
15218,飲料,372.5
15219,日用品,373.75
15220,家電,375.0
15221,食品,376.25
15222,飲料,377.5
15223,日用品,378.75
15224,家電,380.0
15225,食品,381.25
15226,飲料,382.5
15227,日用品,383.75
15228,家電,385.0
15229,食品,386.25
15230,飲料,387.5
15231,日用品,388.75
15232,家電,390.0
15233,食品,391.25
15234,飲料,392.5
15235,日用品,393.75
15236,家電,395.0
15237,食品,396.25
15238,飲料,397.5
15239,日用品,398.75
15240,家電,400.0
15241,食品,401.25
15242,飲料,402.5
15243,日用品,403.75
15244,家電,405.0
15245,食品,406.25
15246,飲料,407.5
15247,日用品,408.75
15248,家電,410.0
15249,食品,411.25
15250,飲料,412.5
15251,日用品,413.75
15252,家電,415.0
15253,食品,416.25
15254,飲料,417.5
15255,日用品,418.75
15256,家電,420.0
15257,食品,421.25
15258,飲料,422.5
15259,日用品,423.75
15260,家電,425.0
15261,食品,426.25
15262,飲料,427.5
15263,日用品,428.75
15264,家電,430.0
15265,食品,431.25
15266,飲料,432.5
15267,日用品,433.75
15268,家電,435.0
15269,食品,436.25
15270,飲料,437.5
15271,日用品,438.75
15272,家電,440.0
15273,食品,441.25
15274,飲料,442.5
15275,日用品,443.75
15276,家電,445.0
15277,食品,446.25
15278,飲料,447.5
15279,日用品,448.75
15280,家電,450.0
15281,食品,451.25
15282,飲料,452.5
15283,日用品,453.75
15284,家電,455.0
15285,食品,456.25
15286,飲料,457.5
15287,日用品,458.75
15288,家電,460.0
15289,食品,461.25
15290,飲料,462.5
15291,日用品,463.75
15292,家電,465.0
15293,食品,466.25
15294,飲料,467.5
15295,日用品,468.75
15296,家電,470.0
15297,食品,471.25
15298,飲料,472.5
15299,日用品,473.75
15300,家電,475.0
15301,食品,476.25
15302,飲料,477.5
15303,日用品,478.75
15304,家電,480.0
15305,食品,481.25
15306,飲料,482.5
15307,日用品,483.75
15308,家電,485.0
15309,食品,486.25
15310,飲料,487.5
15311,日用品,488.75
15312,家電,490.0
15313,食品,491.25
15314,飲料,492.5
15315,日用品,493.75
15316,家電,495.0
15317,食品,496.25
15318,飲料,497.5
15319,日用品,498.75
15320,家電,500.0
15321,食品,501.25
15322,飲料,502.5
15323,日用品,503.75
15324,家電,505.0
15325,食品,506.25
15326,飲料,507.5
15327,日用品,508.75
15328,家電,510.0
15329,食品,511.25
15330,飲料,512.5
15331,日用品,513.75
15332,家電,515.0
15333,食品,516.25
15334,飲料,517.5
15335,日用品,518.75
15336,家電,520.0
15337,食品,521.25
15338,飲料,522.5
15339,日用品,523.75
15340,家電,525.0
15341,食品,526.25
15342,飲料,527.5
15343,日用品,528.75
15344,家電,530.0
15345,食品,531.25
15346,飲料,532.5
15347,日用品,533.75
15348,家電,535.0
15349,食品,536.25
15350,飲料,537.5
15351,日用品,538.75
15352,家電,540.0
15353,食品,541.25
15354,飲料,542.5
15355,日用品,543.75
15356,家電,545.0
15357,食品,546.25
15358,飲料,547.5
15359,日用品,548.75
15360,家電,550.0
15361,食品,551.25
15362,飲料,552.5
15363,日用品,553.75
15364,家電,555.0
15365,食品,556.25
15366,飲料,557.5
15367,日用品,558.75
15368,家電,560.0
15369,食品,561.25
15370,飲料,562.5
15371,日用品,563.75
15372,家電,565.0
15373,食品,566.25
15374,飲料,567.5
15375,日用品,568.75
15376,家電,570.0
15377,食品,571.25
15378,飲料,572.5
15379,日用品,573.75
15380,家電,575.0
15381,食品,576.25
15382,飲料,577.5
15383,日用品,578.75
15384,家電,580.0
15385,食品,581.25
15386,飲料,582.5
15387,日用品,583.75
15388,家電,585.0
15389,食品,586.25
15390,飲料,587.5
15391,日用品,588.75
15392,家電,590.0
15393,食品,591.25
15394,飲料,592.5
15395,日用品,593.75
15396,家電,595.0
15397,食品,596.25
15398,飲料,597.5
15399,日用品,598.75
15400,家電,600.0
15401,食品,601.25
15402,飲料,602.5
15403,日用品,603.75
15404,家電,605.0
15405,食品,606.25
15406,飲料,607.5
15407,日用品,608.75
15408,家電,610.0
15409,食品,611.25
15410,飲料,612.5
15411,日用品,613.75
15412,家電,615.0
15413,食品,616.25
15414,飲料,617.5
15415,日用品,618.75
15416,家電,620.0
15417,食品,621.25
15418,飲料,622.5
15419,日用品,623.75
15420,家電,625.0
15421,食品,626.25
15422,飲料,627.5
15423,日用品,628.75
15424,家電,630.0
15425,食品,631.25
15426,飲料,632.5
15427,日用品,633.75
15428,家電,635.0
15429,食品,636.25
15430,飲料,637.5
15431,日用品,638.75
15432,家電,640.0
15433,食品,641.25
15434,飲料,642.5
15435,日用品,643.75
15436,家電,645.0
15437,食品,646.25
15438,飲料,647.5
15439,日用品,648.75
15440,家電,650.0
15441,食品,651.25
15442,飲料,652.5
15443,日用品,653.75
15444,家電,655.0
15445,食品,656.25
15446,飲料,657.5
15447,日用品,658.75
15448,家電,660.0
15449,食品,661.25
15450,飲料,662.5
15451,日用品,663.75
15452,家電,665.0
15453,食品,666.25
15454,飲料,667.5
15455,日用品,668.75
15456,家電,670.0
15457,食品,671.25
15458,飲料,672.5
15459,日用品,673.75
15460,家電,675.0
15461,食品,676.25
15462,飲料,677.5
15463,日用品,678.75
15464,家電,680.0
15465,食品,681.25
15466,飲料,682.5
15467,日用品,683.75
15468,家電,685.0
15469,食品,686.25
15470,飲料,687.5
15471,日用品,688.75
15472,家電,690.0
15473,食品,691.25
15474,飲料,692.5
15475,日用品,693.75
15476,家電,695.0
15477,食品,696.25
15478,飲料,697.5
15479,日用品,698.75
15480,家電,700.0
15481,食品,701.25
15482,飲料,702.5
15483,日用品,703.75
15484,家電,705.0
15485,食品,706.25
15486,飲料,707.5
15487,日用品,708.75
15488,家電,710.0
15489,食品,711.25
15490,飲料,712.5
15491,日用品,713.75
15492,家電,715.0
15493,食品,716.25
15494,飲料,717.5
15495,日用品,718.75
15496,家電,720.0
15497,食品,721.25
15498,飲料,722.5
15499,日用品,723.75
15500,家電,100.0
15501,食品,101.25
15502,飲料,102.5
15503,日用品,103.75
15504,家電,105.0
15505,食品,106.25
15506,飲料,107.5
15507,日用品,108.75
15508,家電,110.0
15509,食品,111.25
15510,飲料,112.5
15511,日用品,113.75
15512,家電,115.0
15513,食品,116.25
15514,飲料,117.5
15515,日用品,118.75
15516,家電,120.0
15517,食品,121.25
15518,飲料,122.5
15519,日用品,123.75
15520,家電,125.0
15521,食品,126.25
15522,飲料,127.5
15523,日用品,128.75
15524,家電,130.0
15525,食品,131.25
15526,飲料,132.5
15527,日用品,133.75
15528,家電,135.0
15529,食品,136.25
15530,飲料,137.5
15531,日用品,138.75
15532,家電,140.0
15533,食品,141.25
15534,飲料,142.5
15535,日用品,143.75
15536,家電,145.0
15537,食品,146.25
15538,飲料,147.5
15539,日用品,148.75
15540,家電,150.0
15541,食品,151.25
15542,飲料,152.5
15543,日用品,153.75
15544,家電,155.0
15545,食品,156.25
15546,飲料,157.5
15547,日用品,158.75
15548,家電,160.0
15549,食品,161.25
15550,飲料,162.5
15551,日用品,163.75
15552,家電,165.0
15553,食品,166.25
15554,飲料,167.5
15555,日用品,168.75
15556,家電,170.0
15557,食品,171.25
15558,飲料,172.5
15559,日用品,173.75
15560,家電,175.0
15561,食品,176.25
15562,飲料,177.5
15563,日用品,178.75
15564,家電,180.0
15565,食品,181.25
15566,飲料,182.5
15567,日用品,183.75
15568,家電,185.0
15569,食品,186.25
15570,飲料,187.5
15571,日用品,188.75
15572,家電,190.0
15573,食品,191.25
15574,飲料,192.5
15575,日用品,193.75
15576,家電,195.0
15577,食品,196.25
15578,飲料,197.5
15579,日用品,198.75
15580,家電,200.0
15581,食品,201.25
15582,飲料,202.5
15583,日用品,203.75
15584,家電,205.0
15585,食品,206.25
15586,飲料,207.5
15587,日用品,208.75
15588,家電,210.0
15589,食品,211.25
15590,飲料,212.5
15591,日用品,213.75
15592,家電,215.0
15593,食品,216.25
15594,飲料,217.5
15595,日用品,218.75
15596,家電,220.0
15597,食品,221.25
15598,飲料,222.5
15599,日用品,223.75
15600,家電,225.0
15601,食品,226.25
15602,飲料,227.5
15603,日用品,228.75
15604,家電,230.0
15605,食品,231.25
15606,飲料,232.5
15607,日用品,233.75
15608,家電,235.0
15609,食品,236.25
15610,飲料,237.5
15611,日用品,238.75
15612,家電,240.0
15613,食品,241.25
15614,飲料,242.5
15615,日用品,243.75
15616,家電,245.0
15617,食品,246.25
15618,飲料,247.5
15619,日用品,248.75
15620,家電,250.0
15621,食品,251.25
15622,飲料,252.5
15623,日用品,253.75
15624,家電,255.0
15625,食品,256.25
15626,飲料,257.5
15627,日用品,258.75
15628,家電,260.0
15629,食品,261.25
15630,飲料,262.5
15631,日用品,263.75
15632,家電,265.0
15633,食品,266.25
15634,飲料,267.5
15635,日用品,268.75
15636,家電,270.0
15637,食品,271.25
15638,飲料,272.5
15639,日用品,273.75
15640,家電,275.0
15641,食品,276.25
15642,飲料,277.5
15643,日用品,278.75
15644,家電,280.0
15645,食品,281.25
15646,飲料,282.5
15647,日用品,283.75
15648,家電,285.0
15649,食品,286.25
15650,飲料,287.5
15651,日用品,288.75
15652,家電,290.0
15653,食品,291.25
15654,飲料,292.5
15655,日用品,293.75
15656,家電,295.0
15657,食品,296.25
15658,飲料,297.5
15659,日用品,298.75
15660,家電,300.0
15661,食品,301.25
15662,飲料,302.5
15663,日用品,303.75
15664,家電,305.0
15665,食品,306.25
15666,飲料,307.5
15667,日用品,308.75
15668,家電,310.0
15669,食品,311.25
15670,飲料,312.5
15671,日用品,313.75
15672,家電,315.0
15673,食品,316.25
15674,飲料,317.5
15675,日用品,318.75
15676,家電,320.0
15677,食品,321.25
15678,飲料,322.5
15679,日用品,323.75
15680,家電,325.0
15681,食品,326.25
15682,飲料,327.5
15683,日用品,328.75
15684,家電,330.0
15685,食品,331.25
15686,飲料,332.5
15687,日用品,333.75
15688,家電,335.0
15689,食品,336.25
15690,飲料,337.5
15691,日用品,338.75
15692,家電,340.0
15693,食品,341.25
15694,飲料,342.5
15695,日用品,343.75
15696,家電,345.0
15697,食品,346.25
15698,飲料,347.5
15699,日用品,348.75
15700,家電,350.0
15701,食品,351.25
15702,飲料,352.5
15703,日用品,353.75
15704,家電,355.0
15705,食品,356.25
15706,飲料,357.5
15707,日用品,358.75
15708,家電,360.0
15709,食品,361.25
15710,飲料,362.5
15711,日用品,363.75
15712,家電,365.0
15713,食品,366.25
15714,飲料,367.5
15715,日用品,368.75
15716,家電,370.0
15717,食品,371.25
15718,飲料,372.5
15719,日用品,373.75
15720,家電,375.0
15721,食品,376.25
15722,飲料,377.5
15723,日用品,378.75
15724,家電,380.0
15725,食品,381.25
15726,飲料,382.5
15727,日用品,383.75
15728,家電,385.0
15729,食品,386.25
15730,飲料,387.5
15731,日用品,388.75
15732,家電,390.0
15733,食品,391.25
15734,飲料,392.5
15735,日用品,393.75
15736,家電,395.0
15737,食品,396.25
15738,飲料,397.5
15739,日用品,398.75
15740,家電,400.0
15741,食品,401.25
15742,飲料,402.5
15743,日用品,403.75
15744,家電,405.0
15745,食品,406.25
15746,飲料,407.5
15747,日用品,408.75
15748,家電,410.0
15749,食品,411.25
15750,飲料,412.5
15751,日用品,413.75
15752,家電,415.0
15753,食品,416.25
15754,飲料,417.5
15755,日用品,418.75
15756,家電,420.0
15757,食品,421.25
15758,飲料,422.5
15759,日用品,423.75
15760,家電,425.0
15761,食品,426.25
15762,飲料,427.5
15763,日用品,428.75
15764,家電,430.0
15765,食品,431.25
15766,飲料,432.5
15767,日用品,433.75
15768,家電,435.0
15769,食品,436.25
15770,飲料,437.5
15771,日用品,438.75
15772,家電,440.0
15773,食品,441.25
15774,飲料,442.5
15775,日用品,443.75
15776,家電,445.0
15777,食品,446.25
15778,飲料,447.5
15779,日用品,448.75
15780,家電,450.0
15781,食品,451.25
15782,飲料,452.5
15783,日用品,453.75
15784,家電,455.0
15785,食品,456.25
15786,飲料,457.5
15787,日用品,458.75
15788,家電,460.0
15789,食品,461.25
15790,飲料,462.5
15791,日用品,463.75
15792,家電,465.0
15793,食品,466.25
15794,飲料,467.5
15795,日用品,468.75
15796,家電,470.0
15797,食品,471.25
15798,飲料,472.5
15799,日用品,473.75
15800,家電,475.0
15801,食品,476.25
15802,飲料,477.5
15803,日用品,478.75
15804,家電,480.0
15805,食品,481.25
15806,飲料,482.5
15807,日用品,483.75
15808,家電,485.0
15809,食品,486.25
15810,飲料,487.5
15811,日用品,488.75
15812,家電,490.0
15813,食品,491.25
15814,飲料,492.5
15815,日用品,493.75
15816,家電,495.0
15817,食品,496.25
15818,飲料,497.5
15819,日用品,498.75
15820,家電,500.0
15821,食品,501.25
15822,飲料,502.5
15823,日用品,503.75
15824,家電,505.0
15825,食品,506.25
15826,飲料,507.5
15827,日用品,508.75
15828,家電,510.0
15829,食品,511.25
15830,飲料,512.5
15831,日用品,513.75
15832,家電,515.0
15833,食品,516.25
15834,飲料,517.5
15835,日用品,518.75
15836,家電,520.0
15837,食品,521.25
15838,飲料,522.5
15839,日用品,523.75
15840,家電,525.0
15841,食品,526.25
15842,飲料,527.5
15843,日用品,528.75
15844,家電,530.0
15845,食品,531.25
15846,飲料,532.5
15847,日用品,533.75
15848,家電,535.0
15849,食品,536.25
15850,飲料,537.5
15851,日用品,538.75
15852,家電,540.0
15853,食品,541.25
15854,飲料,542.5
15855,日用品,543.75
15856,家電,545.0
15857,食品,546.25
15858,飲料,547.5
15859,日用品,548.75
15860,家電,550.0
15861,食品,551.25
15862,飲料,552.5
15863,日用品,553.75
15864,家電,555.0
15865,食品,556.25
15866,飲料,557.5
15867,日用品,558.75
15868,家電,560.0
15869,食品,561.25
15870,飲料,562.5
15871,日用品,563.75
15872,家電,565.0
15873,食品,566.25
15874,飲料,567.5
15875,日用品,568.75
15876,家電,570.0
15877,食品,571.25
15878,飲料,572.5
15879,日用品,573.75
15880,家電,575.0
15881,食品,576.25
15882,飲料,577.5
15883,日用品,578.75
15884,家電,580.0
15885,食品,581.25
15886,飲料,582.5
15887,日用品,583.75
15888,家電,585.0
15889,食品,586.25
15890,飲料,587.5
15891,日用品,588.75
15892,家電,590.0
15893,食品,591.25
15894,飲料,592.5
15895,日用品,593.75
15896,家電,595.0
15897,食品,596.25
15898,飲料,597.5
15899,日用品,598.75
15900,家電,600.0
15901,食品,601.25
15902,飲料,602.5
15903,日用品,603.75
15904,家電,605.0
15905,食品,606.25
15906,飲料,607.5
15907,日用品,608.75
15908,家電,610.0
15909,食品,611.25
15910,飲料,612.5
15911,日用品,613.75
15912,家電,615.0
15913,食品,616.25
15914,飲料,617.5
15915,日用品,618.75
15916,家電,620.0
15917,食品,621.25
15918,飲料,622.5
15919,日用品,623.75
15920,家電,625.0
15921,食品,626.25
15922,飲料,627.5
15923,日用品,628.75
15924,家電,630.0
15925,食品,631.25
15926,飲料,632.5
15927,日用品,633.75
15928,家電,635.0
15929,食品,636.25
15930,飲料,637.5
15931,日用品,638.75
15932,家電,640.0
15933,食品,641.25
15934,飲料,642.5
15935,日用品,643.75
15936,家電,645.0
15937,食品,646.25
15938,飲料,647.5
15939,日用品,648.75
15940,家電,650.0
15941,食品,651.25
15942,飲料,652.5
15943,日用品,653.75
15944,家電,655.0
15945,食品,656.25
15946,飲料,657.5
15947,日用品,658.75
15948,家電,660.0
15949,食品,661.25
15950,飲料,662.5
15951,日用品,663.75
15952,家電,665.0
15953,食品,666.25
15954,飲料,667.5
15955,日用品,668.75
15956,家電,670.0
15957,食品,671.25
15958,飲料,672.5
15959,日用品,673.75
15960,家電,675.0
15961,食品,676.25
15962,飲料,677.5
15963,日用品,678.75
15964,家電,680.0
15965,食品,681.25
15966,飲料,682.5
15967,日用品,683.75
15968,家電,685.0
15969,食品,686.25
15970,飲料,687.5
15971,日用品,688.75
15972,家電,690.0
15973,食品,691.25
15974,飲料,692.5
15975,日用品,693.75
15976,家電,695.0
15977,食品,696.25
15978,飲料,697.5
15979,日用品,698.75
15980,家電,700.0
15981,食品,701.25
15982,飲料,702.5
15983,日用品,703.75
15984,家電,705.0
15985,食品,706.25
15986,飲料,707.5
15987,日用品,708.75
15988,家電,710.0
15989,食品,711.25
15990,飲料,712.5
15991,日用品,713.75
15992,家電,715.0
15993,食品,716.25
15994,飲料,717.5
15995,日用品,718.75
15996,家電,720.0
15997,食品,721.25
15998,飲料,722.5
15999,日用品,723.75
16000,家電,100.0
16001,食品,101.25
16002,飲料,102.5
16003,日用品,103.75
16004,家電,105.0
16005,食品,106.25
16006,飲料,107.5
16007,日用品,108.75
16008,家電,110.0
16009,食品,111.25
16010,飲料,112.5
16011,日用品,113.75
16012,家電,115.0
16013,食品,116.25
16014,飲料,117.5
16015,日用品,118.75
16016,家電,120.0
16017,食品,121.25
16018,飲料,122.5
16019,日用品,123.75
16020,家電,125.0
16021,食品,126.25
16022,飲料,127.5
16023,日用品,128.75
16024,家電,130.0
16025,食品,131.25
16026,飲料,132.5
16027,日用品,133.75
16028,家電,135.0
16029,食品,136.25
16030,飲料,137.5
16031,日用品,138.75
16032,家電,140.0
16033,食品,141.25
16034,飲料,142.5
16035,日用品,143.75
16036,家電,145.0
16037,食品,146.25
16038,飲料,147.5
16039,日用品,148.75
16040,家電,150.0
16041,食品,151.25
16042,飲料,152.5
16043,日用品,153.75
16044,家電,155.0
16045,食品,156.25
16046,飲料,157.5
16047,日用品,158.75
16048,家電,160.0
16049,食品,161.25
16050,飲料,162.5
16051,日用品,163.75
16052,家電,165.0
16053,食品,166.25
16054,飲料,167.5
16055,日用品,168.75
16056,家電,170.0
16057,食品,171.25
16058,飲料,172.5
16059,日用品,173.75
16060,家電,175.0
16061,食品,176.25
16062,飲料,177.5
16063,日用品,178.75
16064,家電,180.0
16065,食品,181.25
16066,飲料,182.5
16067,日用品,183.75
16068,家電,185.0
16069,食品,186.25
16070,飲料,187.5
16071,日用品,188.75
16072,家電,190.0
16073,食品,191.25
16074,飲料,192.5
16075,日用品,193.75
16076,家電,195.0
16077,食品,196.25
16078,飲料,197.5
16079,日用品,198.75
16080,家電,200.0
16081,食品,201.25
16082,飲料,202.5
16083,日用品,203.75
16084,家電,205.0
16085,食品,206.25
16086,飲料,207.5
16087,日用品,208.75
16088,家電,210.0
16089,食品,211.25
16090,飲料,212.5
16091,日用品,213.75
16092,家電,215.0
16093,食品,216.25
16094,飲料,217.5
16095,日用品,218.75
16096,家電,220.0
16097,食品,221.25
16098,飲料,222.5
16099,日用品,223.75
16100,家電,225.0
16101,食品,226.25
16102,飲料,227.5
16103,日用品,228.75
16104,家電,230.0
16105,食品,231.25
16106,飲料,232.5
16107,日用品,233.75
16108,家電,235.0
16109,食品,236.25
16110,飲料,237.5
16111,日用品,238.75
16112,家電,240.0
16113,食品,241.25
16114,飲料,242.5
16115,日用品,243.75
16116,家電,245.0
16117,食品,246.25
16118,飲料,247.5
16119,日用品,248.75
16120,家電,250.0
16121,食品,251.25
16122,飲料,252.5
16123,日用品,253.75
16124,家電,255.0
16125,食品,256.25
16126,飲料,257.5
16127,日用品,258.75
16128,家電,260.0
16129,食品,261.25
16130,飲料,262.5
16131,日用品,263.75
16132,家電,265.0
16133,食品,266.25
16134,飲料,267.5
16135,日用品,268.75
16136,家電,270.0
16137,食品,271.25
16138,飲料,272.5
16139,日用品,273.75
16140,家電,275.0
16141,食品,276.25
16142,飲料,277.5
16143,日用品,278.75
16144,家電,280.0
16145,食品,281.25
16146,飲料,282.5
16147,日用品,283.75
16148,家電,285.0
16149,食品,286.25
16150,飲料,287.5
16151,日用品,288.75
16152,家電,290.0
16153,食品,291.25
16154,飲料,292.5
16155,日用品,293.75
16156,家電,295.0
16157,食品,296.25
16158,飲料,297.5
16159,日用品,298.75
16160,家電,300.0
16161,食品,301.25
16162,飲料,302.5
16163,日用品,303.75
16164,家電,305.0
16165,食品,306.25
16166,飲料,307.5
16167,日用品,308.75
16168,家電,310.0
16169,食品,311.25
16170,飲料,312.5
16171,日用品,313.75
16172,家電,315.0
16173,食品,316.25
16174,飲料,317.5
16175,日用品,318.75
16176,家電,320.0
16177,食品,321.25
16178,飲料,322.5
16179,日用品,323.75
16180,家電,325.0
16181,食品,326.25
16182,飲料,327.5
16183,日用品,328.75
16184,家電,330.0
16185,食品,331.25
16186,飲料,332.5
16187,日用品,333.75
16188,家電,335.0
16189,食品,336.25
16190,飲料,337.5
16191,日用品,338.75
16192,家電,340.0
16193,食品,341.25
16194,飲料,342.5
16195,日用品,343.75
16196,家電,345.0
16197,食品,346.25
16198,飲料,347.5
16199,日用品,348.75
16200,家電,350.0
16201,食品,351.25
16202,飲料,352.5
16203,日用品,353.75
16204,家電,355.0
16205,食品,356.25
16206,飲料,357.5
16207,日用品,358.75
16208,家電,360.0
16209,食品,361.25
16210,飲料,362.5
16211,日用品,363.75
16212,家電,365.0
16213,食品,366.25
16214,飲料,367.5
16215,日用品,368.75
16216,家電,370.0
16217,食品,371.25
16218,飲料,372.5
16219,日用品,373.75
16220,家電,375.0
16221,食品,376.25
16222,飲料,377.5
16223,日用品,378.75
16224,家電,380.0
16225,食品,381.25
16226,飲料,382.5
16227,日用品,383.75
16228,家電,385.0
16229,食品,386.25
16230,飲料,387.5
16231,日用品,388.75
16232,家電,390.0
16233,食品,391.25
16234,飲料,392.5
16235,日用品,393.75
16236,家電,395.0
16237,食品,396.25
16238,飲料,397.5
16239,日用品,398.75
16240,家電,400.0
16241,食品,401.25
16242,飲料,402.5
16243,日用品,403.75
16244,家電,405.0
16245,食品,406.25
16246,飲料,407.5
16247,日用品,408.75
16248,家電,410.0
16249,食品,411.25
16250,飲料,412.5
16251,日用品,413.75
16252,家電,415.0
16253,食品,416.25
16254,飲料,417.5
16255,日用品,418.75
16256,家電,420.0
16257,食品,421.25
16258,飲料,422.5
16259,日用品,423.75
16260,家電,425.0
16261,食品,426.25
16262,飲料,427.5
16263,日用品,428.75
16264,家電,430.0
16265,食品,431.25
16266,飲料,432.5
16267,日用品,433.75
16268,家電,435.0
16269,食品,436.25
16270,飲料,437.5
16271,日用品,438.75
16272,家電,440.0
16273,食品,441.25
16274,飲料,442.5
16275,日用品,443.75
16276,家電,445.0
16277,食品,446.25
16278,飲料,447.5
16279,日用品,448.75
16280,家電,450.0
16281,食品,451.25
16282,飲料,452.5
16283,日用品,453.75
16284,家電,455.0
16285,食品,456.25
16286,飲料,457.5
16287,日用品,458.75
16288,家電,460.0
16289,食品,461.25
16290,飲料,462.5
16291,日用品,463.75
16292,家電,465.0
16293,食品,466.25
16294,飲料,467.5
16295,日用品,468.75
16296,家電,470.0
16297,食品,471.25
16298,飲料,472.5
16299,日用品,473.75
16300,家電,475.0
16301,食品,476.25
16302,飲料,477.5
16303,日用品,478.75
16304,家電,480.0
16305,食品,481.25
16306,飲料,482.5
16307,日用品,483.75
16308,家電,485.0
16309,食品,486.25
16310,飲料,487.5
16311,日用品,488.75
16312,家電,490.0
16313,食品,491.25
16314,飲料,492.5
16315,日用品,493.75
16316,家電,495.0
16317,食品,496.25
16318,飲料,497.5
16319,日用品,498.75
16320,家電,500.0
16321,食品,501.25
16322,飲料,502.5
16323,日用品,503.75
16324,家電,505.0
16325,食品,506.25
16326,飲料,507.5
16327,日用品,508.75
16328,家電,510.0
16329,食品,511.25
16330,飲料,512.5
16331,日用品,513.75
16332,家電,515.0
16333,食品,516.25
16334,飲料,517.5
16335,日用品,518.75
16336,家電,520.0
16337,食品,521.25
16338,飲料,522.5
16339,日用品,523.75
16340,家電,525.0
16341,食品,526.25
16342,飲料,527.5
16343,日用品,528.75
16344,家電,530.0
16345,食品,531.25
16346,飲料,532.5
16347,日用品,533.75
16348,家電,535.0
16349,食品,536.25
16350,飲料,537.5
16351,日用品,538.75
16352,家電,540.0
16353,食品,541.25
16354,飲料,542.5
16355,日用品,543.75
16356,家電,545.0
16357,食品,546.25
16358,飲料,547.5
16359,日用品,548.75
16360,家電,550.0
16361,食品,551.25
16362,飲料,552.5
16363,日用品,553.75
16364,家電,555.0
16365,食品,556.25
16366,飲料,557.5
16367,日用品,558.75
16368,家電,560.0
16369,食品,561.25
16370,飲料,562.5
16371,日用品,563.75
16372,家電,565.0
16373,食品,566.25
16374,飲料,567.5
16375,日用品,568.75
16376,家電,570.0
16377,食品,571.25
16378,飲料,572.5
16379,日用品,573.75
16380,家電,575.0
16381,食品,576.25
16382,飲料,577.5
16383,日用品,578.75
16384,家電,580.0
16385,食品,581.25
16386,飲料,582.5
16387,日用品,583.75
16388,家電,585.0
16389,食品,586.25
16390,飲料,587.5
16391,日用品,588.75
16392,家電,590.0
16393,食品,591.25
16394,飲料,592.5
16395,日用品,593.75
16396,家電,595.0
16397,食品,596.25
16398,飲料,597.5
16399,日用品,598.75
16400,家電,600.0
16401,食品,601.25
16402,飲料,602.5
16403,日用品,603.75
16404,家電,605.0
16405,食品,606.25
16406,飲料,607.5
16407,日用品,608.75
16408,家電,610.0
16409,食品,611.25
16410,飲料,612.5
16411,日用品,613.75
16412,家電,615.0
16413,食品,616.25
16414,飲料,617.5
16415,日用品,618.75
16416,家電,620.0
16417,食品,621.25
16418,飲料,622.5
16419,日用品,623.75
16420,家電,625.0
16421,食品,626.25
16422,飲料,627.5
16423,日用品,628.75
16424,家電,630.0
16425,食品,631.25
16426,飲料,632.5
16427,日用品,633.75
16428,家電,635.0
16429,食品,636.25
16430,飲料,637.5
16431,日用品,638.75
16432,家電,640.0
16433,食品,641.25
16434,飲料,642.5
16435,日用品,643.75
16436,家電,645.0
16437,食品,646.25
16438,飲料,647.5
16439,日用品,648.75
16440,家電,650.0
16441,食品,651.25
16442,飲料,652.5
16443,日用品,653.75
16444,家電,655.0
16445,食品,656.25
16446,飲料,657.5
16447,日用品,658.75
16448,家電,660.0
16449,食品,661.25
16450,飲料,662.5
16451,日用品,663.75
16452,家電,665.0
16453,食品,666.25
16454,飲料,667.5
16455,日用品,668.75
16456,家電,670.0
16457,食品,671.25
16458,飲料,672.5
16459,日用品,673.75
16460,家電,675.0
16461,食品,676.25
16462,飲料,677.5
16463,日用品,678.75
16464,家電,680.0
16465,食品,681.25
16466,飲料,682.5
16467,日用品,683.75
16468,家電,685.0
16469,食品,686.25
16470,飲料,687.5
16471,日用品,688.75
16472,家電,690.0
16473,食品,691.25
16474,飲料,692.5
16475,日用品,693.75
16476,家電,695.0
16477,食品,696.25
16478,飲料,697.5
16479,日用品,698.75
16480,家電,700.0
16481,食品,701.25
16482,飲料,702.5
16483,日用品,703.75
16484,家電,705.0
16485,食品,706.25
16486,飲料,707.5
16487,日用品,708.75
16488,家電,710.0
16489,食品,711.25
16490,飲料,712.5
16491,日用品,713.75
16492,家電,715.0
16493,食品,716.25
16494,飲料,717.5
16495,日用品,718.75
16496,家電,720.0
16497,食品,721.25
16498,飲料,722.5
16499,日用品,723.75
16500,家電,100.0
16501,食品,101.25
16502,飲料,102.5
16503,日用品,103.75
16504,家電,105.0
16505,食品,106.25
16506,飲料,107.5
16507,日用品,108.75
16508,家電,110.0
16509,食品,111.25
16510,飲料,112.5
16511,日用品,113.75
16512,家電,115.0
16513,食品,116.25
16514,飲料,117.5
16515,日用品,118.75
16516,家電,120.0
16517,食品,121.25
16518,飲料,122.5
16519,日用品,123.75
16520,家電,125.0
16521,食品,126.25
16522,飲料,127.5
16523,日用品,128.75
16524,家電,130.0
16525,食品,131.25
16526,飲料,132.5
16527,日用品,133.75
16528,家電,135.0
16529,食品,136.25
16530,飲料,137.5
16531,日用品,138.75
16532,家電,140.0
16533,食品,141.25
16534,飲料,142.5
16535,日用品,143.75
16536,家電,145.0
16537,食品,146.25
16538,飲料,147.5
16539,日用品,148.75
16540,家電,150.0
16541,食品,151.25
16542,飲料,152.5
16543,日用品,153.75
16544,家電,155.0
16545,食品,156.25
16546,飲料,157.5
16547,日用品,158.75
16548,家電,160.0
16549,食品,161.25
16550,飲料,162.5
16551,日用品,163.75
16552,家電,165.0
16553,食品,166.25
16554,飲料,167.5
16555,日用品,168.75
16556,家電,170.0
16557,食品,171.25
16558,飲料,172.5
16559,日用品,173.75
16560,家電,175.0
16561,食品,176.25
16562,飲料,177.5
16563,日用品,178.75
16564,家電,180.0
16565,食品,181.25
16566,飲料,182.5
16567,日用品,183.75
16568,家電,185.0
16569,食品,186.25
16570,飲料,187.5
16571,日用品,188.75
16572,家電,190.0
16573,食品,191.25
16574,飲料,192.5
16575,日用品,193.75
16576,家電,195.0
16577,食品,196.25
16578,飲料,197.5
16579,日用品,198.75
16580,家電,200.0
16581,食品,201.25
16582,飲料,202.5
16583,日用品,203.75
16584,家電,205.0
16585,食品,206.25
16586,飲料,207.5
16587,日用品,208.75
16588,家電,210.0
16589,食品,211.25
16590,飲料,212.5
16591,日用品,213.75
16592,家電,215.0
16593,食品,216.25
16594,飲料,217.5
16595,日用品,218.75
16596,家電,220.0
16597,食品,221.25
16598,飲料,222.5
16599,日用品,223.75
16600,家電,225.0
16601,食品,226.25
16602,飲料,227.5
16603,日用品,228.75
16604,家電,230.0
16605,食品,231.25
16606,飲料,232.5
16607,日用品,233.75
16608,家電,235.0
16609,食品,236.25
16610,飲料,237.5
16611,日用品,238.75
16612,家電,240.0
16613,食品,241.25
16614,飲料,242.5
16615,日用品,243.75
16616,家電,245.0
16617,食品,246.25
16618,飲料,247.5
16619,日用品,248.75
16620,家電,250.0
16621,食品,251.25
16622,飲料,252.5
16623,日用品,253.75
16624,家電,255.0
16625,食品,256.25
16626,飲料,257.5
16627,日用品,258.75
16628,家電,260.0
16629,食品,261.25
16630,飲料,262.5
16631,日用品,263.75
16632,家電,265.0
16633,食品,266.25
16634,飲料,267.5
16635,日用品,268.75
16636,家電,270.0
16637,食品,271.25
16638,飲料,272.5
16639,日用品,273.75
16640,家電,275.0
16641,食品,276.25
16642,飲料,277.5
16643,日用品,278.75
16644,家電,280.0
16645,食品,281.25
16646,飲料,282.5
16647,日用品,283.75
16648,家電,285.0
16649,食品,286.25
16650,飲料,287.5
16651,日用品,288.75
16652,家電,290.0
16653,食品,291.25
16654,飲料,292.5
16655,日用品,293.75
16656,家電,295.0
16657,食品,296.25
16658,飲料,297.5
16659,日用品,298.75
16660,家電,300.0
16661,食品,301.25
16662,飲料,302.5
16663,日用品,303.75
16664,家電,305.0
16665,食品,306.25
16666,飲料,307.5
16667,日用品,308.75
16668,家電,310.0
16669,食品,311.25
16670,飲料,312.5
16671,日用品,313.75
16672,家電,315.0
16673,食品,316.25
16674,飲料,317.5
16675,日用品,318.75
16676,家電,320.0
16677,食品,321.25
16678,飲料,322.5
16679,日用品,323.75
16680,家電,325.0
16681,食品,326.25
16682,飲料,327.5
16683,日用品,328.75
16684,家電,330.0
16685,食品,331.25
16686,飲料,332.5
16687,日用品,333.75
16688,家電,335.0
16689,食品,336.25
16690,飲料,337.5
16691,日用品,338.75
16692,家電,340.0
16693,食品,341.25
16694,飲料,342.5
16695,日用品,343.75
16696,家電,345.0
16697,食品,346.25
16698,飲料,347.5
16699,日用品,348.75
16700,家電,350.0
16701,食品,351.25
16702,飲料,352.5
16703,日用品,353.75
16704,家電,355.0
16705,食品,356.25
16706,飲料,357.5
16707,日用品,358.75
16708,家電,360.0
16709,食品,361.25
16710,飲料,362.5
16711,日用品,363.75
16712,家電,365.0
16713,食品,366.25
16714,飲料,367.5
16715,日用品,368.75
16716,家電,370.0
16717,食品,371.25
16718,飲料,372.5
16719,日用品,373.75
16720,家電,375.0
16721,食品,376.25
16722,飲料,377.5
16723,日用品,378.75
16724,家電,380.0
16725,食品,381.25
16726,飲料,382.5
16727,日用品,383.75
16728,家電,385.0
16729,食品,386.25
16730,飲料,387.5
16731,日用品,388.75
16732,家電,390.0
16733,食品,391.25
16734,飲料,392.5
16735,日用品,393.75
16736,家電,395.0
16737,食品,396.25
16738,飲料,397.5
16739,日用品,398.75
16740,家電,400.0
16741,食品,401.25
16742,飲料,402.5
16743,日用品,403.75
16744,家電,405.0
16745,食品,406.25
16746,飲料,407.5
16747,日用品,408.75
16748,家電,410.0
16749,食品,411.25
16750,飲料,412.5
16751,日用品,413.75
16752,家電,415.0
16753,食品,416.25
16754,飲料,417.5
16755,日用品,418.75
16756,家電,420.0
16757,食品,421.25
16758,飲料,422.5
16759,日用品,423.75
16760,家電,425.0
16761,食品,426.25
16762,飲料,427.5
16763,日用品,428.75
16764,家電,430.0
16765,食品,431.25
16766,飲料,432.5
16767,日用品,433.75
16768,家電,435.0
16769,食品,436.25
16770,飲料,437.5
16771,日用品,438.75
16772,家電,440.0
16773,食品,441.25
16774,飲料,442.5
16775,日用品,443.75
16776,家電,445.0
16777,食品,446.25
16778,飲料,447.5
16779,日用品,448.75
16780,家電,450.0
16781,食品,451.25
16782,飲料,452.5
16783,日用品,453.75
16784,家電,455.0
16785,食品,456.25
16786,飲料,457.5
16787,日用品,458.75
16788,家電,460.0
16789,食品,461.25
16790,飲料,462.5
16791,日用品,463.75
16792,家電,465.0
16793,食品,466.25
16794,飲料,467.5
16795,日用品,468.75
16796,家電,470.0
16797,食品,471.25
16798,飲料,472.5
16799,日用品,473.75
16800,家電,475.0
16801,食品,476.25
16802,飲料,477.5
16803,日用品,478.75
16804,家電,480.0
16805,食品,481.25
16806,飲料,482.5
16807,日用品,483.75
16808,家電,485.0
16809,食品,486.25
16810,飲料,487.5
16811,日用品,488.75
16812,家電,490.0
16813,食品,491.25
16814,飲料,492.5
16815,日用品,493.75
16816,家電,495.0
16817,食品,496.25
16818,飲料,497.5
16819,日用品,498.75
16820,家電,500.0
16821,食品,501.25
16822,飲料,502.5
16823,日用品,503.75
16824,家電,505.0
16825,食品,506.25
16826,飲料,507.5
16827,日用品,508.75
16828,家電,510.0
16829,食品,511.25
16830,飲料,512.5
16831,日用品,513.75
16832,家電,515.0
16833,食品,516.25
16834,飲料,517.5
16835,日用品,518.75
16836,家電,520.0
16837,食品,521.25
16838,飲料,522.5
16839,日用品,523.75
16840,家電,525.0
16841,食品,526.25
16842,飲料,527.5
16843,日用品,528.75
16844,家電,530.0
16845,食品,531.25
16846,飲料,532.5
16847,日用品,533.75
16848,家電,535.0
16849,食品,536.25
16850,飲料,537.5
16851,日用品,538.75
16852,家電,540.0
16853,食品,541.25
16854,飲料,542.5
16855,日用品,543.75
16856,家電,545.0
16857,食品,546.25
16858,飲料,547.5
16859,日用品,548.75
16860,家電,550.0
16861,食品,551.25
16862,飲料,552.5
16863,日用品,553.75
16864,家電,555.0
16865,食品,556.25
16866,飲料,557.5
16867,日用品,558.75
16868,家電,560.0
16869,食品,561.25
16870,飲料,562.5
16871,日用品,563.75
16872,家電,565.0
16873,食品,566.25
16874,飲料,567.5
16875,日用品,568.75
16876,家電,570.0
16877,食品,571.25
16878,飲料,572.5
16879,日用品,573.75
16880,家電,575.0
16881,食品,576.25
16882,飲料,577.5
16883,日用品,578.75
16884,家電,580.0
16885,食品,581.25
16886,飲料,582.5
16887,日用品,583.75
16888,家電,585.0
16889,食品,586.25
16890,飲料,587.5
16891,日用品,588.75
16892,家電,590.0
16893,食品,591.25
16894,飲料,592.5
16895,日用品,593.75
16896,家電,595.0
16897,食品,596.25
16898,飲料,597.5
16899,日用品,598.75
16900,家電,600.0
16901,食品,601.25
16902,飲料,602.5
16903,日用品,603.75
16904,家電,605.0
16905,食品,606.25
16906,飲料,607.5
16907,日用品,608.75
16908,家電,610.0
16909,食品,611.25
16910,飲料,612.5
16911,日用品,613.75
16912,家電,615.0
16913,食品,616.25
16914,飲料,617.5
16915,日用品,618.75
16916,家電,620.0
16917,食品,621.25
16918,飲料,622.5
16919,日用品,623.75
16920,家電,625.0
16921,食品,626.25
16922,飲料,627.5
16923,日用品,628.75
16924,家電,630.0
16925,食品,631.25
16926,飲料,632.5
16927,日用品,633.75
16928,家電,635.0
16929,食品,636.25
16930,飲料,637.5
16931,日用品,638.75
16932,家電,640.0
16933,食品,641.25
16934,飲料,642.5
16935,日用品,643.75
16936,家電,645.0
16937,食品,646.25
16938,飲料,647.5
16939,日用品,648.75
16940,家電,650.0
16941,食品,651.25
16942,飲料,652.5
16943,日用品,653.75
16944,家電,655.0
16945,食品,656.25
16946,飲料,657.5
16947,日用品,658.75
16948,家電,660.0
16949,食品,661.25
16950,飲料,662.5
16951,日用品,663.75
16952,家電,665.0
16953,食品,666.25
16954,飲料,667.5
16955,日用品,668.75
16956,家電,670.0
16957,食品,671.25
16958,飲料,672.5
16959,日用品,673.75
16960,家電,675.0
16961,食品,676.25
16962,飲料,677.5
16963,日用品,678.75
16964,家電,680.0
16965,食品,681.25
16966,飲料,682.5
16967,日用品,683.75
16968,家電,685.0
16969,食品,686.25
16970,飲料,687.5
16971,日用品,688.75
16972,家電,690.0
16973,食品,691.25
16974,飲料,692.5
16975,日用品,693.75
16976,家電,695.0
16977,食品,696.25
16978,飲料,697.5
16979,日用品,698.75
16980,家電,700.0
16981,食品,701.25
16982,飲料,702.5
16983,日用品,703.75
16984,家電,705.0
16985,食品,706.25
16986,飲料,707.5
16987,日用品,708.75
16988,家電,710.0
16989,食品,711.25
16990,飲料,712.5
16991,日用品,713.75
16992,家電,715.0
16993,食品,716.25
16994,飲料,717.5
16995,日用品,718.75
16996,家電,720.0
16997,食品,721.25
16998,飲料,722.5
16999,日用品,723.75
17000,家電,100.0
17001,食品,101.25
17002,飲料,102.5
17003,日用品,103.75
17004,家電,105.0
17005,食品,106.25
17006,飲料,107.5
17007,日用品,108.75
17008,家電,110.0
17009,食品,111.25
17010,飲料,112.5
17011,日用品,113.75
17012,家電,115.0
17013,食品,116.25
17014,飲料,117.5
17015,日用品,118.75
17016,家電,120.0
17017,食品,121.25
17018,飲料,122.5
17019,日用品,123.75
17020,家電,125.0
17021,食品,126.25
17022,飲料,127.5
17023,日用品,128.75
17024,家電,130.0
17025,食品,131.25
17026,飲料,132.5
17027,日用品,133.75
17028,家電,135.0
17029,食品,136.25
17030,飲料,137.5
17031,日用品,138.75
17032,家電,140.0
17033,食品,141.25
17034,飲料,142.5
17035,日用品,143.75
17036,家電,145.0
17037,食品,146.25
17038,飲料,147.5
17039,日用品,148.75
17040,家電,150.0
17041,食品,151.25
17042,飲料,152.5
17043,日用品,153.75
17044,家電,155.0
17045,食品,156.25
17046,飲料,157.5
17047,日用品,158.75
17048,家電,160.0
17049,食品,161.25
17050,飲料,162.5
17051,日用品,163.75
17052,家電,165.0
17053,食品,166.25
17054,飲料,167.5
17055,日用品,168.75
17056,家電,170.0
17057,食品,171.25
17058,飲料,172.5
17059,日用品,173.75
17060,家電,175.0
17061,食品,176.25
17062,飲料,177.5
17063,日用品,178.75
17064,家電,180.0
17065,食品,181.25
17066,飲料,182.5
17067,日用品,183.75
17068,家電,185.0
17069,食品,186.25
17070,飲料,187.5
17071,日用品,188.75
17072,家電,190.0
17073,食品,191.25
17074,飲料,192.5
17075,日用品,193.75
17076,家電,195.0
17077,食品,196.25
17078,飲料,197.5
17079,日用品,198.75
17080,家電,200.0
17081,食品,201.25
17082,飲料,202.5
17083,日用品,203.75
17084,家電,205.0
17085,食品,206.25
17086,飲料,207.5
17087,日用品,208.75
17088,家電,210.0
17089,食品,211.25
17090,飲料,212.5
17091,日用品,213.75
17092,家電,215.0
17093,食品,216.25
17094,飲料,217.5
17095,日用品,218.75
17096,家電,220.0
17097,食品,221.25
17098,飲料,222.5
17099,日用品,223.75
17100,家電,225.0
17101,食品,226.25
17102,飲料,227.5
17103,日用品,228.75
17104,家電,230.0
17105,食品,231.25
17106,飲料,232.5
17107,日用品,233.75
17108,家電,235.0
17109,食品,236.25
17110,飲料,237.5
17111,日用品,238.75
17112,家電,240.0
17113,食品,241.25
17114,飲料,242.5
17115,日用品,243.75
17116,家電,245.0
17117,食品,246.25
17118,飲料,247.5
17119,日用品,248.75
17120,家電,250.0
17121,食品,251.25
17122,飲料,252.5
17123,日用品,253.75
17124,家電,255.0
17125,食品,256.25
17126,飲料,257.5
17127,日用品,258.75
17128,家電,260.0
17129,食品,261.25
17130,飲料,262.5
17131,日用品,263.75
17132,家電,265.0
17133,食品,266.25
17134,飲料,267.5
17135,日用品,268.75
17136,家電,270.0
17137,食品,271.25
17138,飲料,272.5
17139,日用品,273.75
17140,家電,275.0
17141,食品,276.25
17142,飲料,277.5
17143,日用品,278.75
17144,家電,280.0
17145,食品,281.25
17146,飲料,282.5
17147,日用品,283.75
17148,家電,285.0
17149,食品,286.25
17150,飲料,287.5
17151,日用品,288.75
17152,家電,290.0
17153,食品,291.25
17154,飲料,292.5
17155,日用品,293.75
17156,家電,295.0
17157,食品,296.25
17158,飲料,297.5
17159,日用品,298.75
17160,家電,300.0
17161,食品,301.25
17162,飲料,302.5
17163,日用品,303.75
17164,家電,305.0
17165,食品,306.25
17166,飲料,307.5
17167,日用品,308.75
17168,家電,310.0
17169,食品,311.25
17170,飲料,312.5
17171,日用品,313.75
17172,家電,315.0
17173,食品,316.25
17174,飲料,317.5
17175,日用品,318.75
17176,家電,320.0
17177,食品,321.25
17178,飲料,322.5
17179,日用品,323.75
17180,家電,325.0
17181,食品,326.25
17182,飲料,327.5
17183,日用品,328.75
17184,家電,330.0
17185,食品,331.25
17186,飲料,332.5
17187,日用品,333.75
17188,家電,335.0
17189,食品,336.25
17190,飲料,337.5
17191,日用品,338.75
17192,家電,340.0
17193,食品,341.25
17194,飲料,342.5
17195,日用品,343.75
17196,家電,345.0
17197,食品,346.25
17198,飲料,347.5
17199,日用品,348.75
17200,家電,350.0
17201,食品,351.25
17202,飲料,352.5
17203,日用品,353.75
17204,家電,355.0
17205,食品,356.25
17206,飲料,357.5
17207,日用品,358.75
17208,家電,360.0
17209,食品,361.25
17210,飲料,362.5
17211,日用品,363.75
17212,家電,365.0
17213,食品,366.25
17214,飲料,367.5
17215,日用品,368.75
17216,家電,370.0
17217,食品,371.25
17218,飲料,372.5
17219,日用品,373.75
17220,家電,375.0
17221,食品,376.25
17222,飲料,377.5
17223,日用品,378.75
17224,家電,380.0
17225,食品,381.25
17226,飲料,382.5
17227,日用品,383.75
17228,家電,385.0
17229,食品,386.25
17230,飲料,387.5
17231,日用品,388.75
17232,家電,390.0
17233,食品,391.25
17234,飲料,392.5
17235,日用品,393.75
17236,家電,395.0
17237,食品,396.25
17238,飲料,397.5
17239,日用品,398.75
17240,家電,400.0
17241,食品,401.25
17242,飲料,402.5
17243,日用品,403.75
17244,家電,405.0
17245,食品,406.25
17246,飲料,407.5
17247,日用品,408.75
17248,家電,410.0
17249,食品,411.25
17250,飲料,412.5
17251,日用品,413.75
17252,家電,415.0
17253,食品,416.25
17254,飲料,417.5
17255,日用品,418.75
17256,家電,420.0
17257,食品,421.25
17258,飲料,422.5
17259,日用品,423.75
17260,家電,425.0
17261,食品,426.25
17262,飲料,427.5
17263,日用品,428.75
17264,家電,430.0
17265,食品,431.25
17266,飲料,432.5
17267,日用品,433.75
17268,家電,435.0
17269,食品,436.25
17270,飲料,437.5
17271,日用品,438.75
17272,家電,440.0
17273,食品,441.25
17274,飲料,442.5
17275,日用品,443.75
17276,家電,445.0
17277,食品,446.25
17278,飲料,447.5
17279,日用品,448.75
17280,家電,450.0
17281,食品,451.25
17282,飲料,452.5
17283,日用品,453.75
17284,家電,455.0
17285,食品,456.25
17286,飲料,457.5
17287,日用品,458.75
17288,家電,460.0
17289,食品,461.25
17290,飲料,462.5
17291,日用品,463.75
17292,家電,465.0
17293,食品,466.25
17294,飲料,467.5
17295,日用品,468.75
17296,家電,470.0
17297,食品,471.25
17298,飲料,472.5
17299,日用品,473.75
17300,家電,475.0
17301,食品,476.25
17302,飲料,477.5
17303,日用品,478.75
17304,家電,480.0
17305,食品,481.25
17306,飲料,482.5
17307,日用品,483.75
17308,家電,485.0
17309,食品,486.25
17310,飲料,487.5
17311,日用品,488.75
17312,家電,490.0
17313,食品,491.25
17314,飲料,492.5
17315,日用品,493.75
17316,家電,495.0
17317,食品,496.25
17318,飲料,497.5
17319,日用品,498.75
17320,家電,500.0
17321,食品,501.25
17322,飲料,502.5
17323,日用品,503.75
17324,家電,505.0
17325,食品,506.25
17326,飲料,507.5
17327,日用品,508.75
17328,家電,510.0
17329,食品,511.25
17330,飲料,512.5
17331,日用品,513.75
17332,家電,515.0
17333,食品,516.25
17334,飲料,517.5
17335,日用品,518.75
17336,家電,520.0
17337,食品,521.25
17338,飲料,522.5
17339,日用品,523.75
17340,家電,525.0
17341,食品,526.25
17342,飲料,527.5
17343,日用品,528.75
17344,家電,530.0
17345,食品,531.25
17346,飲料,532.5
17347,日用品,533.75
17348,家電,535.0
17349,食品,536.25
17350,飲料,537.5
17351,日用品,538.75
17352,家電,540.0
17353,食品,541.25
17354,飲料,542.5
17355,日用品,543.75
17356,家電,545.0
17357,食品,546.25
17358,飲料,547.5
17359,日用品,548.75
17360,家電,550.0
17361,食品,551.25
17362,飲料,552.5
17363,日用品,553.75
17364,家電,555.0
17365,食品,556.25
17366,飲料,557.5
17367,日用品,558.75
17368,家電,560.0
17369,食品,561.25
17370,飲料,562.5
17371,日用品,563.75
17372,家電,565.0
17373,食品,566.25
17374,飲料,567.5
17375,日用品,568.75
17376,家電,570.0
17377,食品,571.25
17378,飲料,572.5
17379,日用品,573.75
17380,家電,575.0
17381,食品,576.25
17382,飲料,577.5
17383,日用品,578.75
17384,家電,580.0
17385,食品,581.25
17386,飲料,582.5
17387,日用品,583.75
17388,家電,585.0
17389,食品,586.25
17390,飲料,587.5
17391,日用品,588.75
17392,家電,590.0
17393,食品,591.25
17394,飲料,592.5
17395,日用品,593.75
17396,家電,595.0
17397,食品,596.25
17398,飲料,597.5
17399,日用品,598.75
17400,家電,600.0
17401,食品,601.25
17402,飲料,602.5
17403,日用品,603.75
17404,家電,605.0
17405,食品,606.25
17406,飲料,607.5
17407,日用品,608.75
17408,家電,610.0
17409,食品,611.25
17410,飲料,612.5
17411,日用品,613.75
17412,家電,615.0
17413,食品,616.25
17414,飲料,617.5
17415,日用品,618.75
17416,家電,620.0
17417,食品,621.25
17418,飲料,622.5
17419,日用品,623.75
17420,家電,625.0
17421,食品,626.25
17422,飲料,627.5
17423,日用品,628.75
17424,家電,630.0
17425,食品,631.25
17426,飲料,632.5
17427,日用品,633.75
17428,家電,635.0
17429,食品,636.25
17430,飲料,637.5
17431,日用品,638.75
17432,家電,640.0
17433,食品,641.25
17434,飲料,642.5
17435,日用品,643.75
17436,家電,645.0
17437,食品,646.25
17438,飲料,647.5
17439,日用品,648.75
17440,家電,650.0
17441,食品,651.25
17442,飲料,652.5
17443,日用品,653.75
17444,家電,655.0
17445,食品,656.25
17446,飲料,657.5
17447,日用品,658.75
17448,家電,660.0
17449,食品,661.25
17450,飲料,662.5
17451,日用品,663.75
17452,家電,665.0
17453,食品,666.25
17454,飲料,667.5
17455,日用品,668.75
17456,家電,670.0
17457,食品,671.25
17458,飲料,672.5
17459,日用品,673.75
17460,家電,675.0
17461,食品,676.25
17462,飲料,677.5
17463,日用品,678.75
17464,家電,680.0
17465,食品,681.25
17466,飲料,682.5
17467,日用品,683.75
17468,家電,685.0
17469,食品,686.25
17470,飲料,687.5
17471,日用品,688.75
17472,家電,690.0
17473,食品,691.25
17474,飲料,692.5
17475,日用品,693.75
17476,家電,695.0
17477,食品,696.25
17478,飲料,697.5
17479,日用品,698.75
17480,家電,700.0
17481,食品,701.25
17482,飲料,702.5
17483,日用品,703.75
17484,家電,705.0
17485,食品,706.25
17486,飲料,707.5
17487,日用品,708.75
17488,家電,710.0
17489,食品,711.25
17490,飲料,712.5
17491,日用品,713.75
17492,家電,715.0
17493,食品,716.25
17494,飲料,717.5
17495,日用品,718.75
17496,家電,720.0
17497,食品,721.25
17498,飲料,722.5
17499,日用品,723.75
17500,家電,100.0
17501,食品,101.25
17502,飲料,102.5
17503,日用品,103.75
17504,家電,105.0
17505,食品,106.25
17506,飲料,107.5
17507,日用品,108.75
17508,家電,110.0
17509,食品,111.25
17510,飲料,112.5
17511,日用品,113.75
17512,家電,115.0
17513,食品,116.25
17514,飲料,117.5
17515,日用品,118.75
17516,家電,120.0
17517,食品,121.25
17518,飲料,122.5
17519,日用品,123.75
17520,家電,125.0
17521,食品,126.25
17522,飲料,127.5
17523,日用品,128.75
17524,家電,130.0
17525,食品,131.25
17526,飲料,132.5
17527,日用品,133.75
17528,家電,135.0
17529,食品,136.25
17530,飲料,137.5
17531,日用品,138.75
17532,家電,140.0
17533,食品,141.25
17534,飲料,142.5
17535,日用品,143.75
17536,家電,145.0
17537,食品,146.25
17538,飲料,147.5
17539,日用品,148.75
17540,家電,150.0
17541,食品,151.25
17542,飲料,152.5
17543,日用品,153.75
17544,家電,155.0
17545,食品,156.25
17546,飲料,157.5
17547,日用品,158.75
17548,家電,160.0
17549,食品,161.25
17550,飲料,162.5
17551,日用品,163.75
17552,家電,165.0
17553,食品,166.25
17554,飲料,167.5
17555,日用品,168.75
17556,家電,170.0
17557,食品,171.25
17558,飲料,172.5
17559,日用品,173.75
17560,家電,175.0
17561,食品,176.25
17562,飲料,177.5
17563,日用品,178.75
17564,家電,180.0
17565,食品,181.25
17566,飲料,182.5
17567,日用品,183.75
17568,家電,185.0
17569,食品,186.25
17570,飲料,187.5
17571,日用品,188.75
17572,家電,190.0
17573,食品,191.25
17574,飲料,192.5
17575,日用品,193.75
17576,家電,195.0
17577,食品,196.25
17578,飲料,197.5
17579,日用品,198.75
17580,家電,200.0
17581,食品,201.25
17582,飲料,202.5
17583,日用品,203.75
17584,家電,205.0
17585,食品,206.25
17586,飲料,207.5
17587,日用品,208.75
17588,家電,210.0
17589,食品,211.25
17590,飲料,212.5
17591,日用品,213.75
17592,家電,215.0
17593,食品,216.25
17594,飲料,217.5
17595,日用品,218.75
17596,家電,220.0
17597,食品,221.25
17598,飲料,222.5
17599,日用品,223.75
17600,家電,225.0
17601,食品,226.25
17602,飲料,227.5
17603,日用品,228.75
17604,家電,230.0
17605,食品,231.25
17606,飲料,232.5
17607,日用品,233.75
17608,家電,235.0
17609,食品,236.25
17610,飲料,237.5
17611,日用品,238.75
17612,家電,240.0
17613,食品,241.25
17614,飲料,242.5
17615,日用品,243.75
17616,家電,245.0
17617,食品,246.25
17618,飲料,247.5
17619,日用品,248.75
17620,家電,250.0
17621,食品,251.25
17622,飲料,252.5
17623,日用品,253.75
17624,家電,255.0
17625,食品,256.25
17626,飲料,257.5
17627,日用品,258.75
17628,家電,260.0
17629,食品,261.25
17630,飲料,262.5
17631,日用品,263.75
17632,家電,265.0
17633,食品,266.25
17634,飲料,267.5
17635,日用品,268.75
17636,家電,270.0
17637,食品,271.25
17638,飲料,272.5
17639,日用品,273.75
17640,家電,275.0
17641,食品,276.25
17642,飲料,277.5
17643,日用品,278.75
17644,家電,280.0
17645,食品,281.25
17646,飲料,282.5
17647,日用品,283.75
17648,家電,285.0
17649,食品,286.25
17650,飲料,287.5
17651,日用品,288.75
17652,家電,290.0
17653,食品,291.25
17654,飲料,292.5
17655,日用品,293.75
17656,家電,295.0
17657,食品,296.25
17658,飲料,297.5
17659,日用品,298.75
17660,家電,300.0
17661,食品,301.25
17662,飲料,302.5
17663,日用品,303.75
17664,家電,305.0
17665,食品,306.25
17666,飲料,307.5
17667,日用品,308.75
17668,家電,310.0
17669,食品,311.25
17670,飲料,312.5
17671,日用品,313.75
17672,家電,315.0
17673,食品,316.25
17674,飲料,317.5
17675,日用品,318.75
17676,家電,320.0
17677,食品,321.25
17678,飲料,322.5
17679,日用品,323.75
17680,家電,325.0
17681,食品,326.25
17682,飲料,327.5
17683,日用品,328.75
17684,家電,330.0
17685,食品,331.25
17686,飲料,332.5
17687,日用品,333.75
17688,家電,335.0
17689,食品,336.25
17690,飲料,337.5
17691,日用品,338.75
17692,家電,340.0
17693,食品,341.25
17694,飲料,342.5
17695,日用品,343.75
17696,家電,345.0
17697,食品,346.25
17698,飲料,347.5
17699,日用品,348.75
17700,家電,350.0
17701,食品,351.25
17702,飲料,352.5
17703,日用品,353.75
17704,家電,355.0
17705,食品,356.25
17706,飲料,357.5
17707,日用品,358.75
17708,家電,360.0
17709,食品,361.25
17710,飲料,362.5
17711,日用品,363.75
17712,家電,365.0
17713,食品,366.25
17714,飲料,367.5
17715,日用品,368.75
17716,家電,370.0
17717,食品,371.25
17718,飲料,372.5
17719,日用品,373.75
17720,家電,375.0
17721,食品,376.25
17722,飲料,377.5
17723,日用品,378.75
17724,家電,380.0
17725,食品,381.25
17726,飲料,382.5
17727,日用品,383.75
17728,家電,385.0
17729,食品,386.25
17730,飲料,387.5
17731,日用品,388.75
17732,家電,390.0
17733,食品,391.25
17734,飲料,392.5
17735,日用品,393.75
17736,家電,395.0
17737,食品,396.25
17738,飲料,397.5
17739,日用品,398.75
17740,家電,400.0
17741,食品,401.25
17742,飲料,402.5
17743,日用品,403.75
17744,家電,405.0
17745,食品,406.25
17746,飲料,407.5
17747,日用品,408.75
17748,家電,410.0
17749,食品,411.25
17750,飲料,412.5
17751,日用品,413.75
17752,家電,415.0
17753,食品,416.25
17754,飲料,417.5
17755,日用品,418.75
17756,家電,420.0
17757,食品,421.25
17758,飲料,422.5
17759,日用品,423.75
17760,家電,425.0
17761,食品,426.25
17762,飲料,427.5
17763,日用品,428.75
17764,家電,430.0
17765,食品,431.25
17766,飲料,432.5
17767,日用品,433.75
17768,家電,435.0
17769,食品,436.25
17770,飲料,437.5
17771,日用品,438.75
17772,家電,440.0
17773,食品,441.25
17774,飲料,442.5
17775,日用品,443.75
17776,家電,445.0
17777,食品,446.25
17778,飲料,447.5
17779,日用品,448.75
17780,家電,450.0
17781,食品,451.25
17782,飲料,452.5
17783,日用品,453.75
17784,家電,455.0
17785,食品,456.25
17786,飲料,457.5
17787,日用品,458.75
17788,家電,460.0
17789,食品,461.25
17790,飲料,462.5
17791,日用品,463.75
17792,家電,465.0
17793,食品,466.25
17794,飲料,467.5
17795,日用品,468.75
17796,家電,470.0
17797,食品,471.25
17798,飲料,472.5
17799,日用品,473.75
17800,家電,475.0
17801,食品,476.25
17802,飲料,477.5
17803,日用品,478.75
17804,家電,480.0
17805,食品,481.25
17806,飲料,482.5
17807,日用品,483.75
17808,家電,485.0
17809,食品,486.25
17810,飲料,487.5
17811,日用品,488.75
17812,家電,490.0
17813,食品,491.25
17814,飲料,492.5
17815,日用品,493.75
17816,家電,495.0
17817,食品,496.25
17818,飲料,497.5
17819,日用品,498.75
17820,家電,500.0
17821,食品,501.25
17822,飲料,502.5
17823,日用品,503.75
17824,家電,505.0
17825,食品,506.25
17826,飲料,507.5
17827,日用品,508.75
17828,家電,510.0
17829,食品,511.25
17830,飲料,512.5
17831,日用品,513.75
17832,家電,515.0
17833,食品,516.25
17834,飲料,517.5
17835,日用品,518.75
17836,家電,520.0
17837,食品,521.25
17838,飲料,522.5
17839,日用品,523.75
17840,家電,525.0
17841,食品,526.25
17842,飲料,527.5
17843,日用品,528.75
17844,家電,530.0
17845,食品,531.25
17846,飲料,532.5
17847,日用品,533.75
17848,家電,535.0
17849,食品,536.25
17850,飲料,537.5
17851,日用品,538.75
17852,家電,540.0
17853,食品,541.25
17854,飲料,542.5
17855,日用品,543.75
17856,家電,545.0
17857,食品,546.25
17858,飲料,547.5
17859,日用品,548.75
17860,家電,550.0
17861,食品,551.25
17862,飲料,552.5
17863,日用品,553.75
17864,家電,555.0
17865,食品,556.25
17866,飲料,557.5
17867,日用品,558.75
17868,家電,560.0
17869,食品,561.25
17870,飲料,562.5
17871,日用品,563.75
17872,家電,565.0
17873,食品,566.25
17874,飲料,567.5
17875,日用品,568.75
17876,家電,570.0
17877,食品,571.25
17878,飲料,572.5
17879,日用品,573.75
17880,家電,575.0
17881,食品,576.25
17882,飲料,577.5
17883,日用品,578.75
17884,家電,580.0
17885,食品,581.25
17886,飲料,582.5
17887,日用品,583.75
17888,家電,585.0
17889,食品,586.25
17890,飲料,587.5
17891,日用品,588.75
17892,家電,590.0
17893,食品,591.25
17894,飲料,592.5
17895,日用品,593.75
17896,家電,595.0
17897,食品,596.25
17898,飲料,597.5
17899,日用品,598.75
17900,家電,600.0
17901,食品,601.25
17902,飲料,602.5
17903,日用品,603.75
17904,家電,605.0
17905,食品,606.25
17906,飲料,607.5
17907,日用品,608.75
17908,家電,610.0
17909,食品,611.25
17910,飲料,612.5
17911,日用品,613.75
17912,家電,615.0
17913,食品,616.25
17914,飲料,617.5
17915,日用品,618.75
17916,家電,620.0
17917,食品,621.25
17918,飲料,622.5
17919,日用品,623.75
17920,家電,625.0
17921,食品,626.25
17922,飲料,627.5
17923,日用品,628.75
17924,家電,630.0
17925,食品,631.25
17926,飲料,632.5
17927,日用品,633.75
17928,家電,635.0
17929,食品,636.25
17930,飲料,637.5
17931,日用品,638.75
17932,家電,640.0
17933,食品,641.25
17934,飲料,642.5
17935,日用品,643.75
17936,家電,645.0
17937,食品,646.25
17938,飲料,647.5
17939,日用品,648.75
17940,家電,650.0
17941,食品,651.25
17942,飲料,652.5
17943,日用品,653.75
17944,家電,655.0
17945,食品,656.25
17946,飲料,657.5
17947,日用品,658.75
17948,家電,660.0
17949,食品,661.25
17950,飲料,662.5
17951,日用品,663.75
17952,家電,665.0
17953,食品,666.25
17954,飲料,667.5
17955,日用品,668.75
17956,家電,670.0
17957,食品,671.25
17958,飲料,672.5
17959,日用品,673.75
17960,家電,675.0
17961,食品,676.25
17962,飲料,677.5
17963,日用品,678.75
17964,家電,680.0
17965,食品,681.25
17966,飲料,682.5
17967,日用品,683.75
17968,家電,685.0
17969,食品,686.25
17970,飲料,687.5
17971,日用品,688.75
17972,家電,690.0
17973,食品,691.25
17974,飲料,692.5
17975,日用品,693.75
17976,家電,695.0
17977,食品,696.25
17978,飲料,697.5
17979,日用品,698.75
17980,家電,700.0
17981,食品,701.25
17982,飲料,702.5
17983,日用品,703.75
17984,家電,705.0
17985,食品,706.25
17986,飲料,707.5
17987,日用品,708.75
17988,家電,710.0
17989,食品,711.25
17990,飲料,712.5
17991,日用品,713.75
17992,家電,715.0
17993,食品,716.25
17994,飲料,717.5
17995,日用品,718.75
17996,家電,720.0
17997,食品,721.25
17998,飲料,722.5
17999,日用品,723.75
18000,家電,100.0
18001,食品,101.25
18002,飲料,102.5
18003,日用品,103.75
18004,家電,105.0
18005,食品,106.25
18006,飲料,107.5
18007,日用品,108.75
18008,家電,110.0
18009,食品,111.25
18010,飲料,112.5
18011,日用品,113.75
18012,家電,115.0
18013,食品,116.25
18014,飲料,117.5
18015,日用品,118.75
18016,家電,120.0
18017,食品,121.25
18018,飲料,122.5
18019,日用品,123.75
18020,家電,125.0
18021,食品,126.25
18022,飲料,127.5
18023,日用品,128.75
18024,家電,130.0
18025,食品,131.25
18026,飲料,132.5
18027,日用品,133.75
18028,家電,135.0
18029,食品,136.25
18030,飲料,137.5
18031,日用品,138.75
18032,家電,140.0
18033,食品,141.25
18034,飲料,142.5
18035,日用品,143.75
18036,家電,145.0
18037,食品,146.25
18038,飲料,147.5
18039,日用品,148.75
18040,家電,150.0
18041,食品,151.25
18042,飲料,152.5
18043,日用品,153.75
18044,家電,155.0
18045,食品,156.25
18046,飲料,157.5
18047,日用品,158.75
18048,家電,160.0
18049,食品,161.25
18050,飲料,162.5
18051,日用品,163.75
18052,家電,165.0
18053,食品,166.25
18054,飲料,167.5
18055,日用品,168.75
18056,家電,170.0
18057,食品,171.25
18058,飲料,172.5
18059,日用品,173.75
18060,家電,175.0
18061,食品,176.25
18062,飲料,177.5
18063,日用品,178.75
18064,家電,180.0
18065,食品,181.25
18066,飲料,182.5
18067,日用品,183.75
18068,家電,185.0
18069,食品,186.25
18070,飲料,187.5
18071,日用品,188.75
18072,家電,190.0
18073,食品,191.25
18074,飲料,192.5
18075,日用品,193.75
18076,家電,195.0
18077,食品,196.25
18078,飲料,197.5
18079,日用品,198.75
18080,家電,200.0
18081,食品,201.25
18082,飲料,202.5
18083,日用品,203.75
18084,家電,205.0
18085,食品,206.25
18086,飲料,207.5
18087,日用品,208.75
18088,家電,210.0
18089,食品,211.25
18090,飲料,212.5
18091,日用品,213.75
18092,家電,215.0
18093,食品,216.25
18094,飲料,217.5
18095,日用品,218.75
18096,家電,220.0
18097,食品,221.25
18098,飲料,222.5
18099,日用品,223.75
18100,家電,225.0
18101,食品,226.25
18102,飲料,227.5
18103,日用品,228.75
18104,家電,230.0
18105,食品,231.25
18106,飲料,232.5
18107,日用品,233.75
18108,家電,235.0
18109,食品,236.25
18110,飲料,237.5
18111,日用品,238.75
18112,家電,240.0
18113,食品,241.25
18114,飲料,242.5
18115,日用品,243.75
18116,家電,245.0
18117,食品,246.25
18118,飲料,247.5
18119,日用品,248.75
18120,家電,250.0
18121,食品,251.25
18122,飲料,252.5
18123,日用品,253.75
18124,家電,255.0
18125,食品,256.25
18126,飲料,257.5
18127,日用品,258.75
18128,家電,260.0
18129,食品,261.25
18130,飲料,262.5
18131,日用品,263.75
18132,家電,265.0
18133,食品,266.25
18134,飲料,267.5
18135,日用品,268.75
18136,家電,270.0
18137,食品,271.25
18138,飲料,272.5
18139,日用品,273.75
18140,家電,275.0
18141,食品,276.25
18142,飲料,277.5
18143,日用品,278.75
18144,家電,280.0
18145,食品,281.25
18146,飲料,282.5
18147,日用品,283.75
18148,家電,285.0
18149,食品,286.25
18150,飲料,287.5
18151,日用品,288.75
18152,家電,290.0
18153,食品,291.25
18154,飲料,292.5
18155,日用品,293.75
18156,家電,295.0
18157,食品,296.25
18158,飲料,297.5
18159,日用品,298.75
18160,家電,300.0
18161,食品,301.25
18162,飲料,302.5
18163,日用品,303.75
18164,家電,305.0
18165,食品,306.25
18166,飲料,307.5
18167,日用品,308.75
18168,家電,310.0
18169,食品,311.25
18170,飲料,312.5
18171,日用品,313.75
18172,家電,315.0
18173,食品,316.25
18174,飲料,317.5
18175,日用品,318.75
18176,家電,320.0
18177,食品,321.25
18178,飲料,322.5
18179,日用品,323.75
18180,家電,325.0
18181,食品,326.25
18182,飲料,327.5
18183,日用品,328.75
18184,家電,330.0
18185,食品,331.25
18186,飲料,332.5
18187,日用品,333.75
18188,家電,335.0
18189,食品,336.25
18190,飲料,337.5
18191,日用品,338.75
18192,家電,340.0
18193,食品,341.25
18194,飲料,342.5
18195,日用品,343.75
18196,家電,345.0
18197,食品,346.25
18198,飲料,347.5
18199,日用品,348.75
18200,家電,350.0
18201,食品,351.25
18202,飲料,352.5
18203,日用品,353.75
18204,家電,355.0
18205,食品,356.25
18206,飲料,357.5
18207,日用品,358.75
18208,家電,360.0
18209,食品,361.25
18210,飲料,362.5
18211,日用品,363.75
18212,家電,365.0
18213,食品,366.25
18214,飲料,367.5
18215,日用品,368.75
18216,家電,370.0
18217,食品,371.25
18218,飲料,372.5
18219,日用品,373.75
18220,家電,375.0
18221,食品,376.25
18222,飲料,377.5
18223,日用品,378.75
18224,家電,380.0
18225,食品,381.25
18226,飲料,382.5
18227,日用品,383.75
18228,家電,385.0
18229,食品,386.25
18230,飲料,387.5
18231,日用品,388.75
18232,家電,390.0
18233,食品,391.25
18234,飲料,392.5
18235,日用品,393.75
18236,家電,395.0
18237,食品,396.25
18238,飲料,397.5
18239,日用品,398.75
18240,家電,400.0
18241,食品,401.25
18242,飲料,402.5
18243,日用品,403.75
18244,家電,405.0
18245,食品,406.25
18246,飲料,407.5
18247,日用品,408.75
18248,家電,410.0
18249,食品,411.25
18250,飲料,412.5
18251,日用品,413.75
18252,家電,415.0
18253,食品,416.25
18254,飲料,417.5
18255,日用品,418.75
18256,家電,420.0
18257,食品,421.25
18258,飲料,422.5
18259,日用品,423.75
18260,家電,425.0
18261,食品,426.25
18262,飲料,427.5
18263,日用品,428.75
18264,家電,430.0
18265,食品,431.25
18266,飲料,432.5
18267,日用品,433.75
18268,家電,435.0
18269,食品,436.25
18270,飲料,437.5
18271,日用品,438.75
18272,家電,440.0
18273,食品,441.25
18274,飲料,442.5
18275,日用品,443.75
18276,家電,445.0
18277,食品,446.25
18278,飲料,447.5
18279,日用品,448.75
18280,家電,450.0
18281,食品,451.25
18282,飲料,452.5
18283,日用品,453.75
18284,家電,455.0
18285,食品,456.25
18286,飲料,457.5
18287,日用品,458.75
18288,家電,460.0
18289,食品,461.25
18290,飲料,462.5
18291,日用品,463.75
18292,家電,465.0
18293,食品,466.25
18294,飲料,467.5
18295,日用品,468.75
18296,家電,470.0
18297,食品,471.25
18298,飲料,472.5
18299,日用品,473.75
18300,家電,475.0
18301,食品,476.25
18302,飲料,477.5
18303,日用品,478.75
18304,家電,480.0
18305,食品,481.25
18306,飲料,482.5
18307,日用品,483.75
18308,家電,485.0
18309,食品,486.25
18310,飲料,487.5
18311,日用品,488.75
18312,家電,490.0
18313,食品,491.25
18314,飲料,492.5
18315,日用品,493.75
18316,家電,495.0
18317,食品,496.25
18318,飲料,497.5
18319,日用品,498.75
18320,家電,500.0
18321,食品,501.25
18322,飲料,502.5
18323,日用品,503.75
18324,家電,505.0
18325,食品,506.25
18326,飲料,507.5
18327,日用品,508.75
18328,家電,510.0
18329,食品,511.25
18330,飲料,512.5
18331,日用品,513.75
18332,家電,515.0
18333,食品,516.25
18334,飲料,517.5
18335,日用品,518.75
18336,家電,520.0
18337,食品,521.25
18338,飲料,522.5
18339,日用品,523.75
18340,家電,525.0
18341,食品,526.25
18342,飲料,527.5
18343,日用品,528.75
18344,家電,530.0
18345,食品,531.25
18346,飲料,532.5
18347,日用品,533.75
18348,家電,535.0
18349,食品,536.25
18350,飲料,537.5
18351,日用品,538.75
18352,家電,540.0
18353,食品,541.25
18354,飲料,542.5
18355,日用品,543.75
18356,家電,545.0
18357,食品,546.25
18358,飲料,547.5
18359,日用品,548.75
18360,家電,550.0
18361,食品,551.25
18362,飲料,552.5
18363,日用品,553.75
18364,家電,555.0
18365,食品,556.25
18366,飲料,557.5
18367,日用品,558.75
18368,家電,560.0
18369,食品,561.25
18370,飲料,562.5
18371,日用品,563.75
18372,家電,565.0
18373,食品,566.25
18374,飲料,567.5
18375,日用品,568.75
18376,家電,570.0
18377,食品,571.25
18378,飲料,572.5
18379,日用品,573.75
18380,家電,575.0
18381,食品,576.25
18382,飲料,577.5
18383,日用品,578.75
18384,家電,580.0
18385,食品,581.25
18386,飲料,582.5
18387,日用品,583.75
18388,家電,585.0
18389,食品,586.25
18390,飲料,587.5
18391,日用品,588.75
18392,家電,590.0
18393,食品,591.25
18394,飲料,592.5
18395,日用品,593.75
18396,家電,595.0
18397,食品,596.25
18398,飲料,597.5
18399,日用品,598.75
18400,家電,600.0
18401,食品,601.25
18402,飲料,602.5
18403,日用品,603.75
18404,家電,605.0
18405,食品,606.25
18406,飲料,607.5
18407,日用品,608.75
18408,家電,610.0
18409,食品,611.25
18410,飲料,612.5
18411,日用品,613.75
18412,家電,615.0
18413,食品,616.25
18414,飲料,617.5
18415,日用品,618.75
18416,家電,620.0
18417,食品,621.25
18418,飲料,622.5
18419,日用品,623.75
18420,家電,625.0
18421,食品,626.25
18422,飲料,627.5
18423,日用品,628.75
18424,家電,630.0
18425,食品,631.25
18426,飲料,632.5
18427,日用品,633.75
18428,家電,635.0
18429,食品,636.25
18430,飲料,637.5
18431,日用品,638.75
18432,家電,640.0
18433,食品,641.25
18434,飲料,642.5
18435,日用品,643.75
18436,家電,645.0
18437,食品,646.25
18438,飲料,647.5
18439,日用品,648.75
18440,家電,650.0
18441,食品,651.25
18442,飲料,652.5
18443,日用品,653.75
18444,家電,655.0
18445,食品,656.25
18446,飲料,657.5
18447,日用品,658.75
18448,家電,660.0
18449,食品,661.25
18450,飲料,662.5
18451,日用品,663.75
18452,家電,665.0
18453,食品,666.25
18454,飲料,667.5
18455,日用品,668.75
18456,家電,670.0
18457,食品,671.25
18458,飲料,672.5
18459,日用品,673.75
18460,家電,675.0
18461,食品,676.25
18462,飲料,677.5
18463,日用品,678.75
18464,家電,680.0
18465,食品,681.25
18466,飲料,682.5
18467,日用品,683.75
18468,家電,685.0
18469,食品,686.25
18470,飲料,687.5
18471,日用品,688.75
18472,家電,690.0
18473,食品,691.25
18474,飲料,692.5
18475,日用品,693.75
18476,家電,695.0
18477,食品,696.25
18478,飲料,697.5
18479,日用品,698.75
18480,家電,700.0
18481,食品,701.25
18482,飲料,702.5
18483,日用品,703.75
18484,家電,705.0
18485,食品,706.25
18486,飲料,707.5
18487,日用品,708.75
18488,家電,710.0
18489,食品,711.25
18490,飲料,712.5
18491,日用品,713.75
18492,家電,715.0
18493,食品,716.25
18494,飲料,717.5
18495,日用品,718.75
18496,家電,720.0
18497,食品,721.25
18498,飲料,722.5
18499,日用品,723.75
18500,家電,100.0
18501,食品,101.25
18502,飲料,102.5
18503,日用品,103.75
18504,家電,105.0
18505,食品,106.25
18506,飲料,107.5
18507,日用品,108.75
18508,家電,110.0
18509,食品,111.25
18510,飲料,112.5
18511,日用品,113.75
18512,家電,115.0
18513,食品,116.25
18514,飲料,117.5
18515,日用品,118.75
18516,家電,120.0
18517,食品,121.25
18518,飲料,122.5
18519,日用品,123.75
18520,家電,125.0
18521,食品,126.25
18522,飲料,127.5
18523,日用品,128.75
18524,家電,130.0
18525,食品,131.25
18526,飲料,132.5
18527,日用品,133.75
18528,家電,135.0
18529,食品,136.25
18530,飲料,137.5
18531,日用品,138.75
18532,家電,140.0
18533,食品,141.25
18534,飲料,142.5
18535,日用品,143.75
18536,家電,145.0
18537,食品,146.25
18538,飲料,147.5
18539,日用品,148.75
18540,家電,150.0
18541,食品,151.25
18542,飲料,152.5
18543,日用品,153.75
18544,家電,155.0
18545,食品,156.25
18546,飲料,157.5
18547,日用品,158.75
18548,家電,160.0
18549,食品,161.25
18550,飲料,162.5
18551,日用品,163.75
18552,家電,165.0
18553,食品,166.25
18554,飲料,167.5
18555,日用品,168.75
18556,家電,170.0
18557,食品,171.25
18558,飲料,172.5
18559,日用品,173.75
18560,家電,175.0
18561,食品,176.25
18562,飲料,177.5
18563,日用品,178.75
18564,家電,180.0
18565,食品,181.25
18566,飲料,182.5
18567,日用品,183.75
18568,家電,185.0
18569,食品,186.25
18570,飲料,187.5
18571,日用品,188.75
18572,家電,190.0
18573,食品,191.25
18574,飲料,192.5
18575,日用品,193.75
18576,家電,195.0
18577,食品,196.25
18578,飲料,197.5
18579,日用品,198.75
18580,家電,200.0
18581,食品,201.25
18582,飲料,202.5
18583,日用品,203.75
18584,家電,205.0
18585,食品,206.25
18586,飲料,207.5
18587,日用品,208.75
18588,家電,210.0
18589,食品,211.25
18590,飲料,212.5
18591,日用品,213.75
18592,家電,215.0
18593,食品,216.25
18594,飲料,217.5
18595,日用品,218.75
18596,家電,220.0
18597,食品,221.25
18598,飲料,222.5
18599,日用品,223.75
18600,家電,225.0
18601,食品,226.25
18602,飲料,227.5
18603,日用品,228.75
18604,家電,230.0
18605,食品,231.25
18606,飲料,232.5
18607,日用品,233.75
18608,家電,235.0
18609,食品,236.25
18610,飲料,237.5
18611,日用品,238.75
18612,家電,240.0
18613,食品,241.25
18614,飲料,242.5
18615,日用品,243.75
18616,家電,245.0
18617,食品,246.25
18618,飲料,247.5
18619,日用品,248.75
18620,家電,250.0
18621,食品,251.25
18622,飲料,252.5
18623,日用品,253.75
18624,家電,255.0
18625,食品,256.25
18626,飲料,257.5
18627,日用品,258.75
18628,家電,260.0
18629,食品,261.25
18630,飲料,262.5
18631,日用品,263.75
18632,家電,265.0
18633,食品,266.25
18634,飲料,267.5
18635,日用品,268.75
18636,家電,270.0
18637,食品,271.25
18638,飲料,272.5
18639,日用品,273.75
18640,家電,275.0
18641,食品,276.25
18642,飲料,277.5
18643,日用品,278.75
18644,家電,280.0
18645,食品,281.25
18646,飲料,282.5
18647,日用品,283.75
18648,家電,285.0
18649,食品,286.25
18650,飲料,287.5
18651,日用品,288.75
18652,家電,290.0
18653,食品,291.25
18654,飲料,292.5
18655,日用品,293.75
18656,家電,295.0
18657,食品,296.25
18658,飲料,297.5
18659,日用品,298.75
18660,家電,300.0
18661,食品,301.25
18662,飲料,302.5
18663,日用品,303.75
18664,家電,305.0
18665,食品,306.25
18666,飲料,307.5
18667,日用品,308.75
18668,家電,310.0
18669,食品,311.25
18670,飲料,312.5
18671,日用品,313.75
18672,家電,315.0
18673,食品,316.25
18674,飲料,317.5
18675,日用品,318.75
18676,家電,320.0
18677,食品,321.25
18678,飲料,322.5
18679,日用品,323.75
18680,家電,325.0
18681,食品,326.25
18682,飲料,327.5
18683,日用品,328.75
18684,家電,330.0
18685,食品,331.25
18686,飲料,332.5
18687,日用品,333.75
18688,家電,335.0
18689,食品,336.25
18690,飲料,337.5
18691,日用品,338.75
18692,家電,340.0
18693,食品,341.25
18694,飲料,342.5
18695,日用品,343.75
18696,家電,345.0
18697,食品,346.25
18698,飲料,347.5
18699,日用品,348.75
18700,家電,350.0
18701,食品,351.25
18702,飲料,352.5
18703,日用品,353.75
18704,家電,355.0
18705,食品,356.25
18706,飲料,357.5
18707,日用品,358.75
18708,家電,360.0
18709,食品,361.25
18710,飲料,362.5
18711,日用品,363.75
18712,家電,365.0
18713,食品,366.25
18714,飲料,367.5
18715,日用品,368.75
18716,家電,370.0
18717,食品,371.25
18718,飲料,372.5
18719,日用品,373.75
18720,家電,375.0
18721,食品,376.25
18722,飲料,377.5
18723,日用品,378.75
18724,家電,380.0
18725,食品,381.25
18726,飲料,382.5
18727,日用品,383.75
18728,家電,385.0
18729,食品,386.25
18730,飲料,387.5
18731,日用品,388.75
18732,家電,390.0
18733,食品,391.25
18734,飲料,392.5
18735,日用品,393.75
18736,家電,395.0
18737,食品,396.25
18738,飲料,397.5
18739,日用品,398.75
18740,家電,400.0
18741,食品,401.25
18742,飲料,402.5
18743,日用品,403.75
18744,家電,405.0
18745,食品,406.25
18746,飲料,407.5
18747,日用品,408.75
18748,家電,410.0
18749,食品,411.25
18750,飲料,412.5
18751,日用品,413.75
18752,家電,415.0
18753,食品,416.25
18754,飲料,417.5
18755,日用品,418.75
18756,家電,420.0
18757,食品,421.25
18758,飲料,422.5
18759,日用品,423.75
18760,家電,425.0
18761,食品,426.25
18762,飲料,427.5
18763,日用品,428.75
18764,家電,430.0
18765,食品,431.25
18766,飲料,432.5
18767,日用品,433.75
18768,家電,435.0
18769,食品,436.25
18770,飲料,437.5
18771,日用品,438.75
18772,家電,440.0
18773,食品,441.25
18774,飲料,442.5
18775,日用品,443.75
18776,家電,445.0
18777,食品,446.25
18778,飲料,447.5
18779,日用品,448.75
18780,家電,450.0
18781,食品,451.25
18782,飲料,452.5
18783,日用品,453.75
18784,家電,455.0
18785,食品,456.25
18786,飲料,457.5
18787,日用品,458.75
18788,家電,460.0
18789,食品,461.25
18790,飲料,462.5
18791,日用品,463.75
18792,家電,465.0
18793,食品,466.25
18794,飲料,467.5
18795,日用品,468.75
18796,家電,470.0
18797,食品,471.25
18798,飲料,472.5
18799,日用品,473.75
18800,家電,475.0
18801,食品,476.25
18802,飲料,477.5
18803,日用品,478.75
18804,家電,480.0
18805,食品,481.25
18806,飲料,482.5
18807,日用品,483.75
18808,家電,485.0
18809,食品,486.25
18810,飲料,487.5
18811,日用品,488.75
18812,家電,490.0
18813,食品,491.25
18814,飲料,492.5
18815,日用品,493.75
18816,家電,495.0
18817,食品,496.25
18818,飲料,497.5
18819,日用品,498.75
18820,家電,500.0
18821,食品,501.25
18822,飲料,502.5
18823,日用品,503.75
18824,家電,505.0
18825,食品,506.25
18826,飲料,507.5
18827,日用品,508.75
18828,家電,510.0
18829,食品,511.25
18830,飲料,512.5
18831,日用品,513.75
18832,家電,515.0
18833,食品,516.25
18834,飲料,517.5
18835,日用品,518.75
18836,家電,520.0
18837,食品,521.25
18838,飲料,522.5
18839,日用品,523.75
18840,家電,525.0
18841,食品,526.25
18842,飲料,527.5
18843,日用品,528.75
18844,家電,530.0
18845,食品,531.25
18846,飲料,532.5
18847,日用品,533.75
18848,家電,535.0
18849,食品,536.25
18850,飲料,537.5
18851,日用品,538.75
18852,家電,540.0
18853,食品,541.25
18854,飲料,542.5
18855,日用品,543.75
18856,家電,545.0
18857,食品,546.25
18858,飲料,547.5
18859,日用品,548.75
18860,家電,550.0
18861,食品,551.25
18862,飲料,552.5
18863,日用品,553.75
18864,家電,555.0
18865,食品,556.25
18866,飲料,557.5
18867,日用品,558.75
18868,家電,560.0
18869,食品,561.25
18870,飲料,562.5
18871,日用品,563.75
18872,家電,565.0
18873,食品,566.25
18874,飲料,567.5
18875,日用品,568.75
18876,家電,570.0
18877,食品,571.25
18878,飲料,572.5
18879,日用品,573.75
18880,家電,575.0
18881,食品,576.25
18882,飲料,577.5
18883,日用品,578.75
18884,家電,580.0
18885,食品,581.25
18886,飲料,582.5
18887,日用品,583.75
18888,家電,585.0
18889,食品,586.25
18890,飲料,587.5
18891,日用品,588.75
18892,家電,590.0
18893,食品,591.25
18894,飲料,592.5
18895,日用品,593.75
18896,家電,595.0
18897,食品,596.25
18898,飲料,597.5
18899,日用品,598.75
18900,家電,600.0
18901,食品,601.25
18902,飲料,602.5
18903,日用品,603.75
18904,家電,605.0
18905,食品,606.25
18906,飲料,607.5
18907,日用品,608.75
18908,家電,610.0
18909,食品,611.25
18910,飲料,612.5
18911,日用品,613.75
18912,家電,615.0
18913,食品,616.25
18914,飲料,617.5
18915,日用品,618.75
18916,家電,620.0
18917,食品,621.25
18918,飲料,622.5
18919,日用品,623.75
18920,家電,625.0
18921,食品,626.25
18922,飲料,627.5
18923,日用品,628.75
18924,家電,630.0
18925,食品,631.25
18926,飲料,632.5
18927,日用品,633.75
18928,家電,635.0
18929,食品,636.25
18930,飲料,637.5
18931,日用品,638.75
18932,家電,640.0
18933,食品,641.25
18934,飲料,642.5
18935,日用品,643.75
18936,家電,645.0
18937,食品,646.25
18938,飲料,647.5
18939,日用品,648.75
18940,家電,650.0
18941,食品,651.25
18942,飲料,652.5
18943,日用品,653.75
18944,家電,655.0
18945,食品,656.25
18946,飲料,657.5
18947,日用品,658.75
18948,家電,660.0
18949,食品,661.25
18950,飲料,662.5
18951,日用品,663.75
18952,家電,665.0
18953,食品,666.25
18954,飲料,667.5
18955,日用品,668.75
18956,家電,670.0
18957,食品,671.25
18958,飲料,672.5
18959,日用品,673.75
18960,家電,675.0
18961,食品,676.25
18962,飲料,677.5
18963,日用品,678.75
18964,家電,680.0
18965,食品,681.25
18966,飲料,682.5
18967,日用品,683.75
18968,家電,685.0
18969,食品,686.25
18970,飲料,687.5
18971,日用品,688.75
18972,家電,690.0
18973,食品,691.25
18974,飲料,692.5
18975,日用品,693.75
18976,家電,695.0
18977,食品,696.25
18978,飲料,697.5
18979,日用品,698.75
18980,家電,700.0
18981,食品,701.25
18982,飲料,702.5
18983,日用品,703.75
18984,家電,705.0
18985,食品,706.25
18986,飲料,707.5
18987,日用品,708.75
18988,家電,710.0
18989,食品,711.25
18990,飲料,712.5
18991,日用品,713.75
18992,家電,715.0
18993,食品,716.25
18994,飲料,717.5
18995,日用品,718.75
18996,家電,720.0
18997,食品,721.25
18998,飲料,722.5
18999,日用品,723.75
19000,家電,100.0
19001,食品,101.25
19002,飲料,102.5
19003,日用品,103.75
19004,家電,105.0
19005,食品,106.25
19006,飲料,107.5
19007,日用品,108.75
19008,家電,110.0
19009,食品,111.25
19010,飲料,112.5
19011,日用品,113.75
19012,家電,115.0
19013,食品,116.25
19014,飲料,117.5
19015,日用品,118.75
19016,家電,120.0
19017,食品,121.25
19018,飲料,122.5
19019,日用品,123.75
19020,家電,125.0
19021,食品,126.25
19022,飲料,127.5
19023,日用品,128.75
19024,家電,130.0
19025,食品,131.25
19026,飲料,132.5
19027,日用品,133.75
19028,家電,135.0
19029,食品,136.25
19030,飲料,137.5
19031,日用品,138.75
19032,家電,140.0
19033,食品,141.25
19034,飲料,142.5
19035,日用品,143.75
19036,家電,145.0
19037,食品,146.25
19038,飲料,147.5
19039,日用品,148.75
19040,家電,150.0
19041,食品,151.25
19042,飲料,152.5
19043,日用品,153.75
19044,家電,155.0
19045,食品,156.25
19046,飲料,157.5
19047,日用品,158.75
19048,家電,160.0
19049,食品,161.25
19050,飲料,162.5
19051,日用品,163.75
19052,家電,165.0
19053,食品,166.25
19054,飲料,167.5
19055,日用品,168.75
19056,家電,170.0
19057,食品,171.25
19058,飲料,172.5
19059,日用品,173.75
19060,家電,175.0
19061,食品,176.25
19062,飲料,177.5
19063,日用品,178.75
19064,家電,180.0
19065,食品,181.25
19066,飲料,182.5
19067,日用品,183.75
19068,家電,185.0
19069,食品,186.25
19070,飲料,187.5
19071,日用品,188.75
19072,家電,190.0
19073,食品,191.25
19074,飲料,192.5
19075,日用品,193.75
19076,家電,195.0
19077,食品,196.25
19078,飲料,197.5
19079,日用品,198.75
19080,家電,200.0
19081,食品,201.25
19082,飲料,202.5
19083,日用品,203.75
19084,家電,205.0
19085,食品,206.25
19086,飲料,207.5
19087,日用品,208.75
19088,家電,210.0
19089,食品,211.25
19090,飲料,212.5
19091,日用品,213.75
19092,家電,215.0
19093,食品,216.25
19094,飲料,217.5
19095,日用品,218.75
19096,家電,220.0
19097,食品,221.25
19098,飲料,222.5
19099,日用品,223.75
19100,家電,225.0
19101,食品,226.25
19102,飲料,227.5
19103,日用品,228.75
19104,家電,230.0
19105,食品,231.25
19106,飲料,232.5
19107,日用品,233.75
19108,家電,235.0
19109,食品,236.25
19110,飲料,237.5
19111,日用品,238.75
19112,家電,240.0
19113,食品,241.25
19114,飲料,242.5
19115,日用品,243.75
19116,家電,245.0
19117,食品,246.25
19118,飲料,247.5
19119,日用品,248.75
19120,家電,250.0
19121,食品,251.25
19122,飲料,252.5
19123,日用品,253.75
19124,家電,255.0
19125,食品,256.25
19126,飲料,257.5
19127,日用品,258.75
19128,家電,260.0
19129,食品,261.25
19130,飲料,262.5
19131,日用品,263.75
19132,家電,265.0
19133,食品,266.25
19134,飲料,267.5
19135,日用品,268.75
19136,家電,270.0
19137,食品,271.25
19138,飲料,272.5
19139,日用品,273.75
19140,家電,275.0
19141,食品,276.25
19142,飲料,277.5
19143,日用品,278.75
19144,家電,280.0
19145,食品,281.25
19146,飲料,282.5
19147,日用品,283.75
19148,家電,285.0
19149,食品,286.25
19150,飲料,287.5
19151,日用品,288.75
19152,家電,290.0
19153,食品,291.25
19154,飲料,292.5
19155,日用品,293.75
19156,家電,295.0
19157,食品,296.25
19158,飲料,297.5
19159,日用品,298.75
19160,家電,300.0
19161,食品,301.25
19162,飲料,302.5
19163,日用品,303.75
19164,家電,305.0
19165,食品,306.25
19166,飲料,307.5
19167,日用品,308.75
19168,家電,310.0
19169,食品,311.25
19170,飲料,312.5
19171,日用品,313.75
19172,家電,315.0
19173,食品,316.25
19174,飲料,317.5
19175,日用品,318.75
19176,家電,320.0
19177,食品,321.25
19178,飲料,322.5
19179,日用品,323.75
19180,家電,325.0
19181,食品,326.25
19182,飲料,327.5
19183,日用品,328.75
19184,家電,330.0
19185,食品,331.25
19186,飲料,332.5
19187,日用品,333.75
19188,家電,335.0
19189,食品,336.25
19190,飲料,337.5
19191,日用品,338.75
19192,家電,340.0
19193,食品,341.25
19194,飲料,342.5
19195,日用品,343.75
19196,家電,345.0
19197,食品,346.25
19198,飲料,347.5
19199,日用品,348.75
19200,家電,350.0
19201,食品,351.25
19202,飲料,352.5
19203,日用品,353.75
19204,家電,355.0
19205,食品,356.25
19206,飲料,357.5
19207,日用品,358.75
19208,家電,360.0
19209,食品,361.25
19210,飲料,362.5
19211,日用品,363.75
19212,家電,365.0
19213,食品,366.25
19214,飲料,367.5
19215,日用品,368.75
19216,家電,370.0
19217,食品,371.25
19218,飲料,372.5
19219,日用品,373.75
19220,家電,375.0
19221,食品,376.25
19222,飲料,377.5
19223,日用品,378.75
19224,家電,380.0
19225,食品,381.25
19226,飲料,382.5
19227,日用品,383.75
19228,家電,385.0
19229,食品,386.25
19230,飲料,387.5
19231,日用品,388.75
19232,家電,390.0
19233,食品,391.25
19234,飲料,392.5
19235,日用品,393.75
19236,家電,395.0
19237,食品,396.25
19238,飲料,397.5
19239,日用品,398.75
19240,家電,400.0
19241,食品,401.25
19242,飲料,402.5
19243,日用品,403.75
19244,家電,405.0
19245,食品,406.25
19246,飲料,407.5
19247,日用品,408.75
19248,家電,410.0
19249,食品,411.25
19250,飲料,412.5
19251,日用品,413.75
19252,家電,415.0
19253,食品,416.25
19254,飲料,417.5
19255,日用品,418.75
19256,家電,420.0
19257,食品,421.25
19258,飲料,422.5
19259,日用品,423.75
19260,家電,425.0
19261,食品,426.25
19262,飲料,427.5
19263,日用品,428.75
19264,家電,430.0
19265,食品,431.25
19266,飲料,432.5
19267,日用品,433.75
19268,家電,435.0
19269,食品,436.25
19270,飲料,437.5
19271,日用品,438.75
19272,家電,440.0
19273,食品,441.25
19274,飲料,442.5
19275,日用品,443.75
19276,家電,445.0
19277,食品,446.25
19278,飲料,447.5
19279,日用品,448.75
19280,家電,450.0
19281,食品,451.25
19282,飲料,452.5
19283,日用品,453.75
19284,家電,455.0
19285,食品,456.25
19286,飲料,457.5
19287,日用品,458.75
19288,家電,460.0
19289,食品,461.25
19290,飲料,462.5
19291,日用品,463.75
19292,家電,465.0
19293,食品,466.25
19294,飲料,467.5
19295,日用品,468.75
19296,家電,470.0
19297,食品,471.25
19298,飲料,472.5
19299,日用品,473.75
19300,家電,475.0
19301,食品,476.25
19302,飲料,477.5
19303,日用品,478.75
19304,家電,480.0
19305,食品,481.25
19306,飲料,482.5
19307,日用品,483.75
19308,家電,485.0
19309,食品,486.25
19310,飲料,487.5
19311,日用品,488.75
19312,家電,490.0
19313,食品,491.25
19314,飲料,492.5
19315,日用品,493.75
19316,家電,495.0
19317,食品,496.25
19318,飲料,497.5
19319,日用品,498.75
19320,家電,500.0
19321,食品,501.25
19322,飲料,502.5
19323,日用品,503.75
19324,家電,505.0
19325,食品,506.25
19326,飲料,507.5
19327,日用品,508.75
19328,家電,510.0
19329,食品,511.25
19330,飲料,512.5
19331,日用品,513.75
19332,家電,515.0
19333,食品,516.25
19334,飲料,517.5
19335,日用品,518.75
19336,家電,520.0
19337,食品,521.25
19338,飲料,522.5
19339,日用品,523.75
19340,家電,525.0
19341,食品,526.25
19342,飲料,527.5
19343,日用品,528.75
19344,家電,530.0
19345,食品,531.25
19346,飲料,532.5
19347,日用品,533.75
19348,家電,535.0
19349,食品,536.25
19350,飲料,537.5
19351,日用品,538.75
19352,家電,540.0
19353,食品,541.25
19354,飲料,542.5
19355,日用品,543.75
19356,家電,545.0
19357,食品,546.25
19358,飲料,547.5
19359,日用品,548.75
19360,家電,550.0
19361,食品,551.25
19362,飲料,552.5
19363,日用品,553.75
19364,家電,555.0
19365,食品,556.25
19366,飲料,557.5
19367,日用品,558.75
19368,家電,560.0
19369,食品,561.25
19370,飲料,562.5
19371,日用品,563.75
19372,家電,565.0
19373,食品,566.25
19374,飲料,567.5
19375,日用品,568.75
19376,家電,570.0
19377,食品,571.25
19378,飲料,572.5
19379,日用品,573.75
19380,家電,575.0
19381,食品,576.25
19382,飲料,577.5
19383,日用品,578.75
19384,家電,580.0
19385,食品,581.25
19386,飲料,582.5
19387,日用品,583.75
19388,家電,585.0
19389,食品,586.25
19390,飲料,587.5
19391,日用品,588.75
19392,家電,590.0
19393,食品,591.25
19394,飲料,592.5
19395,日用品,593.75
19396,家電,595.0
19397,食品,596.25
19398,飲料,597.5
19399,日用品,598.75
19400,家電,600.0
19401,食品,601.25
19402,飲料,602.5
19403,日用品,603.75
19404,家電,605.0
19405,食品,606.25
19406,飲料,607.5
19407,日用品,608.75
19408,家電,610.0
19409,食品,611.25
19410,飲料,612.5
19411,日用品,613.75
19412,家電,615.0
19413,食品,616.25
19414,飲料,617.5
19415,日用品,618.75
19416,家電,620.0
19417,食品,621.25
19418,飲料,622.5
19419,日用品,623.75
19420,家電,625.0
19421,食品,626.25
19422,飲料,627.5
19423,日用品,628.75
19424,家電,630.0
19425,食品,631.25
19426,飲料,632.5
19427,日用品,633.75
19428,家電,635.0
19429,食品,636.25
19430,飲料,637.5
19431,日用品,638.75
19432,家電,640.0
19433,食品,641.25
19434,飲料,642.5
19435,日用品,643.75
19436,家電,645.0
19437,食品,646.25
19438,飲料,647.5
19439,日用品,648.75
19440,家電,650.0
19441,食品,651.25
19442,飲料,652.5
19443,日用品,653.75
19444,家電,655.0
19445,食品,656.25
19446,飲料,657.5
19447,日用品,658.75
19448,家電,660.0
19449,食品,661.25
19450,飲料,662.5
19451,日用品,663.75
19452,家電,665.0
19453,食品,666.25
19454,飲料,667.5
19455,日用品,668.75
19456,家電,670.0
19457,食品,671.25
19458,飲料,672.5
19459,日用品,673.75
19460,家電,675.0
19461,食品,676.25
19462,飲料,677.5
19463,日用品,678.75
19464,家電,680.0
19465,食品,681.25
19466,飲料,682.5
19467,日用品,683.75
19468,家電,685.0
19469,食品,686.25
19470,飲料,687.5
19471,日用品,688.75
19472,家電,690.0
19473,食品,691.25
19474,飲料,692.5
19475,日用品,693.75
19476,家電,695.0
19477,食品,696.25
19478,飲料,697.5
19479,日用品,698.75
19480,家電,700.0
19481,食品,701.25
19482,飲料,702.5
19483,日用品,703.75
19484,家電,705.0
19485,食品,706.25
19486,飲料,707.5
19487,日用品,708.75
19488,家電,710.0
19489,食品,711.25
19490,飲料,712.5
19491,日用品,713.75
19492,家電,715.0
19493,食品,716.25
19494,飲料,717.5
19495,日用品,718.75
19496,家電,720.0
19497,食品,721.25
19498,飲料,722.5
19499,日用品,723.75
19500,家電,100.0
19501,食品,101.25
19502,飲料,102.5
19503,日用品,103.75
19504,家電,105.0
19505,食品,106.25
19506,飲料,107.5
19507,日用品,108.75
19508,家電,110.0
19509,食品,111.25
19510,飲料,112.5
19511,日用品,113.75
19512,家電,115.0
19513,食品,116.25
19514,飲料,117.5
19515,日用品,118.75
19516,家電,120.0
19517,食品,121.25
19518,飲料,122.5
19519,日用品,123.75
19520,家電,125.0
19521,食品,126.25
19522,飲料,127.5
19523,日用品,128.75
19524,家電,130.0
19525,食品,131.25
19526,飲料,132.5
19527,日用品,133.75
19528,家電,135.0
19529,食品,136.25
19530,飲料,137.5
19531,日用品,138.75
19532,家電,140.0
19533,食品,141.25
19534,飲料,142.5
19535,日用品,143.75
19536,家電,145.0
19537,食品,146.25
19538,飲料,147.5
19539,日用品,148.75
19540,家電,150.0
19541,食品,151.25
19542,飲料,152.5
19543,日用品,153.75
19544,家電,155.0
19545,食品,156.25
19546,飲料,157.5
19547,日用品,158.75
19548,家電,160.0
19549,食品,161.25
19550,飲料,162.5
19551,日用品,163.75
19552,家電,165.0
19553,食品,166.25
19554,飲料,167.5
19555,日用品,168.75
19556,家電,170.0
19557,食品,171.25
19558,飲料,172.5
19559,日用品,173.75
19560,家電,175.0
19561,食品,176.25
19562,飲料,177.5
19563,日用品,178.75
19564,家電,180.0
19565,食品,181.25
19566,飲料,182.5
19567,日用品,183.75
19568,家電,185.0
19569,食品,186.25
19570,飲料,187.5
19571,日用品,188.75
19572,家電,190.0
19573,食品,191.25
19574,飲料,192.5
19575,日用品,193.75
19576,家電,195.0
19577,食品,196.25
19578,飲料,197.5
19579,日用品,198.75
19580,家電,200.0
19581,食品,201.25
19582,飲料,202.5
19583,日用品,203.75
19584,家電,205.0
19585,食品,206.25
19586,飲料,207.5
19587,日用品,208.75
19588,家電,210.0
19589,食品,211.25
19590,飲料,212.5
19591,日用品,213.75
19592,家電,215.0
19593,食品,216.25
19594,飲料,217.5
19595,日用品,218.75
19596,家電,220.0
19597,食品,221.25
19598,飲料,222.5
19599,日用品,223.75
19600,家電,225.0
19601,食品,226.25
19602,飲料,227.5
19603,日用品,228.75
19604,家電,230.0
19605,食品,231.25
19606,飲料,232.5
19607,日用品,233.75
19608,家電,235.0
19609,食品,236.25
19610,飲料,237.5
19611,日用品,238.75
19612,家電,240.0
19613,食品,241.25
19614,飲料,242.5
19615,日用品,243.75
19616,家電,245.0
19617,食品,246.25
19618,飲料,247.5
19619,日用品,248.75
19620,家電,250.0
19621,食品,251.25
19622,飲料,252.5
19623,日用品,253.75
19624,家電,255.0
19625,食品,256.25
19626,飲料,257.5
19627,日用品,258.75
19628,家電,260.0
19629,食品,261.25
19630,飲料,262.5
19631,日用品,263.75
19632,家電,265.0
19633,食品,266.25
19634,飲料,267.5
19635,日用品,268.75
19636,家電,270.0
19637,食品,271.25
19638,飲料,272.5
19639,日用品,273.75
19640,家電,275.0
19641,食品,276.25
19642,飲料,277.5
19643,日用品,278.75
19644,家電,280.0
19645,食品,281.25
19646,飲料,282.5
19647,日用品,283.75
19648,家電,285.0
19649,食品,286.25
19650,飲料,287.5
19651,日用品,288.75
19652,家電,290.0
19653,食品,291.25
19654,飲料,292.5
19655,日用品,293.75
19656,家電,295.0
19657,食品,296.25
19658,飲料,297.5
19659,日用品,298.75
19660,家電,300.0
19661,食品,301.25
19662,飲料,302.5
19663,日用品,303.75
19664,家電,305.0
19665,食品,306.25
19666,飲料,307.5
19667,日用品,308.75
19668,家電,310.0
19669,食品,311.25
19670,飲料,312.5
19671,日用品,313.75
19672,家電,315.0
19673,食品,316.25
19674,飲料,317.5
19675,日用品,318.75
19676,家電,320.0
19677,食品,321.25
19678,飲料,322.5
19679,日用品,323.75
19680,家電,325.0
19681,食品,326.25
19682,飲料,327.5
19683,日用品,328.75
19684,家電,330.0
19685,食品,331.25
19686,飲料,332.5
19687,日用品,333.75
19688,家電,335.0
19689,食品,336.25
19690,飲料,337.5
19691,日用品,338.75
19692,家電,340.0
19693,食品,341.25
19694,飲料,342.5
19695,日用品,343.75
19696,家電,345.0
19697,食品,346.25
19698,飲料,347.5
19699,日用品,348.75
19700,家電,350.0
19701,食品,351.25
19702,飲料,352.5
19703,日用品,353.75
19704,家電,355.0
19705,食品,356.25
19706,飲料,357.5
19707,日用品,358.75
19708,家電,360.0
19709,食品,361.25
19710,飲料,362.5
19711,日用品,363.75
19712,家電,365.0
19713,食品,366.25
19714,飲料,367.5
19715,日用品,368.75
19716,家電,370.0
19717,食品,371.25
19718,飲料,372.5
19719,日用品,373.75
19720,家電,375.0
19721,食品,376.25
19722,飲料,377.5
19723,日用品,378.75
19724,家電,380.0
19725,食品,381.25
19726,飲料,382.5
19727,日用品,383.75
19728,家電,385.0
19729,食品,386.25
19730,飲料,387.5
19731,日用品,388.75
19732,家電,390.0
19733,食品,391.25
19734,飲料,392.5
19735,日用品,393.75
19736,家電,395.0
19737,食品,396.25
19738,飲料,397.5
19739,日用品,398.75
19740,家電,400.0
19741,食品,401.25
19742,飲料,402.5
19743,日用品,403.75
19744,家電,405.0
19745,食品,406.25
19746,飲料,407.5
19747,日用品,408.75
19748,家電,410.0
19749,食品,411.25
19750,飲料,412.5
19751,日用品,413.75
19752,家電,415.0
19753,食品,416.25
19754,飲料,417.5
19755,日用品,418.75
19756,家電,420.0
19757,食品,421.25
19758,飲料,422.5
19759,日用品,423.75
19760,家電,425.0
19761,食品,426.25
19762,飲料,427.5
19763,日用品,428.75
19764,家電,430.0
19765,食品,431.25
19766,飲料,432.5
19767,日用品,433.75
19768,家電,435.0
19769,食品,436.25
19770,飲料,437.5
19771,日用品,438.75
19772,家電,440.0
19773,食品,441.25
19774,飲料,442.5
19775,日用品,443.75
19776,家電,445.0
19777,食品,446.25
19778,飲料,447.5
19779,日用品,448.75
19780,家電,450.0
19781,食品,451.25
19782,飲料,452.5
19783,日用品,453.75
19784,家電,455.0
19785,食品,456.25
19786,飲料,457.5
19787,日用品,458.75
19788,家電,460.0
19789,食品,461.25
19790,飲料,462.5
19791,日用品,463.75
19792,家電,465.0
19793,食品,466.25
19794,飲料,467.5
19795,日用品,468.75
19796,家電,470.0
19797,食品,471.25
19798,飲料,472.5
19799,日用品,473.75
19800,家電,475.0
19801,食品,476.25
19802,飲料,477.5
19803,日用品,478.75
19804,家電,480.0
19805,食品,481.25
19806,飲料,482.5
19807,日用品,483.75
19808,家電,485.0
19809,食品,486.25
19810,飲料,487.5
19811,日用品,488.75
19812,家電,490.0
19813,食品,491.25
19814,飲料,492.5
19815,日用品,493.75
19816,家電,495.0
19817,食品,496.25
19818,飲料,497.5
19819,日用品,498.75
19820,家電,500.0
19821,食品,501.25
19822,飲料,502.5
19823,日用品,503.75
19824,家電,505.0
19825,食品,506.25
19826,飲料,507.5
19827,日用品,508.75
19828,家電,510.0
19829,食品,511.25
19830,飲料,512.5
19831,日用品,513.75
19832,家電,515.0
19833,食品,516.25
19834,飲料,517.5
19835,日用品,518.75
19836,家電,520.0
19837,食品,521.25
19838,飲料,522.5
19839,日用品,523.75
19840,家電,525.0
19841,食品,526.25
19842,飲料,527.5
19843,日用品,528.75
19844,家電,530.0
19845,食品,531.25
19846,飲料,532.5
19847,日用品,533.75
19848,家電,535.0
19849,食品,536.25
19850,飲料,537.5
19851,日用品,538.75
19852,家電,540.0
19853,食品,541.25
19854,飲料,542.5
19855,日用品,543.75
19856,家電,545.0
19857,食品,546.25
19858,飲料,547.5
19859,日用品,548.75
19860,家電,550.0
19861,食品,551.25
19862,飲料,552.5
19863,日用品,553.75
19864,家電,555.0
19865,食品,556.25
19866,飲料,557.5
19867,日用品,558.75
19868,家電,560.0
19869,食品,561.25
19870,飲料,562.5
19871,日用品,563.75
19872,家電,565.0
19873,食品,566.25
19874,飲料,567.5
19875,日用品,568.75
19876,家電,570.0
19877,食品,571.25
19878,飲料,572.5
19879,日用品,573.75
19880,家電,575.0
19881,食品,576.25
19882,飲料,577.5
19883,日用品,578.75
19884,家電,580.0
19885,食品,581.25
19886,飲料,582.5
19887,日用品,583.75
19888,家電,585.0
19889,食品,586.25
19890,飲料,587.5
19891,日用品,588.75
19892,家電,590.0
19893,食品,591.25
19894,飲料,592.5
19895,日用品,593.75
19896,家電,595.0
19897,食品,596.25
19898,飲料,597.5
19899,日用品,598.75
19900,家電,600.0
19901,食品,601.25
19902,飲料,602.5
19903,日用品,603.75
19904,家電,605.0
19905,食品,606.25
19906,飲料,607.5
19907,日用品,608.75
19908,家電,610.0
19909,食品,611.25
19910,飲料,612.5
19911,日用品,613.75
19912,家電,615.0
19913,食品,616.25
19914,飲料,617.5
19915,日用品,618.75
19916,家電,620.0
19917,食品,621.25
19918,飲料,622.5
19919,日用品,623.75
19920,家電,625.0
19921,食品,626.25
19922,飲料,627.5
19923,日用品,628.75
19924,家電,630.0
19925,食品,631.25
19926,飲料,632.5
19927,日用品,633.75
19928,家電,635.0
19929,食品,636.25
19930,飲料,637.5
19931,日用品,638.75
19932,家電,640.0
19933,食品,641.25
19934,飲料,642.5
19935,日用品,643.75
19936,家電,645.0
19937,食品,646.25
19938,飲料,647.5
19939,日用品,648.75
19940,家電,650.0
19941,食品,651.25
19942,飲料,652.5
19943,日用品,653.75
19944,家電,655.0
19945,食品,656.25
19946,飲料,657.5
19947,日用品,658.75
19948,家電,660.0
19949,食品,661.25
19950,飲料,662.5
19951,日用品,663.75
19952,家電,665.0
19953,食品,666.25
19954,飲料,667.5
19955,日用品,668.75
19956,家電,670.0
19957,食品,671.25
19958,飲料,672.5
19959,日用品,673.75
19960,家電,675.0
19961,食品,676.25
19962,飲料,677.5
19963,日用品,678.75
19964,家電,680.0
19965,食品,681.25
19966,飲料,682.5
19967,日用品,683.75
19968,家電,685.0
19969,食品,686.25
19970,飲料,687.5
19971,日用品,688.75
19972,家電,690.0
19973,食品,691.25
19974,飲料,692.5
19975,日用品,693.75
19976,家電,695.0
19977,食品,696.25
19978,飲料,697.5
19979,日用品,698.75
19980,家電,700.0
19981,食品,701.25
19982,飲料,702.5
19983,日用品,703.75
19984,家電,705.0
19985,食品,706.25
19986,飲料,707.5
19987,日用品,708.75
19988,家電,710.0
19989,食品,711.25
19990,飲料,712.5
19991,日用品,713.75
19992,家電,715.0
19993,食品,716.25
19994,飲料,717.5
19995,日用品,718.75
19996,家電,720.0
19997,食品,721.25
19998,飲料,722.5
19999,日用品,723.75
20000,家電,100.0
20001,食品,101.25
20002,飲料,102.5
20003,日用品,103.75
20004,家電,105.0
20005,食品,106.25
20006,飲料,107.5
20007,日用品,108.75
20008,家電,110.0
20009,食品,111.25
20010,飲料,112.5
20011,日用品,113.75
20012,家電,115.0
20013,食品,116.25
20014,飲料,117.5
20015,日用品,118.75
20016,家電,120.0
20017,食品,121.25
20018,飲料,122.5
20019,日用品,123.75
20020,家電,125.0
20021,食品,126.25
20022,飲料,127.5
20023,日用品,128.75
20024,家電,130.0
20025,食品,131.25
20026,飲料,132.5
20027,日用品,133.75
20028,家電,135.0
20029,食品,136.25
20030,飲料,137.5
20031,日用品,138.75
20032,家電,140.0
20033,食品,141.25
20034,飲料,142.5
20035,日用品,143.75
20036,家電,145.0
20037,食品,146.25
20038,飲料,147.5
20039,日用品,148.75
20040,家電,150.0
20041,食品,151.25
20042,飲料,152.5
20043,日用品,153.75
20044,家電,155.0
20045,食品,156.25
20046,飲料,157.5
20047,日用品,158.75
20048,家電,160.0
20049,食品,161.25
20050,飲料,162.5
20051,日用品,163.75
20052,家電,165.0
20053,食品,166.25
20054,飲料,167.5
20055,日用品,168.75
20056,家電,170.0
20057,食品,171.25
20058,飲料,172.5
20059,日用品,173.75
20060,家電,175.0
20061,食品,176.25
20062,飲料,177.5
20063,日用品,178.75
20064,家電,180.0
20065,食品,181.25
20066,飲料,182.5
20067,日用品,183.75
20068,家電,185.0
20069,食品,186.25
20070,飲料,187.5
20071,日用品,188.75
20072,家電,190.0
20073,食品,191.25
20074,飲料,192.5
20075,日用品,193.75
20076,家電,195.0
20077,食品,196.25
20078,飲料,197.5
20079,日用品,198.75
20080,家電,200.0
20081,食品,201.25
20082,飲料,202.5
20083,日用品,203.75
20084,家電,205.0
20085,食品,206.25
20086,飲料,207.5
20087,日用品,208.75
20088,家電,210.0
20089,食品,211.25
20090,飲料,212.5
20091,日用品,213.75
20092,家電,215.0
20093,食品,216.25
20094,飲料,217.5
20095,日用品,218.75
20096,家電,220.0
20097,食品,221.25
20098,飲料,222.5
20099,日用品,223.75
20100,家電,225.0
20101,食品,226.25
20102,飲料,227.5
20103,日用品,228.75
20104,家電,230.0
20105,食品,231.25
20106,飲料,232.5
20107,日用品,233.75
20108,家電,235.0
20109,食品,236.25
20110,飲料,237.5
20111,日用品,238.75
20112,家電,240.0
20113,食品,241.25
20114,飲料,242.5
20115,日用品,243.75
20116,家電,245.0
20117,食品,246.25
20118,飲料,247.5
20119,日用品,248.75
20120,家電,250.0
20121,食品,251.25
20122,飲料,252.5
20123,日用品,253.75
20124,家電,255.0
20125,食品,256.25
20126,飲料,257.5
20127,日用品,258.75
20128,家電,260.0
20129,食品,261.25
20130,飲料,262.5
20131,日用品,263.75
20132,家電,265.0
20133,食品,266.25
20134,飲料,267.5
20135,日用品,268.75
20136,家電,270.0
20137,食品,271.25
20138,飲料,272.5
20139,日用品,273.75
20140,家電,275.0
20141,食品,276.25
20142,飲料,277.5
20143,日用品,278.75
20144,家電,280.0
20145,食品,281.25
20146,飲料,282.5
20147,日用品,283.75
20148,家電,285.0
20149,食品,286.25
20150,飲料,287.5
20151,日用品,288.75
20152,家電,290.0
20153,食品,291.25
20154,飲料,292.5
20155,日用品,293.75
20156,家電,295.0
20157,食品,296.25
20158,飲料,297.5
20159,日用品,298.75
20160,家電,300.0
20161,食品,301.25
20162,飲料,302.5
20163,日用品,303.75
20164,家電,305.0
20165,食品,306.25
20166,飲料,307.5
20167,日用品,308.75
20168,家電,310.0
20169,食品,311.25
20170,飲料,312.5
20171,日用品,313.75
20172,家電,315.0
20173,食品,316.25
20174,飲料,317.5
20175,日用品,318.75
20176,家電,320.0
20177,食品,321.25
20178,飲料,322.5
20179,日用品,323.75
20180,家電,325.0
20181,食品,326.25
20182,飲料,327.5
20183,日用品,328.75
20184,家電,330.0
20185,食品,331.25
20186,飲料,332.5
20187,日用品,333.75
20188,家電,335.0
20189,食品,336.25
20190,飲料,337.5
20191,日用品,338.75
20192,家電,340.0
20193,食品,341.25
20194,飲料,342.5
20195,日用品,343.75
20196,家電,345.0
20197,食品,346.25
20198,飲料,347.5
20199,日用品,348.75
20200,家電,350.0
20201,食品,351.25
20202,飲料,352.5
20203,日用品,353.75
20204,家電,355.0
20205,食品,356.25
20206,飲料,357.5
20207,日用品,358.75
20208,家電,360.0
20209,食品,361.25
20210,飲料,362.5
20211,日用品,363.75
20212,家電,365.0
20213,食品,366.25
20214,飲料,367.5
20215,日用品,368.75
20216,家電,370.0
20217,食品,371.25
20218,飲料,372.5
20219,日用品,373.75
20220,家電,375.0
20221,食品,376.25
20222,飲料,377.5
20223,日用品,378.75
20224,家電,380.0
20225,食品,381.25
20226,飲料,382.5
20227,日用品,383.75
20228,家電,385.0
20229,食品,386.25
20230,飲料,387.5
20231,日用品,388.75
20232,家電,390.0
20233,食品,391.25
20234,飲料,392.5
20235,日用品,393.75
20236,家電,395.0
20237,食品,396.25
20238,飲料,397.5
20239,日用品,398.75
20240,家電,400.0
20241,食品,401.25
20242,飲料,402.5
20243,日用品,403.75
20244,家電,405.0
20245,食品,406.25
20246,飲料,407.5
20247,日用品,408.75
20248,家電,410.0
20249,食品,411.25
20250,飲料,412.5
20251,日用品,413.75
20252,家電,415.0
20253,食品,416.25
20254,飲料,417.5
20255,日用品,418.75
20256,家電,420.0
20257,食品,421.25
20258,飲料,422.5
20259,日用品,423.75
20260,家電,425.0
20261,食品,426.25
20262,飲料,427.5
20263,日用品,428.75
20264,家電,430.0
20265,食品,431.25
20266,飲料,432.5
20267,日用品,433.75
20268,家電,435.0
20269,食品,436.25
20270,飲料,437.5
20271,日用品,438.75
20272,家電,440.0
20273,食品,441.25
20274,飲料,442.5
20275,日用品,443.75
20276,家電,445.0
20277,食品,446.25
20278,飲料,447.5
20279,日用品,448.75
20280,家電,450.0
20281,食品,451.25
20282,飲料,452.5
20283,日用品,453.75
20284,家電,455.0
20285,食品,456.25
20286,飲料,457.5
20287,日用品,458.75
20288,家電,460.0
20289,食品,461.25
20290,飲料,462.5
20291,日用品,463.75
20292,家電,465.0
20293,食品,466.25
20294,飲料,467.5
20295,日用品,468.75
20296,家電,470.0
20297,食品,471.25
20298,飲料,472.5
20299,日用品,473.75
20300,家電,475.0
20301,食品,476.25
20302,飲料,477.5
20303,日用品,478.75
20304,家電,480.0
20305,食品,481.25
20306,飲料,482.5
20307,日用品,483.75
20308,家電,485.0
20309,食品,486.25
20310,飲料,487.5
20311,日用品,488.75
20312,家電,490.0
20313,食品,491.25
20314,飲料,492.5
20315,日用品,493.75
20316,家電,495.0
20317,食品,496.25
20318,飲料,497.5
20319,日用品,498.75
20320,家電,500.0
20321,食品,501.25
20322,飲料,502.5
20323,日用品,503.75
20324,家電,505.0
20325,食品,506.25
20326,飲料,507.5
20327,日用品,508.75
20328,家電,510.0
20329,食品,511.25
20330,飲料,512.5
20331,日用品,513.75
20332,家電,515.0
20333,食品,516.25
20334,飲料,517.5
20335,日用品,518.75
20336,家電,520.0
20337,食品,521.25
20338,飲料,522.5
20339,日用品,523.75
20340,家電,525.0
20341,食品,526.25
20342,飲料,527.5
20343,日用品,528.75
20344,家電,530.0
20345,食品,531.25
20346,飲料,532.5
20347,日用品,533.75
20348,家電,535.0
20349,食品,536.25
20350,飲料,537.5
20351,日用品,538.75
20352,家電,540.0
20353,食品,541.25
20354,飲料,542.5
20355,日用品,543.75
20356,家電,545.0
20357,食品,546.25
20358,飲料,547.5
20359,日用品,548.75
20360,家電,550.0
20361,食品,551.25
20362,飲料,552.5
20363,日用品,553.75
20364,家電,555.0
20365,食品,556.25
20366,飲料,557.5
20367,日用品,558.75
20368,家電,560.0
20369,食品,561.25
20370,飲料,562.5
20371,日用品,563.75
20372,家電,565.0
20373,食品,566.25
20374,飲料,567.5
20375,日用品,568.75
20376,家電,570.0
20377,食品,571.25
20378,飲料,572.5
20379,日用品,573.75
20380,家電,575.0
20381,食品,576.25
20382,飲料,577.5
20383,日用品,578.75
20384,家電,580.0
20385,食品,581.25
20386,飲料,582.5
20387,日用品,583.75
20388,家電,585.0
20389,食品,586.25
20390,飲料,587.5
20391,日用品,588.75
20392,家電,590.0
20393,食品,591.25
20394,飲料,592.5
20395,日用品,593.75
20396,家電,595.0
20397,食品,596.25
20398,飲料,597.5
20399,日用品,598.75
20400,家電,600.0
20401,食品,601.25
20402,飲料,602.5
20403,日用品,603.75
20404,家電,605.0
20405,食品,606.25
20406,飲料,607.5
20407,日用品,608.75
20408,家電,610.0
20409,食品,611.25
20410,飲料,612.5
20411,日用品,613.75
20412,家電,615.0
20413,食品,616.25
20414,飲料,617.5
20415,日用品,618.75
20416,家電,620.0
20417,食品,621.25
20418,飲料,622.5
20419,日用品,623.75
20420,家電,625.0
20421,食品,626.25
20422,飲料,627.5
20423,日用品,628.75
20424,家電,630.0
20425,食品,631.25
20426,飲料,632.5
20427,日用品,633.75
20428,家電,635.0
20429,食品,636.25
20430,飲料,637.5
20431,日用品,638.75
20432,家電,640.0
20433,食品,641.25
20434,飲料,642.5
20435,日用品,643.75
20436,家電,645.0
20437,食品,646.25
20438,飲料,647.5
20439,日用品,648.75
20440,家電,650.0
20441,食品,651.25
20442,飲料,652.5
20443,日用品,653.75
20444,家電,655.0
20445,食品,656.25
20446,飲料,657.5
20447,日用品,658.75
20448,家電,660.0
20449,食品,661.25
20450,飲料,662.5
20451,日用品,663.75
20452,家電,665.0
20453,食品,666.25
20454,飲料,667.5
20455,日用品,668.75
20456,家電,670.0
20457,食品,671.25
20458,飲料,672.5
20459,日用品,673.75
20460,家電,675.0
20461,食品,676.25
20462,飲料,677.5
20463,日用品,678.75
20464,家電,680.0
20465,食品,681.25
20466,飲料,682.5
20467,日用品,683.75
20468,家電,685.0
20469,食品,686.25
20470,飲料,687.5
20471,日用品,688.75
20472,家電,690.0
20473,食品,691.25
20474,飲料,692.5
20475,日用品,693.75
20476,家電,695.0
20477,食品,696.25
20478,飲料,697.5
20479,日用品,698.75
20480,家電,700.0
20481,食品,701.25
20482,飲料,702.5
20483,日用品,703.75
20484,家電,705.0
20485,食品,706.25
20486,飲料,707.5
20487,日用品,708.75
20488,家電,710.0
20489,食品,711.25
20490,飲料,712.5
20491,日用品,713.75
20492,家電,715.0
20493,食品,716.25
20494,飲料,717.5
20495,日用品,718.75
20496,家電,720.0
20497,食品,721.25
20498,飲料,722.5
20499,日用品,723.75
20500,家電,100.0
20501,食品,101.25
20502,飲料,102.5
20503,日用品,103.75
20504,家電,105.0
20505,食品,106.25
20506,飲料,107.5
20507,日用品,108.75
20508,家電,110.0
20509,食品,111.25
20510,飲料,112.5
20511,日用品,113.75
20512,家電,115.0
20513,食品,116.25
20514,飲料,117.5
20515,日用品,118.75
20516,家電,120.0
20517,食品,121.25
20518,飲料,122.5
20519,日用品,123.75
20520,家電,125.0
20521,食品,126.25
20522,飲料,127.5
20523,日用品,128.75
20524,家電,130.0
20525,食品,131.25
20526,飲料,132.5
20527,日用品,133.75
20528,家電,135.0
20529,食品,136.25
20530,飲料,137.5
20531,日用品,138.75
20532,家電,140.0
20533,食品,141.25
20534,飲料,142.5
20535,日用品,143.75
20536,家電,145.0
20537,食品,146.25
20538,飲料,147.5
20539,日用品,148.75
20540,家電,150.0
20541,食品,151.25
20542,飲料,152.5
20543,日用品,153.75
20544,家電,155.0
20545,食品,156.25
20546,飲料,157.5
20547,日用品,158.75
20548,家電,160.0
20549,食品,161.25
20550,飲料,162.5
20551,日用品,163.75
20552,家電,165.0
20553,食品,166.25
20554,飲料,167.5
20555,日用品,168.75
20556,家電,170.0
20557,食品,171.25
20558,飲料,172.5
20559,日用品,173.75
20560,家電,175.0
20561,食品,176.25
20562,飲料,177.5
20563,日用品,178.75
20564,家電,180.0
20565,食品,181.25
20566,飲料,182.5
20567,日用品,183.75
20568,家電,185.0
20569,食品,186.25
20570,飲料,187.5
20571,日用品,188.75
20572,家電,190.0
20573,食品,191.25
20574,飲料,192.5
20575,日用品,193.75
20576,家電,195.0
20577,食品,196.25
20578,飲料,197.5
20579,日用品,198.75
20580,家電,200.0
20581,食品,201.25
20582,飲料,202.5
20583,日用品,203.75
20584,家電,205.0
20585,食品,206.25
20586,飲料,207.5
20587,日用品,208.75
20588,家電,210.0
20589,食品,211.25
20590,飲料,212.5
20591,日用品,213.75
20592,家電,215.0
20593,食品,216.25
20594,飲料,217.5
20595,日用品,218.75
20596,家電,220.0
20597,食品,221.25
20598,飲料,222.5
20599,日用品,223.75
20600,家電,225.0
20601,食品,226.25
20602,飲料,227.5
20603,日用品,228.75
20604,家電,230.0
20605,食品,231.25
20606,飲料,232.5
20607,日用品,233.75
20608,家電,235.0
20609,食品,236.25
20610,飲料,237.5
20611,日用品,238.75
20612,家電,240.0
20613,食品,241.25
20614,飲料,242.5
20615,日用品,243.75
20616,家電,245.0
20617,食品,246.25
20618,飲料,247.5
20619,日用品,248.75
20620,家電,250.0
20621,食品,251.25
20622,飲料,252.5
20623,日用品,253.75
20624,家電,255.0
20625,食品,256.25
20626,飲料,257.5
20627,日用品,258.75
20628,家電,260.0
20629,食品,261.25
20630,飲料,262.5
20631,日用品,263.75
20632,家電,265.0
20633,食品,266.25
20634,飲料,267.5
20635,日用品,268.75
20636,家電,270.0
20637,食品,271.25
20638,飲料,272.5
20639,日用品,273.75
20640,家電,275.0
20641,食品,276.25
20642,飲料,277.5
20643,日用品,278.75
20644,家電,280.0
20645,食品,281.25
20646,飲料,282.5
20647,日用品,283.75
20648,家電,285.0
20649,食品,286.25
20650,飲料,287.5
20651,日用品,288.75
20652,家電,290.0
20653,食品,291.25
20654,飲料,292.5
20655,日用品,293.75
20656,家電,295.0
20657,食品,296.25
20658,飲料,297.5
20659,日用品,298.75
20660,家電,300.0
20661,食品,301.25
20662,飲料,302.5
20663,日用品,303.75
20664,家電,305.0
20665,食品,306.25
20666,飲料,307.5
20667,日用品,308.75
20668,家電,310.0
20669,食品,311.25
20670,飲料,312.5
20671,日用品,313.75
20672,家電,315.0
20673,食品,316.25
20674,飲料,317.5
20675,日用品,318.75
20676,家電,320.0
20677,食品,321.25
20678,飲料,322.5
20679,日用品,323.75
20680,家電,325.0
20681,食品,326.25
20682,飲料,327.5
20683,日用品,328.75
20684,家電,330.0
20685,食品,331.25
20686,飲料,332.5
20687,日用品,333.75
20688,家電,335.0
20689,食品,336.25
20690,飲料,337.5
20691,日用品,338.75
20692,家電,340.0
20693,食品,341.25
20694,飲料,342.5
20695,日用品,343.75
20696,家電,345.0
20697,食品,346.25
20698,飲料,347.5
20699,日用品,348.75
20700,家電,350.0
20701,食品,351.25
20702,飲料,352.5
20703,日用品,353.75
20704,家電,355.0
20705,食品,356.25
20706,飲料,357.5
20707,日用品,358.75
20708,家電,360.0
20709,食品,361.25
20710,飲料,362.5
20711,日用品,363.75
20712,家電,365.0
20713,食品,366.25
20714,飲料,367.5
20715,日用品,368.75
20716,家電,370.0
20717,食品,371.25
20718,飲料,372.5
20719,日用品,373.75
20720,家電,375.0
20721,食品,376.25
20722,飲料,377.5
20723,日用品,378.75
20724,家電,380.0
20725,食品,381.25
20726,飲料,382.5
20727,日用品,383.75
20728,家電,385.0
20729,食品,386.25
20730,飲料,387.5
20731,日用品,388.75
20732,家電,390.0
20733,食品,391.25
20734,飲料,392.5
20735,日用品,393.75
20736,家電,395.0
20737,食品,396.25
20738,飲料,397.5
20739,日用品,398.75
20740,家電,400.0
20741,食品,401.25
20742,飲料,402.5
20743,日用品,403.75
20744,家電,405.0
20745,食品,406.25
20746,飲料,407.5
20747,日用品,408.75
20748,家電,410.0
20749,食品,411.25
20750,飲料,412.5
20751,日用品,413.75
20752,家電,415.0
20753,食品,416.25
20754,飲料,417.5
20755,日用品,418.75
20756,家電,420.0
20757,食品,421.25
20758,飲料,422.5
20759,日用品,423.75
20760,家電,425.0
20761,食品,426.25
20762,飲料,427.5
20763,日用品,428.75
20764,家電,430.0
20765,食品,431.25
20766,飲料,432.5
20767,日用品,433.75
20768,家電,435.0
20769,食品,436.25
20770,飲料,437.5
20771,日用品,438.75
20772,家電,440.0
20773,食品,441.25
20774,飲料,442.5
20775,日用品,443.75
20776,家電,445.0
20777,食品,446.25
20778,飲料,447.5
20779,日用品,448.75
20780,家電,450.0
20781,食品,451.25
20782,飲料,452.5
20783,日用品,453.75
20784,家電,455.0
20785,食品,456.25
20786,飲料,457.5
20787,日用品,458.75
20788,家電,460.0
20789,食品,461.25
20790,飲料,462.5
20791,日用品,463.75
20792,家電,465.0
20793,食品,466.25
20794,飲料,467.5
20795,日用品,468.75
20796,家電,470.0
20797,食品,471.25
20798,飲料,472.5
20799,日用品,473.75
20800,家電,475.0
20801,食品,476.25
20802,飲料,477.5
20803,日用品,478.75
20804,家電,480.0
20805,食品,481.25
20806,飲料,482.5
20807,日用品,483.75
20808,家電,485.0
20809,食品,486.25
20810,飲料,487.5
20811,日用品,488.75
20812,家電,490.0
20813,食品,491.25
20814,飲料,492.5
20815,日用品,493.75
20816,家電,495.0
20817,食品,496.25
20818,飲料,497.5
20819,日用品,498.75
20820,家電,500.0
20821,食品,501.25
20822,飲料,502.5
20823,日用品,503.75
20824,家電,505.0
20825,食品,506.25
20826,飲料,507.5
20827,日用品,508.75
20828,家電,510.0
20829,食品,511.25
20830,飲料,512.5
20831,日用品,513.75
20832,家電,515.0
20833,食品,516.25
20834,飲料,517.5
20835,日用品,518.75
20836,家電,520.0
20837,食品,521.25
20838,飲料,522.5
20839,日用品,523.75
20840,家電,525.0
20841,食品,526.25
20842,飲料,527.5
20843,日用品,528.75
20844,家電,530.0
20845,食品,531.25
20846,飲料,532.5
20847,日用品,533.75
20848,家電,535.0
20849,食品,536.25
20850,飲料,537.5
20851,日用品,538.75
20852,家電,540.0
20853,食品,541.25
20854,飲料,542.5
20855,日用品,543.75
20856,家電,545.0
20857,食品,546.25
20858,飲料,547.5
20859,日用品,548.75
20860,家電,550.0
20861,食品,551.25
20862,飲料,552.5
20863,日用品,553.75
20864,家電,555.0
20865,食品,556.25
20866,飲料,557.5
20867,日用品,558.75
20868,家電,560.0
20869,食品,561.25
20870,飲料,562.5
20871,日用品,563.75
20872,家電,565.0
20873,食品,566.25
20874,飲料,567.5
20875,日用品,568.75
20876,家電,570.0
20877,食品,571.25
20878,飲料,572.5
20879,日用品,573.75
20880,家電,575.0
20881,食品,576.25
20882,飲料,577.5
20883,日用品,578.75
20884,家電,580.0
20885,食品,581.25
20886,飲料,582.5
20887,日用品,583.75
20888,家電,585.0
20889,食品,586.25
20890,飲料,587.5
20891,日用品,588.75
20892,家電,590.0
20893,食品,591.25
20894,飲料,592.5
20895,日用品,593.75
20896,家電,595.0
20897,食品,596.25
20898,飲料,597.5
20899,日用品,598.75
20900,家電,600.0
20901,食品,601.25
20902,飲料,602.5
20903,日用品,603.75
20904,家電,605.0
20905,食品,606.25
20906,飲料,607.5
20907,日用品,608.75
20908,家電,610.0
20909,食品,611.25
20910,飲料,612.5
20911,日用品,613.75
20912,家電,615.0
20913,食品,616.25
20914,飲料,617.5
20915,日用品,618.75
20916,家電,620.0
20917,食品,621.25
20918,飲料,622.5
20919,日用品,623.75
20920,家電,625.0
20921,食品,626.25
20922,飲料,627.5
20923,日用品,628.75
20924,家電,630.0
20925,食品,631.25
20926,飲料,632.5
20927,日用品,633.75
20928,家電,635.0
20929,食品,636.25
20930,飲料,637.5
20931,日用品,638.75
20932,家電,640.0
20933,食品,641.25
20934,飲料,642.5
20935,日用品,643.75
20936,家電,645.0
20937,食品,646.25
20938,飲料,647.5
20939,日用品,648.75
20940,家電,650.0
20941,食品,651.25
20942,飲料,652.5
20943,日用品,653.75
20944,家電,655.0
20945,食品,656.25
20946,飲料,657.5
20947,日用品,658.75
20948,家電,660.0
20949,食品,661.25
20950,飲料,662.5
20951,日用品,663.75
20952,家電,665.0
20953,食品,666.25
20954,飲料,667.5
20955,日用品,668.75
20956,家電,670.0
20957,食品,671.25
20958,飲料,672.5
20959,日用品,673.75
20960,家電,675.0
20961,食品,676.25
20962,飲料,677.5
20963,日用品,678.75
20964,家電,680.0
20965,食品,681.25
20966,飲料,682.5
20967,日用品,683.75
20968,家電,685.0
20969,食品,686.25
20970,飲料,687.5
20971,日用品,688.75
20972,家電,690.0
20973,食品,691.25
20974,飲料,692.5
20975,日用品,693.75
20976,家電,695.0
20977,食品,696.25
20978,飲料,697.5
20979,日用品,698.75
20980,家電,700.0
20981,食品,701.25
20982,飲料,702.5
20983,日用品,703.75
20984,家電,705.0
20985,食品,706.25
20986,飲料,707.5
20987,日用品,708.75
20988,家電,710.0
20989,食品,711.25
20990,飲料,712.5
20991,日用品,713.75
20992,家電,715.0
20993,食品,716.25
20994,飲料,717.5
20995,日用品,718.75
20996,家電,720.0
20997,食品,721.25
20998,飲料,722.5
20999,日用品,723.75
21000,家電,100.0
21001,食品,101.25
21002,飲料,102.5
21003,日用品,103.75
21004,家電,105.0
21005,食品,106.25
21006,飲料,107.5
21007,日用品,108.75
21008,家電,110.0
21009,食品,111.25
21010,飲料,112.5
21011,日用品,113.75
21012,家電,115.0
21013,食品,116.25
21014,飲料,117.5
21015,日用品,118.75
21016,家電,120.0
21017,食品,121.25
21018,飲料,122.5
21019,日用品,123.75
21020,家電,125.0
21021,食品,126.25
21022,飲料,127.5
21023,日用品,128.75
21024,家電,130.0
21025,食品,131.25
21026,飲料,132.5
21027,日用品,133.75
21028,家電,135.0
21029,食品,136.25
21030,飲料,137.5
21031,日用品,138.75
21032,家電,140.0
21033,食品,141.25
21034,飲料,142.5
21035,日用品,143.75
21036,家電,145.0
21037,食品,146.25
21038,飲料,147.5
21039,日用品,148.75
21040,家電,150.0
21041,食品,151.25
21042,飲料,152.5
21043,日用品,153.75
21044,家電,155.0
21045,食品,156.25
21046,飲料,157.5
21047,日用品,158.75
21048,家電,160.0
21049,食品,161.25
21050,飲料,162.5
21051,日用品,163.75
21052,家電,165.0
21053,食品,166.25
21054,飲料,167.5
21055,日用品,168.75
21056,家電,170.0
21057,食品,171.25
21058,飲料,172.5
21059,日用品,173.75
21060,家電,175.0
21061,食品,176.25
21062,飲料,177.5
21063,日用品,178.75
21064,家電,180.0
21065,食品,181.25
21066,飲料,182.5
21067,日用品,183.75
21068,家電,185.0
21069,食品,186.25
21070,飲料,187.5
21071,日用品,188.75
21072,家電,190.0
21073,食品,191.25
21074,飲料,192.5
21075,日用品,193.75
21076,家電,195.0
21077,食品,196.25
21078,飲料,197.5
21079,日用品,198.75
21080,家電,200.0
21081,食品,201.25
21082,飲料,202.5
21083,日用品,203.75
21084,家電,205.0
21085,食品,206.25
21086,飲料,207.5
21087,日用品,208.75
21088,家電,210.0
21089,食品,211.25
21090,飲料,212.5
21091,日用品,213.75
21092,家電,215.0
21093,食品,216.25
21094,飲料,217.5
21095,日用品,218.75
21096,家電,220.0
21097,食品,221.25
21098,飲料,222.5
21099,日用品,223.75
21100,家電,225.0
21101,食品,226.25
21102,飲料,227.5
21103,日用品,228.75
21104,家電,230.0
21105,食品,231.25
21106,飲料,232.5
21107,日用品,233.75
21108,家電,235.0
21109,食品,236.25
21110,飲料,237.5
21111,日用品,238.75
21112,家電,240.0
21113,食品,241.25
21114,飲料,242.5
21115,日用品,243.75
21116,家電,245.0
21117,食品,246.25
21118,飲料,247.5
21119,日用品,248.75
21120,家電,250.0
21121,食品,251.25
21122,飲料,252.5
21123,日用品,253.75
21124,家電,255.0
21125,食品,256.25
21126,飲料,257.5
21127,日用品,258.75
21128,家電,260.0
21129,食品,261.25
21130,飲料,262.5
21131,日用品,263.75
21132,家電,265.0
21133,食品,266.25
21134,飲料,267.5
21135,日用品,268.75
21136,家電,270.0
21137,食品,271.25
21138,飲料,272.5
21139,日用品,273.75
21140,家電,275.0
21141,食品,276.25
21142,飲料,277.5
21143,日用品,278.75
21144,家電,280.0
21145,食品,281.25
21146,飲料,282.5
21147,日用品,283.75
21148,家電,285.0
21149,食品,286.25
21150,飲料,287.5
21151,日用品,288.75
21152,家電,290.0
21153,食品,291.25
21154,飲料,292.5
21155,日用品,293.75
21156,家電,295.0
21157,食品,296.25
21158,飲料,297.5
21159,日用品,298.75
21160,家電,300.0
21161,食品,301.25
21162,飲料,302.5
21163,日用品,303.75
21164,家電,305.0
21165,食品,306.25
21166,飲料,307.5
21167,日用品,308.75
21168,家電,310.0
21169,食品,311.25
21170,飲料,312.5
21171,日用品,313.75
21172,家電,315.0
21173,食品,316.25
21174,飲料,317.5
21175,日用品,318.75
21176,家電,320.0
21177,食品,321.25
21178,飲料,322.5
21179,日用品,323.75
21180,家電,325.0
21181,食品,326.25
21182,飲料,327.5
21183,日用品,328.75
21184,家電,330.0
21185,食品,331.25
21186,飲料,332.5
21187,日用品,333.75
21188,家電,335.0
21189,食品,336.25
21190,飲料,337.5
21191,日用品,338.75
21192,家電,340.0
21193,食品,341.25
21194,飲料,342.5
21195,日用品,343.75
21196,家電,345.0
21197,食品,346.25
21198,飲料,347.5
21199,日用品,348.75
21200,家電,350.0
21201,食品,351.25
21202,飲料,352.5
21203,日用品,353.75
21204,家電,355.0
21205,食品,356.25
21206,飲料,357.5
21207,日用品,358.75
21208,家電,360.0
21209,食品,361.25
21210,飲料,362.5
21211,日用品,363.75
21212,家電,365.0
21213,食品,366.25
21214,飲料,367.5
21215,日用品,368.75
21216,家電,370.0
21217,食品,371.25
21218,飲料,372.5
21219,日用品,373.75
21220,家電,375.0
21221,食品,376.25
21222,飲料,377.5
21223,日用品,378.75
21224,家電,380.0
21225,食品,381.25
21226,飲料,382.5
21227,日用品,383.75
21228,家電,385.0
21229,食品,386.25
21230,飲料,387.5
21231,日用品,388.75
21232,家電,390.0
21233,食品,391.25
21234,飲料,392.5
21235,日用品,393.75
21236,家電,395.0
21237,食品,396.25
21238,飲料,397.5
21239,日用品,398.75
21240,家電,400.0
21241,食品,401.25
21242,飲料,402.5
21243,日用品,403.75
21244,家電,405.0
21245,食品,406.25
21246,飲料,407.5
21247,日用品,408.75
21248,家電,410.0
21249,食品,411.25
21250,飲料,412.5
21251,日用品,413.75
21252,家電,415.0
21253,食品,416.25
21254,飲料,417.5
21255,日用品,418.75
21256,家電,420.0
21257,食品,421.25
21258,飲料,422.5
21259,日用品,423.75
21260,家電,425.0
21261,食品,426.25
21262,飲料,427.5
21263,日用品,428.75
21264,家電,430.0
21265,食品,431.25
21266,飲料,432.5
21267,日用品,433.75
21268,家電,435.0
21269,食品,436.25
21270,飲料,437.5
21271,日用品,438.75
21272,家電,440.0
21273,食品,441.25
21274,飲料,442.5
21275,日用品,443.75
21276,家電,445.0
21277,食品,446.25
21278,飲料,447.5
21279,日用品,448.75
21280,家電,450.0
21281,食品,451.25
21282,飲料,452.5
21283,日用品,453.75
21284,家電,455.0
21285,食品,456.25
21286,飲料,457.5
21287,日用品,458.75
21288,家電,460.0
21289,食品,461.25
21290,飲料,462.5
21291,日用品,463.75
21292,家電,465.0
21293,食品,466.25
21294,飲料,467.5
21295,日用品,468.75
21296,家電,470.0
21297,食品,471.25
21298,飲料,472.5
21299,日用品,473.75
21300,家電,475.0
21301,食品,476.25
21302,飲料,477.5
21303,日用品,478.75
21304,家電,480.0
21305,食品,481.25
21306,飲料,482.5
21307,日用品,483.75
21308,家電,485.0
21309,食品,486.25
21310,飲料,487.5
21311,日用品,488.75
21312,家電,490.0
21313,食品,491.25
21314,飲料,492.5
21315,日用品,493.75
21316,家電,495.0
21317,食品,496.25
21318,飲料,497.5
21319,日用品,498.75
21320,家電,500.0
21321,食品,501.25
21322,飲料,502.5
21323,日用品,503.75
21324,家電,505.0
21325,食品,506.25
21326,飲料,507.5
21327,日用品,508.75
21328,家電,510.0
21329,食品,511.25
21330,飲料,512.5
21331,日用品,513.75
21332,家電,515.0
21333,食品,516.25
21334,飲料,517.5
21335,日用品,518.75
21336,家電,520.0
21337,食品,521.25
21338,飲料,522.5
21339,日用品,523.75
21340,家電,525.0
21341,食品,526.25
21342,飲料,527.5
21343,日用品,528.75
21344,家電,530.0
21345,食品,531.25
21346,飲料,532.5
21347,日用品,533.75
21348,家電,535.0
21349,食品,536.25
21350,飲料,537.5
21351,日用品,538.75
21352,家電,540.0
21353,食品,541.25
21354,飲料,542.5
21355,日用品,543.75
21356,家電,545.0
21357,食品,546.25
21358,飲料,547.5
21359,日用品,548.75
21360,家電,550.0
21361,食品,551.25
21362,飲料,552.5
21363,日用品,553.75
21364,家電,555.0
21365,食品,556.25
21366,飲料,557.5
21367,日用品,558.75
21368,家電,560.0
21369,食品,561.25
21370,飲料,562.5
21371,日用品,563.75
21372,家電,565.0
21373,食品,566.25
21374,飲料,567.5
21375,日用品,568.75
21376,家電,570.0
21377,食品,571.25
21378,飲料,572.5
21379,日用品,573.75
21380,家電,575.0
21381,食品,576.25
21382,飲料,577.5
21383,日用品,578.75
21384,家電,580.0
21385,食品,581.25
21386,飲料,582.5
21387,日用品,583.75
21388,家電,585.0
21389,食品,586.25
21390,飲料,587.5
21391,日用品,588.75
21392,家電,590.0
21393,食品,591.25
21394,飲料,592.5
21395,日用品,593.75
21396,家電,595.0
21397,食品,596.25
21398,飲料,597.5
21399,日用品,598.75
21400,家電,600.0
21401,食品,601.25
21402,飲料,602.5
21403,日用品,603.75
21404,家電,605.0
21405,食品,606.25
21406,飲料,607.5
21407,日用品,608.75
21408,家電,610.0
21409,食品,611.25
21410,飲料,612.5
21411,日用品,613.75
21412,家電,615.0
21413,食品,616.25
21414,飲料,617.5
21415,日用品,618.75
21416,家電,620.0
21417,食品,621.25
21418,飲料,622.5
21419,日用品,623.75
21420,家電,625.0
21421,食品,626.25
21422,飲料,627.5
21423,日用品,628.75
21424,家電,630.0
21425,食品,631.25
21426,飲料,632.5
21427,日用品,633.75
21428,家電,635.0
21429,食品,636.25
21430,飲料,637.5
21431,日用品,638.75
21432,家電,640.0
21433,食品,641.25
21434,飲料,642.5
21435,日用品,643.75
21436,家電,645.0
21437,食品,646.25
21438,飲料,647.5
21439,日用品,648.75
21440,家電,650.0
21441,食品,651.25
21442,飲料,652.5
21443,日用品,653.75
21444,家電,655.0
21445,食品,656.25
21446,飲料,657.5
21447,日用品,658.75
21448,家電,660.0
21449,食品,661.25
21450,飲料,662.5
21451,日用品,663.75
21452,家電,665.0
21453,食品,666.25
21454,飲料,667.5
21455,日用品,668.75
21456,家電,670.0
21457,食品,671.25
21458,飲料,672.5
21459,日用品,673.75
21460,家電,675.0
21461,食品,676.25
21462,飲料,677.5
21463,日用品,678.75
21464,家電,680.0
21465,食品,681.25
21466,飲料,682.5
21467,日用品,683.75
21468,家電,685.0
21469,食品,686.25
21470,飲料,687.5
21471,日用品,688.75
21472,家電,690.0
21473,食品,691.25
21474,飲料,692.5
21475,日用品,693.75
21476,家電,695.0
21477,食品,696.25
21478,飲料,697.5
21479,日用品,698.75
21480,家電,700.0
21481,食品,701.25
21482,飲料,702.5
21483,日用品,703.75
21484,家電,705.0
21485,食品,706.25
21486,飲料,707.5
21487,日用品,708.75
21488,家電,710.0
21489,食品,711.25
21490,飲料,712.5
21491,日用品,713.75
21492,家電,715.0
21493,食品,716.25
21494,飲料,717.5
21495,日用品,718.75
21496,家電,720.0
21497,食品,721.25
21498,飲料,722.5
21499,日用品,723.75
21500,家電,100.0
21501,食品,101.25
21502,飲料,102.5
21503,日用品,103.75
21504,家電,105.0
21505,食品,106.25
21506,飲料,107.5
21507,日用品,108.75
21508,家電,110.0
21509,食品,111.25
21510,飲料,112.5
21511,日用品,113.75
21512,家電,115.0
21513,食品,116.25
21514,飲料,117.5
21515,日用品,118.75
21516,家電,120.0
21517,食品,121.25
21518,飲料,122.5
21519,日用品,123.75
21520,家電,125.0
21521,食品,126.25
21522,飲料,127.5
21523,日用品,128.75
21524,家電,130.0
21525,食品,131.25
21526,飲料,132.5
21527,日用品,133.75
21528,家電,135.0
21529,食品,136.25
21530,飲料,137.5
21531,日用品,138.75
21532,家電,140.0
21533,食品,141.25
21534,飲料,142.5
21535,日用品,143.75
21536,家電,145.0
21537,食品,146.25
21538,飲料,147.5
21539,日用品,148.75
21540,家電,150.0
21541,食品,151.25
21542,飲料,152.5
21543,日用品,153.75
21544,家電,155.0
21545,食品,156.25
21546,飲料,157.5
21547,日用品,158.75
21548,家電,160.0
21549,食品,161.25
21550,飲料,162.5
21551,日用品,163.75
21552,家電,165.0
21553,食品,166.25
21554,飲料,167.5
21555,日用品,168.75
21556,家電,170.0
21557,食品,171.25
21558,飲料,172.5
21559,日用品,173.75
21560,家電,175.0
21561,食品,176.25
21562,飲料,177.5
21563,日用品,178.75
21564,家電,180.0
21565,食品,181.25
21566,飲料,182.5
21567,日用品,183.75
21568,家電,185.0
21569,食品,186.25
21570,飲料,187.5
21571,日用品,188.75
21572,家電,190.0
21573,食品,191.25
21574,飲料,192.5
21575,日用品,193.75
21576,家電,195.0
21577,食品,196.25
21578,飲料,197.5
21579,日用品,198.75
21580,家電,200.0
21581,食品,201.25
21582,飲料,202.5
21583,日用品,203.75
21584,家電,205.0
21585,食品,206.25
21586,飲料,207.5
21587,日用品,208.75
21588,家電,210.0
21589,食品,211.25
21590,飲料,212.5
21591,日用品,213.75
21592,家電,215.0
21593,食品,216.25
21594,飲料,217.5
21595,日用品,218.75
21596,家電,220.0
21597,食品,221.25
21598,飲料,222.5
21599,日用品,223.75
21600,家電,225.0
21601,食品,226.25
21602,飲料,227.5
21603,日用品,228.75
21604,家電,230.0
21605,食品,231.25
21606,飲料,232.5
21607,日用品,233.75
21608,家電,235.0
21609,食品,236.25
21610,飲料,237.5
21611,日用品,238.75
21612,家電,240.0
21613,食品,241.25
21614,飲料,242.5
21615,日用品,243.75
21616,家電,245.0
21617,食品,246.25
21618,飲料,247.5
21619,日用品,248.75
21620,家電,250.0
21621,食品,251.25
21622,飲料,252.5
21623,日用品,253.75
21624,家電,255.0
21625,食品,256.25
21626,飲料,257.5
21627,日用品,258.75
21628,家電,260.0
21629,食品,261.25
21630,飲料,262.5
21631,日用品,263.75
21632,家電,265.0
21633,食品,266.25
21634,飲料,267.5
21635,日用品,268.75
21636,家電,270.0
21637,食品,271.25
21638,飲料,272.5
21639,日用品,273.75
21640,家電,275.0
21641,食品,276.25
21642,飲料,277.5
21643,日用品,278.75
21644,家電,280.0
21645,食品,281.25
21646,飲料,282.5
21647,日用品,283.75
21648,家電,285.0
21649,食品,286.25
21650,飲料,287.5
21651,日用品,288.75
21652,家電,290.0
21653,食品,291.25
21654,飲料,292.5
21655,日用品,293.75
21656,家電,295.0
21657,食品,296.25
21658,飲料,297.5
21659,日用品,298.75
21660,家電,300.0
21661,食品,301.25
21662,飲料,302.5
21663,日用品,303.75
21664,家電,305.0
21665,食品,306.25
21666,飲料,307.5
21667,日用品,308.75
21668,家電,310.0
21669,食品,311.25
21670,飲料,312.5
21671,日用品,313.75
21672,家電,315.0
21673,食品,316.25
21674,飲料,317.5
21675,日用品,318.75
21676,家電,320.0
21677,食品,321.25
21678,飲料,322.5
21679,日用品,323.75
21680,家電,325.0
21681,食品,326.25
21682,飲料,327.5
21683,日用品,328.75
21684,家電,330.0
21685,食品,331.25
21686,飲料,332.5
21687,日用品,333.75
21688,家電,335.0
21689,食品,336.25
21690,飲料,337.5
21691,日用品,338.75
21692,家電,340.0
21693,食品,341.25
21694,飲料,342.5
21695,日用品,343.75
21696,家電,345.0
21697,食品,346.25
21698,飲料,347.5
21699,日用品,348.75
21700,家電,350.0
21701,食品,351.25
21702,飲料,352.5
21703,日用品,353.75
21704,家電,355.0
21705,食品,356.25
21706,飲料,357.5
21707,日用品,358.75
21708,家電,360.0
21709,食品,361.25
21710,飲料,362.5
21711,日用品,363.75
21712,家電,365.0
21713,食品,366.25
21714,飲料,367.5
21715,日用品,368.75
21716,家電,370.0
21717,食品,371.25
21718,飲料,372.5
21719,日用品,373.75
21720,家電,375.0
21721,食品,376.25
21722,飲料,377.5
21723,日用品,378.75
21724,家電,380.0
21725,食品,381.25
21726,飲料,382.5
21727,日用品,383.75
21728,家電,385.0
21729,食品,386.25
21730,飲料,387.5
21731,日用品,388.75
21732,家電,390.0
21733,食品,391.25
21734,飲料,392.5
21735,日用品,393.75
21736,家電,395.0
21737,食品,396.25
21738,飲料,397.5
21739,日用品,398.75
21740,家電,400.0
21741,食品,401.25
21742,飲料,402.5
21743,日用品,403.75
21744,家電,405.0
21745,食品,406.25
21746,飲料,407.5
21747,日用品,408.75
21748,家電,410.0
21749,食品,411.25
21750,飲料,412.5
21751,日用品,413.75
21752,家電,415.0
21753,食品,416.25
21754,飲料,417.5
21755,日用品,418.75
21756,家電,420.0
21757,食品,421.25
21758,飲料,422.5
21759,日用品,423.75
21760,家電,425.0
21761,食品,426.25
21762,飲料,427.5
21763,日用品,428.75
21764,家電,430.0
21765,食品,431.25
21766,飲料,432.5
21767,日用品,433.75
21768,家電,435.0
21769,食品,436.25
21770,飲料,437.5
21771,日用品,438.75
21772,家電,440.0
21773,食品,441.25
21774,飲料,442.5
21775,日用品,443.75
21776,家電,445.0
21777,食品,446.25
21778,飲料,447.5
21779,日用品,448.75
21780,家電,450.0
21781,食品,451.25
21782,飲料,452.5
21783,日用品,453.75
21784,家電,455.0
21785,食品,456.25
21786,飲料,457.5
21787,日用品,458.75
21788,家電,460.0
21789,食品,461.25
21790,飲料,462.5
21791,日用品,463.75
21792,家電,465.0
21793,食品,466.25
21794,飲料,467.5
21795,日用品,468.75
21796,家電,470.0
21797,食品,471.25
21798,飲料,472.5
21799,日用品,473.75
21800,家電,475.0
21801,食品,476.25
21802,飲料,477.5
21803,日用品,478.75
21804,家電,480.0
21805,食品,481.25
21806,飲料,482.5
21807,日用品,483.75
21808,家電,485.0
21809,食品,486.25
21810,飲料,487.5
21811,日用品,488.75
21812,家電,490.0
21813,食品,491.25
21814,飲料,492.5
21815,日用品,493.75
21816,家電,495.0
21817,食品,496.25
21818,飲料,497.5
21819,日用品,498.75
21820,家電,500.0
21821,食品,501.25
21822,飲料,502.5
21823,日用品,503.75
21824,家電,505.0
21825,食品,506.25
21826,飲料,507.5
21827,日用品,508.75
21828,家電,510.0
21829,食品,511.25
21830,飲料,512.5
21831,日用品,513.75
21832,家電,515.0
21833,食品,516.25
21834,飲料,517.5
21835,日用品,518.75
21836,家電,520.0
21837,食品,521.25
21838,飲料,522.5
21839,日用品,523.75
21840,家電,525.0
21841,食品,526.25
21842,飲料,527.5
21843,日用品,528.75
21844,家電,530.0
21845,食品,531.25
21846,飲料,532.5
21847,日用品,533.75
21848,家電,535.0
21849,食品,536.25
21850,飲料,537.5
21851,日用品,538.75
21852,家電,540.0
21853,食品,541.25
21854,飲料,542.5
21855,日用品,543.75
21856,家電,545.0
21857,食品,546.25
21858,飲料,547.5
21859,日用品,548.75
21860,家電,550.0
21861,食品,551.25
21862,飲料,552.5
21863,日用品,553.75
21864,家電,555.0
21865,食品,556.25
21866,飲料,557.5
21867,日用品,558.75
21868,家電,560.0
21869,食品,561.25
21870,飲料,562.5
21871,日用品,563.75
21872,家電,565.0
21873,食品,566.25
21874,飲料,567.5
21875,日用品,568.75
21876,家電,570.0
21877,食品,571.25
21878,飲料,572.5
21879,日用品,573.75
21880,家電,575.0
21881,食品,576.25
21882,飲料,577.5
21883,日用品,578.75
21884,家電,580.0
21885,食品,581.25
21886,飲料,582.5
21887,日用品,583.75
21888,家電,585.0
21889,食品,586.25
21890,飲料,587.5
21891,日用品,588.75
21892,家電,590.0
21893,食品,591.25
21894,飲料,592.5
21895,日用品,593.75
21896,家電,595.0
21897,食品,596.25
21898,飲料,597.5
21899,日用品,598.75
21900,家電,600.0
21901,食品,601.25
21902,飲料,602.5
21903,日用品,603.75
21904,家電,605.0
21905,食品,606.25
21906,飲料,607.5
21907,日用品,608.75
21908,家電,610.0
21909,食品,611.25
21910,飲料,612.5
21911,日用品,613.75
21912,家電,615.0
21913,食品,616.25
21914,飲料,617.5
21915,日用品,618.75
21916,家電,620.0
21917,食品,621.25
21918,飲料,622.5
21919,日用品,623.75
21920,家電,625.0
21921,食品,626.25
21922,飲料,627.5
21923,日用品,628.75
21924,家電,630.0
21925,食品,631.25
21926,飲料,632.5
21927,日用品,633.75
21928,家電,635.0
21929,食品,636.25
21930,飲料,637.5
21931,日用品,638.75
21932,家電,640.0
21933,食品,641.25
21934,飲料,642.5
21935,日用品,643.75
21936,家電,645.0
21937,食品,646.25
21938,飲料,647.5
21939,日用品,648.75
21940,家電,650.0
21941,食品,651.25
21942,飲料,652.5
21943,日用品,653.75
21944,家電,655.0
21945,食品,656.25
21946,飲料,657.5
21947,日用品,658.75
21948,家電,660.0
21949,食品,661.25
21950,飲料,662.5
21951,日用品,663.75
21952,家電,665.0
21953,食品,666.25
21954,飲料,667.5
21955,日用品,668.75
21956,家電,670.0
21957,食品,671.25
21958,飲料,672.5
21959,日用品,673.75
21960,家電,675.0
21961,食品,676.25
21962,飲料,677.5
21963,日用品,678.75
21964,家電,680.0
21965,食品,681.25
21966,飲料,682.5
21967,日用品,683.75
21968,家電,685.0
21969,食品,686.25
21970,飲料,687.5
21971,日用品,688.75
21972,家電,690.0
21973,食品,691.25
21974,飲料,692.5
21975,日用品,693.75
21976,家電,695.0
21977,食品,696.25
21978,飲料,697.5
21979,日用品,698.75
21980,家電,700.0
21981,食品,701.25
21982,飲料,702.5
21983,日用品,703.75
21984,家電,705.0
21985,食品,706.25
21986,飲料,707.5
21987,日用品,708.75
21988,家電,710.0
21989,食品,711.25
21990,飲料,712.5
21991,日用品,713.75
21992,家電,715.0
21993,食品,716.25
21994,飲料,717.5
21995,日用品,718.75
21996,家電,720.0
21997,食品,721.25
21998,飲料,722.5
21999,日用品,723.75
22000,家電,100.0
22001,食品,101.25
22002,飲料,102.5
22003,日用品,103.75
22004,家電,105.0
22005,食品,106.25
22006,飲料,107.5
22007,日用品,108.75
22008,家電,110.0
22009,食品,111.25
22010,飲料,112.5
22011,日用品,113.75
22012,家電,115.0
22013,食品,116.25
22014,飲料,117.5
22015,日用品,118.75
22016,家電,120.0
22017,食品,121.25
22018,飲料,122.5
22019,日用品,123.75
22020,家電,125.0
22021,食品,126.25
22022,飲料,127.5
22023,日用品,128.75
22024,家電,130.0
22025,食品,131.25
22026,飲料,132.5
22027,日用品,133.75
22028,家電,135.0
22029,食品,136.25
22030,飲料,137.5
22031,日用品,138.75
22032,家電,140.0
22033,食品,141.25
22034,飲料,142.5
22035,日用品,143.75
22036,家電,145.0
22037,食品,146.25
22038,飲料,147.5
22039,日用品,148.75
22040,家電,150.0
22041,食品,151.25
22042,飲料,152.5
22043,日用品,153.75
22044,家電,155.0
22045,食品,156.25
22046,飲料,157.5
22047,日用品,158.75
22048,家電,160.0
22049,食品,161.25
22050,飲料,162.5
22051,日用品,163.75
22052,家電,165.0
22053,食品,166.25
22054,飲料,167.5
22055,日用品,168.75
22056,家電,170.0
22057,食品,171.25
22058,飲料,172.5
22059,日用品,173.75
22060,家電,175.0
22061,食品,176.25
22062,飲料,177.5
22063,日用品,178.75
22064,家電,180.0
22065,食品,181.25
22066,飲料,182.5
22067,日用品,183.75
22068,家電,185.0
22069,食品,186.25
22070,飲料,187.5
22071,日用品,188.75
22072,家電,190.0
22073,食品,191.25
22074,飲料,192.5
22075,日用品,193.75
22076,家電,195.0
22077,食品,196.25
22078,飲料,197.5
22079,日用品,198.75
22080,家電,200.0
22081,食品,201.25
22082,飲料,202.5
22083,日用品,203.75
22084,家電,205.0
22085,食品,206.25
22086,飲料,207.5
22087,日用品,208.75
22088,家電,210.0
22089,食品,211.25
22090,飲料,212.5
22091,日用品,213.75
22092,家電,215.0
22093,食品,216.25
22094,飲料,217.5
22095,日用品,218.75
22096,家電,220.0
22097,食品,221.25
22098,飲料,222.5
22099,日用品,223.75
22100,家電,225.0
22101,食品,226.25
22102,飲料,227.5
22103,日用品,228.75
22104,家電,230.0
22105,食品,231.25
22106,飲料,232.5
22107,日用品,233.75
22108,家電,235.0
22109,食品,236.25
22110,飲料,237.5
22111,日用品,238.75
22112,家電,240.0
22113,食品,241.25
22114,飲料,242.5
22115,日用品,243.75
22116,家電,245.0
22117,食品,246.25
22118,飲料,247.5
22119,日用品,248.75
22120,家電,250.0
22121,食品,251.25
22122,飲料,252.5
22123,日用品,253.75
22124,家電,255.0
22125,食品,256.25
22126,飲料,257.5
22127,日用品,258.75
22128,家電,260.0
22129,食品,261.25
22130,飲料,262.5
22131,日用品,263.75
22132,家電,265.0
22133,食品,266.25
22134,飲料,267.5
22135,日用品,268.75
22136,家電,270.0
22137,食品,271.25
22138,飲料,272.5
22139,日用品,273.75
22140,家電,275.0
22141,食品,276.25
22142,飲料,277.5
22143,日用品,278.75
22144,家電,280.0
22145,食品,281.25
22146,飲料,282.5
22147,日用品,283.75
22148,家電,285.0
22149,食品,286.25
22150,飲料,287.5
22151,日用品,288.75
22152,家電,290.0
22153,食品,291.25
22154,飲料,292.5
22155,日用品,293.75
22156,家電,295.0
22157,食品,296.25
22158,飲料,297.5
22159,日用品,298.75
22160,家電,300.0
22161,食品,301.25
22162,飲料,302.5
22163,日用品,303.75
22164,家電,305.0
22165,食品,306.25
22166,飲料,307.5
22167,日用品,308.75
22168,家電,310.0
22169,食品,311.25
22170,飲料,312.5
22171,日用品,313.75
22172,家電,315.0
22173,食品,316.25
22174,飲料,317.5
22175,日用品,318.75
22176,家電,320.0
22177,食品,321.25
22178,飲料,322.5
22179,日用品,323.75
22180,家電,325.0
22181,食品,326.25
22182,飲料,327.5
22183,日用品,328.75
22184,家電,330.0
22185,食品,331.25
22186,飲料,332.5
22187,日用品,333.75
22188,家電,335.0
22189,食品,336.25
22190,飲料,337.5
22191,日用品,338.75
22192,家電,340.0
22193,食品,341.25
22194,飲料,342.5
22195,日用品,343.75
22196,家電,345.0
22197,食品,346.25
22198,飲料,347.5
22199,日用品,348.75
22200,家電,350.0
22201,食品,351.25
22202,飲料,352.5
22203,日用品,353.75
22204,家電,355.0
22205,食品,356.25
22206,飲料,357.5
22207,日用品,358.75
22208,家電,360.0
22209,食品,361.25
22210,飲料,362.5
22211,日用品,363.75
22212,家電,365.0
22213,食品,366.25
22214,飲料,367.5
22215,日用品,368.75
22216,家電,370.0
22217,食品,371.25
22218,飲料,372.5
22219,日用品,373.75
22220,家電,375.0
22221,食品,376.25
22222,飲料,377.5
22223,日用品,378.75
22224,家電,380.0
22225,食品,381.25
22226,飲料,382.5
22227,日用品,383.75
22228,家電,385.0
22229,食品,386.25
22230,飲料,387.5
22231,日用品,388.75
22232,家電,390.0
22233,食品,391.25
22234,飲料,392.5
22235,日用品,393.75
22236,家電,395.0
22237,食品,396.25
22238,飲料,397.5
22239,日用品,398.75
22240,家電,400.0
22241,食品,401.25
22242,飲料,402.5
22243,日用品,403.75
22244,家電,405.0
22245,食品,406.25
22246,飲料,407.5
22247,日用品,408.75
22248,家電,410.0
22249,食品,411.25
22250,飲料,412.5
22251,日用品,413.75
22252,家電,415.0
22253,食品,416.25
22254,飲料,417.5
22255,日用品,418.75
22256,家電,420.0
22257,食品,421.25
22258,飲料,422.5
22259,日用品,423.75
22260,家電,425.0
22261,食品,426.25
22262,飲料,427.5
22263,日用品,428.75
22264,家電,430.0
22265,食品,431.25
22266,飲料,432.5
22267,日用品,433.75
22268,家電,435.0
22269,食品,436.25
22270,飲料,437.5
22271,日用品,438.75
22272,家電,440.0
22273,食品,441.25
22274,飲料,442.5
22275,日用品,443.75
22276,家電,445.0
22277,食品,446.25
22278,飲料,447.5
22279,日用品,448.75
22280,家電,450.0
22281,食品,451.25
22282,飲料,452.5
22283,日用品,453.75
22284,家電,455.0
22285,食品,456.25
22286,飲料,457.5
22287,日用品,458.75
22288,家電,460.0
22289,食品,461.25
22290,飲料,462.5
22291,日用品,463.75
22292,家電,465.0
22293,食品,466.25
22294,飲料,467.5
22295,日用品,468.75
22296,家電,470.0
22297,食品,471.25
22298,飲料,472.5
22299,日用品,473.75
22300,家電,475.0
22301,食品,476.25
22302,飲料,477.5
22303,日用品,478.75
22304,家電,480.0
22305,食品,481.25
22306,飲料,482.5
22307,日用品,483.75
22308,家電,485.0
22309,食品,486.25
22310,飲料,487.5
22311,日用品,488.75
22312,家電,490.0
22313,食品,491.25
22314,飲料,492.5
22315,日用品,493.75
22316,家電,495.0
22317,食品,496.25
22318,飲料,497.5
22319,日用品,498.75
22320,家電,500.0
22321,食品,501.25
22322,飲料,502.5
22323,日用品,503.75
22324,家電,505.0
22325,食品,506.25
22326,飲料,507.5
22327,日用品,508.75
22328,家電,510.0
22329,食品,511.25
22330,飲料,512.5
22331,日用品,513.75
22332,家電,515.0
22333,食品,516.25
22334,飲料,517.5
22335,日用品,518.75
22336,家電,520.0
22337,食品,521.25
22338,飲料,522.5
22339,日用品,523.75
22340,家電,525.0
22341,食品,526.25
22342,飲料,527.5
22343,日用品,528.75
22344,家電,530.0
22345,食品,531.25
22346,飲料,532.5
22347,日用品,533.75
22348,家電,535.0
22349,食品,536.25
22350,飲料,537.5
22351,日用品,538.75
22352,家電,540.0
22353,食品,541.25
22354,飲料,542.5
22355,日用品,543.75
22356,家電,545.0
22357,食品,546.25
22358,飲料,547.5
22359,日用品,548.75
22360,家電,550.0
22361,食品,551.25
22362,飲料,552.5
22363,日用品,553.75
22364,家電,555.0
22365,食品,556.25
22366,飲料,557.5
22367,日用品,558.75
22368,家電,560.0
22369,食品,561.25
22370,飲料,562.5
22371,日用品,563.75
22372,家電,565.0
22373,食品,566.25
22374,飲料,567.5
22375,日用品,568.75
22376,家電,570.0
22377,食品,571.25
22378,飲料,572.5
22379,日用品,573.75
22380,家電,575.0
22381,食品,576.25
22382,飲料,577.5
22383,日用品,578.75
22384,家電,580.0
22385,食品,581.25
22386,飲料,582.5
22387,日用品,583.75
22388,家電,585.0
22389,食品,586.25
22390,飲料,587.5
22391,日用品,588.75
22392,家電,590.0
22393,食品,591.25
22394,飲料,592.5
22395,日用品,593.75
22396,家電,595.0
22397,食品,596.25
22398,飲料,597.5
22399,日用品,598.75
22400,家電,600.0
22401,食品,601.25
22402,飲料,602.5
22403,日用品,603.75
22404,家電,605.0
22405,食品,606.25
22406,飲料,607.5
22407,日用品,608.75
22408,家電,610.0
22409,食品,611.25
22410,飲料,612.5
22411,日用品,613.75
22412,家電,615.0
22413,食品,616.25
22414,飲料,617.5
22415,日用品,618.75
22416,家電,620.0
22417,食品,621.25
22418,飲料,622.5
22419,日用品,623.75
22420,家電,625.0
22421,食品,626.25
22422,飲料,627.5
22423,日用品,628.75
22424,家電,630.0
22425,食品,631.25
22426,飲料,632.5
22427,日用品,633.75
22428,家電,635.0
22429,食品,636.25
22430,飲料,637.5
22431,日用品,638.75
22432,家電,640.0
22433,食品,641.25
22434,飲料,642.5
22435,日用品,643.75
22436,家電,645.0
22437,食品,646.25
22438,飲料,647.5
22439,日用品,648.75
22440,家電,650.0
22441,食品,651.25
22442,飲料,652.5
22443,日用品,653.75
22444,家電,655.0
22445,食品,656.25
22446,飲料,657.5
22447,日用品,658.75
22448,家電,660.0
22449,食品,661.25
22450,飲料,662.5
22451,日用品,663.75
22452,家電,665.0
22453,食品,666.25
22454,飲料,667.5
22455,日用品,668.75
22456,家電,670.0
22457,食品,671.25
22458,飲料,672.5
22459,日用品,673.75
22460,家電,675.0
22461,食品,676.25
22462,飲料,677.5
22463,日用品,678.75
22464,家電,680.0
22465,食品,681.25
22466,飲料,682.5
22467,日用品,683.75
22468,家電,685.0
22469,食品,686.25
22470,飲料,687.5
22471,日用品,688.75
22472,家電,690.0
22473,食品,691.25
22474,飲料,692.5
22475,日用品,693.75
22476,家電,695.0
22477,食品,696.25
22478,飲料,697.5
22479,日用品,698.75
22480,家電,700.0
22481,食品,701.25
22482,飲料,702.5
22483,日用品,703.75
22484,家電,705.0
22485,食品,706.25
22486,飲料,707.5
22487,日用品,708.75
22488,家電,710.0
22489,食品,711.25
22490,飲料,712.5
22491,日用品,713.75
22492,家電,715.0
22493,食品,716.25
22494,飲料,717.5
22495,日用品,718.75
22496,家電,720.0
22497,食品,721.25
22498,飲料,722.5
22499,日用品,723.75
22500,家電,100.0
22501,食品,101.25
22502,飲料,102.5
22503,日用品,103.75
22504,家電,105.0
22505,食品,106.25
22506,飲料,107.5
22507,日用品,108.75
22508,家電,110.0
22509,食品,111.25
22510,飲料,112.5
22511,日用品,113.75
22512,家電,115.0
22513,食品,116.25
22514,飲料,117.5
22515,日用品,118.75
22516,家電,120.0
22517,食品,121.25
22518,飲料,122.5
22519,日用品,123.75
22520,家電,125.0
22521,食品,126.25
22522,飲料,127.5
22523,日用品,128.75
22524,家電,130.0
22525,食品,131.25
22526,飲料,132.5
22527,日用品,133.75
22528,家電,135.0
22529,食品,136.25
22530,飲料,137.5
22531,日用品,138.75
22532,家電,140.0
22533,食品,141.25
22534,飲料,142.5
22535,日用品,143.75
22536,家電,145.0
22537,食品,146.25
22538,飲料,147.5
22539,日用品,148.75
22540,家電,150.0
22541,食品,151.25
22542,飲料,152.5
22543,日用品,153.75
22544,家電,155.0
22545,食品,156.25
22546,飲料,157.5
22547,日用品,158.75
22548,家電,160.0
22549,食品,161.25
22550,飲料,162.5
22551,日用品,163.75
22552,家電,165.0
22553,食品,166.25
22554,飲料,167.5
22555,日用品,168.75
22556,家電,170.0
22557,食品,171.25
22558,飲料,172.5
22559,日用品,173.75
22560,家電,175.0
22561,食品,176.25
22562,飲料,177.5
22563,日用品,178.75
22564,家電,180.0
22565,食品,181.25
22566,飲料,182.5
22567,日用品,183.75
22568,家電,185.0
22569,食品,186.25
22570,飲料,187.5
22571,日用品,188.75
22572,家電,190.0
22573,食品,191.25
22574,飲料,192.5
22575,日用品,193.75
22576,家電,195.0
22577,食品,196.25
22578,飲料,197.5
22579,日用品,198.75
22580,家電,200.0
22581,食品,201.25
22582,飲料,202.5
22583,日用品,203.75
22584,家電,205.0
22585,食品,206.25
22586,飲料,207.5
22587,日用品,208.75
22588,家電,210.0
22589,食品,211.25
22590,飲料,212.5
22591,日用品,213.75
22592,家電,215.0
22593,食品,216.25
22594,飲料,217.5
22595,日用品,218.75
22596,家電,220.0
22597,食品,221.25
22598,飲料,222.5
22599,日用品,223.75
22600,家電,225.0
22601,食品,226.25
22602,飲料,227.5
22603,日用品,228.75
22604,家電,230.0
22605,食品,231.25
22606,飲料,232.5
22607,日用品,233.75
22608,家電,235.0
22609,食品,236.25
22610,飲料,237.5
22611,日用品,238.75
22612,家電,240.0
22613,食品,241.25
22614,飲料,242.5
22615,日用品,243.75
22616,家電,245.0
22617,食品,246.25
22618,飲料,247.5
22619,日用品,248.75
22620,家電,250.0
22621,食品,251.25
22622,飲料,252.5
22623,日用品,253.75
22624,家電,255.0
22625,食品,256.25
22626,飲料,257.5
22627,日用品,258.75
22628,家電,260.0
22629,食品,261.25
22630,飲料,262.5
22631,日用品,263.75
22632,家電,265.0
22633,食品,266.25
22634,飲料,267.5
22635,日用品,268.75
22636,家電,270.0
22637,食品,271.25
22638,飲料,272.5
22639,日用品,273.75
22640,家電,275.0
22641,食品,276.25
22642,飲料,277.5
22643,日用品,278.75
22644,家電,280.0
22645,食品,281.25
22646,飲料,282.5
22647,日用品,283.75
22648,家電,285.0
22649,食品,286.25
22650,飲料,287.5
22651,日用品,288.75
22652,家電,290.0
22653,食品,291.25
22654,飲料,292.5
22655,日用品,293.75
22656,家電,295.0
22657,食品,296.25
22658,飲料,297.5
22659,日用品,298.75
22660,家電,300.0
22661,食品,301.25
22662,飲料,302.5
22663,日用品,303.75
22664,家電,305.0
22665,食品,306.25
22666,飲料,307.5
22667,日用品,308.75
22668,家電,310.0
22669,食品,311.25
22670,飲料,312.5
22671,日用品,313.75
22672,家電,315.0
22673,食品,316.25
22674,飲料,317.5
22675,日用品,318.75
22676,家電,320.0
22677,食品,321.25
22678,飲料,322.5
22679,日用品,323.75
22680,家電,325.0
22681,食品,326.25
22682,飲料,327.5
22683,日用品,328.75
22684,家電,330.0
22685,食品,331.25
22686,飲料,332.5
22687,日用品,333.75
22688,家電,335.0
22689,食品,336.25
22690,飲料,337.5
22691,日用品,338.75
22692,家電,340.0
22693,食品,341.25
22694,飲料,342.5
22695,日用品,343.75
22696,家電,345.0
22697,食品,346.25
22698,飲料,347.5
22699,日用品,348.75
22700,家電,350.0
22701,食品,351.25
22702,飲料,352.5
22703,日用品,353.75
22704,家電,355.0
22705,食品,356.25
22706,飲料,357.5
22707,日用品,358.75
22708,家電,360.0
22709,食品,361.25
22710,飲料,362.5
22711,日用品,363.75
22712,家電,365.0
22713,食品,366.25
22714,飲料,367.5
22715,日用品,368.75
22716,家電,370.0
22717,食品,371.25
22718,飲料,372.5
22719,日用品,373.75
22720,家電,375.0
22721,食品,376.25
22722,飲料,377.5
22723,日用品,378.75
22724,家電,380.0
22725,食品,381.25
22726,飲料,382.5
22727,日用品,383.75
22728,家電,385.0
22729,食品,386.25
22730,飲料,387.5
22731,日用品,388.75
22732,家電,390.0
22733,食品,391.25
22734,飲料,392.5
22735,日用品,393.75
22736,家電,395.0
22737,食品,396.25
22738,飲料,397.5
22739,日用品,398.75
22740,家電,400.0
22741,食品,401.25
22742,飲料,402.5
22743,日用品,403.75
22744,家電,405.0
22745,食品,406.25
22746,飲料,407.5
22747,日用品,408.75
22748,家電,410.0
22749,食品,411.25
22750,飲料,412.5
22751,日用品,413.75
22752,家電,415.0
22753,食品,416.25
22754,飲料,417.5
22755,日用品,418.75
22756,家電,420.0
22757,食品,421.25
22758,飲料,422.5
22759,日用品,423.75
22760,家電,425.0
22761,食品,426.25
22762,飲料,427.5
22763,日用品,428.75
22764,家電,430.0
22765,食品,431.25
22766,飲料,432.5
22767,日用品,433.75
22768,家電,435.0
22769,食品,436.25
22770,飲料,437.5
22771,日用品,438.75
22772,家電,440.0
22773,食品,441.25
22774,飲料,442.5
22775,日用品,443.75
22776,家電,445.0
22777,食品,446.25
22778,飲料,447.5
22779,日用品,448.75
22780,家電,450.0
22781,食品,451.25
22782,飲料,452.5
22783,日用品,453.75
22784,家電,455.0
22785,食品,456.25
22786,飲料,457.5
22787,日用品,458.75
22788,家電,460.0
22789,食品,461.25
22790,飲料,462.5
22791,日用品,463.75
22792,家電,465.0
22793,食品,466.25
22794,飲料,467.5
22795,日用品,468.75
22796,家電,470.0
22797,食品,471.25
22798,飲料,472.5
22799,日用品,473.75
22800,家電,475.0
22801,食品,476.25
22802,飲料,477.5
22803,日用品,478.75
22804,家電,480.0
22805,食品,481.25
22806,飲料,482.5
22807,日用品,483.75
22808,家電,485.0
22809,食品,486.25
22810,飲料,487.5
22811,日用品,488.75
22812,家電,490.0
22813,食品,491.25
22814,飲料,492.5
22815,日用品,493.75
22816,家電,495.0
22817,食品,496.25
22818,飲料,497.5
22819,日用品,498.75
22820,家電,500.0
22821,食品,501.25
22822,飲料,502.5
22823,日用品,503.75
22824,家電,505.0
22825,食品,506.25
22826,飲料,507.5
22827,日用品,508.75
22828,家電,510.0
22829,食品,511.25
22830,飲料,512.5
22831,日用品,513.75
22832,家電,515.0
22833,食品,516.25
22834,飲料,517.5
22835,日用品,518.75
22836,家電,520.0
22837,食品,521.25
22838,飲料,522.5
22839,日用品,523.75
22840,家電,525.0
22841,食品,526.25
22842,飲料,527.5
22843,日用品,528.75
22844,家電,530.0
22845,食品,531.25
22846,飲料,532.5
22847,日用品,533.75
22848,家電,535.0
22849,食品,536.25
22850,飲料,537.5
22851,日用品,538.75
22852,家電,540.0
22853,食品,541.25
22854,飲料,542.5
22855,日用品,543.75
22856,家電,545.0
22857,食品,546.25
22858,飲料,547.5
22859,日用品,548.75
22860,家電,550.0
22861,食品,551.25
22862,飲料,552.5
22863,日用品,553.75
22864,家電,555.0
22865,食品,556.25
22866,飲料,557.5
22867,日用品,558.75
22868,家電,560.0
22869,食品,561.25
22870,飲料,562.5
22871,日用品,563.75
22872,家電,565.0
22873,食品,566.25
22874,飲料,567.5
22875,日用品,568.75
22876,家電,570.0
22877,食品,571.25
22878,飲料,572.5
22879,日用品,573.75
22880,家電,575.0
22881,食品,576.25
22882,飲料,577.5
22883,日用品,578.75
22884,家電,580.0
22885,食品,581.25
22886,飲料,582.5
22887,日用品,583.75
22888,家電,585.0
22889,食品,586.25
22890,飲料,587.5
22891,日用品,588.75
22892,家電,590.0
22893,食品,591.25
22894,飲料,592.5
22895,日用品,593.75
22896,家電,595.0
22897,食品,596.25
22898,飲料,597.5
22899,日用品,598.75
22900,家電,600.0
22901,食品,601.25
22902,飲料,602.5
22903,日用品,603.75
22904,家電,605.0
22905,食品,606.25
22906,飲料,607.5
22907,日用品,608.75
22908,家電,610.0
22909,食品,611.25
22910,飲料,612.5
22911,日用品,613.75
22912,家電,615.0
22913,食品,616.25
22914,飲料,617.5
22915,日用品,618.75
22916,家電,620.0
22917,食品,621.25
22918,飲料,622.5
22919,日用品,623.75
22920,家電,625.0
22921,食品,626.25
22922,飲料,627.5
22923,日用品,628.75
22924,家電,630.0
22925,食品,631.25
22926,飲料,632.5
22927,日用品,633.75
22928,家電,635.0
22929,食品,636.25
22930,飲料,637.5
22931,日用品,638.75
22932,家電,640.0
22933,食品,641.25
22934,飲料,642.5
22935,日用品,643.75
22936,家電,645.0
22937,食品,646.25
22938,飲料,647.5
22939,日用品,648.75
22940,家電,650.0
22941,食品,651.25
22942,飲料,652.5
22943,日用品,653.75
22944,家電,655.0
22945,食品,656.25
22946,飲料,657.5
22947,日用品,658.75
22948,家電,660.0
22949,食品,661.25
22950,飲料,662.5
22951,日用品,663.75
22952,家電,665.0
22953,食品,666.25
22954,飲料,667.5
22955,日用品,668.75
22956,家電,670.0
22957,食品,671.25
22958,飲料,672.5
22959,日用品,673.75
22960,家電,675.0
22961,食品,676.25
22962,飲料,677.5
22963,日用品,678.75
22964,家電,680.0
22965,食品,681.25
22966,飲料,682.5
22967,日用品,683.75
22968,家電,685.0
22969,食品,686.25
22970,飲料,687.5
22971,日用品,688.75
22972,家電,690.0
22973,食品,691.25
22974,飲料,692.5
22975,日用品,693.75
22976,家電,695.0
22977,食品,696.25
22978,飲料,697.5
22979,日用品,698.75
22980,家電,700.0
22981,食品,701.25
22982,飲料,702.5
22983,日用品,703.75
22984,家電,705.0
22985,食品,706.25
22986,飲料,707.5
22987,日用品,708.75
22988,家電,710.0
22989,食品,711.25
22990,飲料,712.5
22991,日用品,713.75
22992,家電,715.0
22993,食品,716.25
22994,飲料,717.5
22995,日用品,718.75
22996,家電,720.0
22997,食品,721.25
22998,飲料,722.5
22999,日用品,723.75
23000,家電,100.0
23001,食品,101.25
23002,飲料,102.5
23003,日用品,103.75
23004,家電,105.0
23005,食品,106.25
23006,飲料,107.5
23007,日用品,108.75
23008,家電,110.0
23009,食品,111.25
23010,飲料,112.5
23011,日用品,113.75
23012,家電,115.0
23013,食品,116.25
23014,飲料,117.5
23015,日用品,118.75
23016,家電,120.0
23017,食品,121.25
23018,飲料,122.5
23019,日用品,123.75
23020,家電,125.0
23021,食品,126.25
23022,飲料,127.5
23023,日用品,128.75
23024,家電,130.0
23025,食品,131.25
23026,飲料,132.5
23027,日用品,133.75
23028,家電,135.0
23029,食品,136.25
23030,飲料,137.5
23031,日用品,138.75
23032,家電,140.0
23033,食品,141.25
23034,飲料,142.5
23035,日用品,143.75
23036,家電,145.0
23037,食品,146.25
23038,飲料,147.5
23039,日用品,148.75
23040,家電,150.0
23041,食品,151.25
23042,飲料,152.5
23043,日用品,153.75
23044,家電,155.0
23045,食品,156.25
23046,飲料,157.5
23047,日用品,158.75
23048,家電,160.0
23049,食品,161.25
23050,飲料,162.5
23051,日用品,163.75
23052,家電,165.0
23053,食品,166.25
23054,飲料,167.5
23055,日用品,168.75
23056,家電,170.0
23057,食品,171.25
23058,飲料,172.5
23059,日用品,173.75
23060,家電,175.0
23061,食品,176.25
23062,飲料,177.5
23063,日用品,178.75
23064,家電,180.0
23065,食品,181.25
23066,飲料,182.5
23067,日用品,183.75
23068,家電,185.0
23069,食品,186.25
23070,飲料,187.5
23071,日用品,188.75
23072,家電,190.0
23073,食品,191.25
23074,飲料,192.5
23075,日用品,193.75
23076,家電,195.0
23077,食品,196.25
23078,飲料,197.5
23079,日用品,198.75
23080,家電,200.0
23081,食品,201.25
23082,飲料,202.5
23083,日用品,203.75
23084,家電,205.0
23085,食品,206.25
23086,飲料,207.5
23087,日用品,208.75
23088,家電,210.0
23089,食品,211.25
23090,飲料,212.5
23091,日用品,213.75
23092,家電,215.0
23093,食品,216.25
23094,飲料,217.5
23095,日用品,218.75
23096,家電,220.0
23097,食品,221.25
23098,飲料,222.5
23099,日用品,223.75
23100,家電,225.0
23101,食品,226.25
23102,飲料,227.5
23103,日用品,228.75
23104,家電,230.0
23105,食品,231.25
23106,飲料,232.5
23107,日用品,233.75
23108,家電,235.0
23109,食品,236.25
23110,飲料,237.5
23111,日用品,238.75
23112,家電,240.0
23113,食品,241.25
23114,飲料,242.5
23115,日用品,243.75
23116,家電,245.0
23117,食品,246.25
23118,飲料,247.5
23119,日用品,248.75
23120,家電,250.0
23121,食品,251.25
23122,飲料,252.5
23123,日用品,253.75
23124,家電,255.0
23125,食品,256.25
23126,飲料,257.5
23127,日用品,258.75
23128,家電,260.0
23129,食品,261.25
23130,飲料,262.5
23131,日用品,263.75
23132,家電,265.0
23133,食品,266.25
23134,飲料,267.5
23135,日用品,268.75
23136,家電,270.0
23137,食品,271.25
23138,飲料,272.5
23139,日用品,273.75
23140,家電,275.0
23141,食品,276.25
23142,飲料,277.5
23143,日用品,278.75
23144,家電,280.0
23145,食品,281.25
23146,飲料,282.5
23147,日用品,283.75
23148,家電,285.0
23149,食品,286.25
23150,飲料,287.5
23151,日用品,288.75
23152,家電,290.0
23153,食品,291.25
23154,飲料,292.5
23155,日用品,293.75
23156,家電,295.0
23157,食品,296.25
23158,飲料,297.5
23159,日用品,298.75
23160,家電,300.0
23161,食品,301.25
23162,飲料,302.5
23163,日用品,303.75
23164,家電,305.0
23165,食品,306.25
23166,飲料,307.5
23167,日用品,308.75
23168,家電,310.0
23169,食品,311.25
23170,飲料,312.5
23171,日用品,313.75
23172,家電,315.0
23173,食品,316.25
23174,飲料,317.5
23175,日用品,318.75
23176,家電,320.0
23177,食品,321.25
23178,飲料,322.5
23179,日用品,323.75
23180,家電,325.0
23181,食品,326.25
23182,飲料,327.5
23183,日用品,328.75
23184,家電,330.0
23185,食品,331.25
23186,飲料,332.5
23187,日用品,333.75
23188,家電,335.0
23189,食品,336.25
23190,飲料,337.5
23191,日用品,338.75
23192,家電,340.0
23193,食品,341.25
23194,飲料,342.5
23195,日用品,343.75
23196,家電,345.0
23197,食品,346.25
23198,飲料,347.5
23199,日用品,348.75
23200,家電,350.0
23201,食品,351.25
23202,飲料,352.5
23203,日用品,353.75
23204,家電,355.0
23205,食品,356.25
23206,飲料,357.5
23207,日用品,358.75
23208,家電,360.0
23209,食品,361.25
23210,飲料,362.5
23211,日用品,363.75
23212,家電,365.0
23213,食品,366.25
23214,飲料,367.5
23215,日用品,368.75
23216,家電,370.0
23217,食品,371.25
23218,飲料,372.5
23219,日用品,373.75
23220,家電,375.0
23221,食品,376.25
23222,飲料,377.5
23223,日用品,378.75
23224,家電,380.0
23225,食品,381.25
23226,飲料,382.5
23227,日用品,383.75
23228,家電,385.0
23229,食品,386.25
23230,飲料,387.5
23231,日用品,388.75
23232,家電,390.0
23233,食品,391.25
23234,飲料,392.5
23235,日用品,393.75
23236,家電,395.0
23237,食品,396.25
23238,飲料,397.5
23239,日用品,398.75
23240,家電,400.0
23241,食品,401.25
23242,飲料,402.5
23243,日用品,403.75
23244,家電,405.0
23245,食品,406.25
23246,飲料,407.5
23247,日用品,408.75
23248,家電,410.0
23249,食品,411.25
23250,飲料,412.5
23251,日用品,413.75
23252,家電,415.0
23253,食品,416.25
23254,飲料,417.5
23255,日用品,418.75
23256,家電,420.0
23257,食品,421.25
23258,飲料,422.5
23259,日用品,423.75
23260,家電,425.0
23261,食品,426.25
23262,飲料,427.5
23263,日用品,428.75
23264,家電,430.0
23265,食品,431.25
23266,飲料,432.5
23267,日用品,433.75
23268,家電,435.0
23269,食品,436.25
23270,飲料,437.5
23271,日用品,438.75
23272,家電,440.0
23273,食品,441.25
23274,飲料,442.5
23275,日用品,443.75
23276,家電,445.0
23277,食品,446.25
23278,飲料,447.5
23279,日用品,448.75
23280,家電,450.0
23281,食品,451.25
23282,飲料,452.5
23283,日用品,453.75
23284,家電,455.0
23285,食品,456.25
23286,飲料,457.5
23287,日用品,458.75
23288,家電,460.0
23289,食品,461.25
23290,飲料,462.5
23291,日用品,463.75
23292,家電,465.0
23293,食品,466.25
23294,飲料,467.5
23295,日用品,468.75
23296,家電,470.0
23297,食品,471.25
23298,飲料,472.5
23299,日用品,473.75
23300,家電,475.0
23301,食品,476.25
23302,飲料,477.5
23303,日用品,478.75
23304,家電,480.0
23305,食品,481.25
23306,飲料,482.5
23307,日用品,483.75
23308,家電,485.0
23309,食品,486.25
23310,飲料,487.5
23311,日用品,488.75
23312,家電,490.0
23313,食品,491.25
23314,飲料,492.5
23315,日用品,493.75
23316,家電,495.0
23317,食品,496.25
23318,飲料,497.5
23319,日用品,498.75
23320,家電,500.0
23321,食品,501.25
23322,飲料,502.5
23323,日用品,503.75
23324,家電,505.0
23325,食品,506.25
23326,飲料,507.5
23327,日用品,508.75
23328,家電,510.0
23329,食品,511.25
23330,飲料,512.5
23331,日用品,513.75
23332,家電,515.0
23333,食品,516.25
23334,飲料,517.5
23335,日用品,518.75
23336,家電,520.0
23337,食品,521.25
23338,飲料,522.5
23339,日用品,523.75
23340,家電,525.0
23341,食品,526.25
23342,飲料,527.5
23343,日用品,528.75
23344,家電,530.0
23345,食品,531.25
23346,飲料,532.5
23347,日用品,533.75
23348,家電,535.0
23349,食品,536.25
23350,飲料,537.5
23351,日用品,538.75
23352,家電,540.0
23353,食品,541.25
23354,飲料,542.5
23355,日用品,543.75
23356,家電,545.0
23357,食品,546.25
23358,飲料,547.5
23359,日用品,548.75
23360,家電,550.0
23361,食品,551.25
23362,飲料,552.5
23363,日用品,553.75
23364,家電,555.0
23365,食品,556.25
23366,飲料,557.5
23367,日用品,558.75
23368,家電,560.0
23369,食品,561.25
23370,飲料,562.5
23371,日用品,563.75
23372,家電,565.0
23373,食品,566.25
23374,飲料,567.5
23375,日用品,568.75
23376,家電,570.0
23377,食品,571.25
23378,飲料,572.5
23379,日用品,573.75
23380,家電,575.0
23381,食品,576.25
23382,飲料,577.5
23383,日用品,578.75
23384,家電,580.0
23385,食品,581.25
23386,飲料,582.5
23387,日用品,583.75
23388,家電,585.0
23389,食品,586.25
23390,飲料,587.5
23391,日用品,588.75
23392,家電,590.0
23393,食品,591.25
23394,飲料,592.5
23395,日用品,593.75
23396,家電,595.0
23397,食品,596.25
23398,飲料,597.5
23399,日用品,598.75
23400,家電,600.0
23401,食品,601.25
23402,飲料,602.5
23403,日用品,603.75
23404,家電,605.0
23405,食品,606.25
23406,飲料,607.5
23407,日用品,608.75
23408,家電,610.0
23409,食品,611.25
23410,飲料,612.5
23411,日用品,613.75
23412,家電,615.0
23413,食品,616.25
23414,飲料,617.5
23415,日用品,618.75
23416,家電,620.0
23417,食品,621.25
23418,飲料,622.5
23419,日用品,623.75
23420,家電,625.0
23421,食品,626.25
23422,飲料,627.5
23423,日用品,628.75
23424,家電,630.0
23425,食品,631.25
23426,飲料,632.5
23427,日用品,633.75
23428,家電,635.0
23429,食品,636.25
23430,飲料,637.5
23431,日用品,638.75
23432,家電,640.0
23433,食品,641.25
23434,飲料,642.5
23435,日用品,643.75
23436,家電,645.0
23437,食品,646.25
23438,飲料,647.5
23439,日用品,648.75
23440,家電,650.0
23441,食品,651.25
23442,飲料,652.5
23443,日用品,653.75
23444,家電,655.0
23445,食品,656.25
23446,飲料,657.5
23447,日用品,658.75
23448,家電,660.0
23449,食品,661.25
23450,飲料,662.5
23451,日用品,663.75
23452,家電,665.0
23453,食品,666.25
23454,飲料,667.5
23455,日用品,668.75
23456,家電,670.0
23457,食品,671.25
23458,飲料,672.5
23459,日用品,673.75
23460,家電,675.0
23461,食品,676.25
23462,飲料,677.5
23463,日用品,678.75
23464,家電,680.0
23465,食品,681.25
23466,飲料,682.5
23467,日用品,683.75
23468,家電,685.0
23469,食品,686.25
23470,飲料,687.5
23471,日用品,688.75
23472,家電,690.0
23473,食品,691.25
23474,飲料,692.5
23475,日用品,693.75
23476,家電,695.0
23477,食品,696.25
23478,飲料,697.5
23479,日用品,698.75
23480,家電,700.0
23481,食品,701.25
23482,飲料,702.5
23483,日用品,703.75
23484,家電,705.0
23485,食品,706.25
23486,飲料,707.5
23487,日用品,708.75
23488,家電,710.0
23489,食品,711.25
23490,飲料,712.5
23491,日用品,713.75
23492,家電,715.0
23493,食品,716.25
23494,飲料,717.5
23495,日用品,718.75
23496,家電,720.0
23497,食品,721.25
23498,飲料,722.5
23499,日用品,723.75
23500,家電,100.0
23501,食品,101.25
23502,飲料,102.5
23503,日用品,103.75
23504,家電,105.0
23505,食品,106.25
23506,飲料,107.5
23507,日用品,108.75
23508,家電,110.0
23509,食品,111.25
23510,飲料,112.5
23511,日用品,113.75
23512,家電,115.0
23513,食品,116.25
23514,飲料,117.5
23515,日用品,118.75
23516,家電,120.0
23517,食品,121.25
23518,飲料,122.5
23519,日用品,123.75
23520,家電,125.0
23521,食品,126.25
23522,飲料,127.5
23523,日用品,128.75
23524,家電,130.0
23525,食品,131.25
23526,飲料,132.5
23527,日用品,133.75
23528,家電,135.0
23529,食品,136.25
23530,飲料,137.5
23531,日用品,138.75
23532,家電,140.0
23533,食品,141.25
23534,飲料,142.5
23535,日用品,143.75
23536,家電,145.0
23537,食品,146.25
23538,飲料,147.5
23539,日用品,148.75
23540,家電,150.0
23541,食品,151.25
23542,飲料,152.5
23543,日用品,153.75
23544,家電,155.0
23545,食品,156.25
23546,飲料,157.5
23547,日用品,158.75
23548,家電,160.0
23549,食品,161.25
23550,飲料,162.5
23551,日用品,163.75
23552,家電,165.0
23553,食品,166.25
23554,飲料,167.5
23555,日用品,168.75
23556,家電,170.0
23557,食品,171.25
23558,飲料,172.5
23559,日用品,173.75
23560,家電,175.0
23561,食品,176.25
23562,飲料,177.5
23563,日用品,178.75
23564,家電,180.0
23565,食品,181.25
23566,飲料,182.5
23567,日用品,183.75
23568,家電,185.0
23569,食品,186.25
23570,飲料,187.5
23571,日用品,188.75
23572,家電,190.0
23573,食品,191.25
23574,飲料,192.5
23575,日用品,193.75
23576,家電,195.0
23577,食品,196.25
23578,飲料,197.5
23579,日用品,198.75
23580,家電,200.0
23581,食品,201.25
23582,飲料,202.5
23583,日用品,203.75
23584,家電,205.0
23585,食品,206.25
23586,飲料,207.5
23587,日用品,208.75
23588,家電,210.0
23589,食品,211.25
23590,飲料,212.5
23591,日用品,213.75
23592,家電,215.0
23593,食品,216.25
23594,飲料,217.5
23595,日用品,218.75
23596,家電,220.0
23597,食品,221.25
23598,飲料,222.5
23599,日用品,223.75
23600,家電,225.0
23601,食品,226.25
23602,飲料,227.5
23603,日用品,228.75
23604,家電,230.0
23605,食品,231.25
23606,飲料,232.5
23607,日用品,233.75
23608,家電,235.0
23609,食品,236.25
23610,飲料,237.5
23611,日用品,238.75
23612,家電,240.0
23613,食品,241.25
23614,飲料,242.5
23615,日用品,243.75
23616,家電,245.0
23617,食品,246.25
23618,飲料,247.5
23619,日用品,248.75
23620,家電,250.0
23621,食品,251.25
23622,飲料,252.5
23623,日用品,253.75
23624,家電,255.0
23625,食品,256.25
23626,飲料,257.5
23627,日用品,258.75
23628,家電,260.0
23629,食品,261.25
23630,飲料,262.5
23631,日用品,263.75
23632,家電,265.0
23633,食品,266.25
23634,飲料,267.5
23635,日用品,268.75
23636,家電,270.0
23637,食品,271.25
23638,飲料,272.5
23639,日用品,273.75
23640,家電,275.0
23641,食品,276.25
23642,飲料,277.5
23643,日用品,278.75
23644,家電,280.0
23645,食品,281.25
23646,飲料,282.5
23647,日用品,283.75
23648,家電,285.0
23649,食品,286.25
23650,飲料,287.5
23651,日用品,288.75
23652,家電,290.0
23653,食品,291.25
23654,飲料,292.5
23655,日用品,293.75
23656,家電,295.0
23657,食品,296.25
23658,飲料,297.5
23659,日用品,298.75
23660,家電,300.0
23661,食品,301.25
23662,飲料,302.5
23663,日用品,303.75
23664,家電,305.0
23665,食品,306.25
23666,飲料,307.5
23667,日用品,308.75
23668,家電,310.0
23669,食品,311.25
23670,飲料,312.5
23671,日用品,313.75
23672,家電,315.0
23673,食品,316.25
23674,飲料,317.5
23675,日用品,318.75
23676,家電,320.0
23677,食品,321.25
23678,飲料,322.5
23679,日用品,323.75
23680,家電,325.0
23681,食品,326.25
23682,飲料,327.5
23683,日用品,328.75
23684,家電,330.0
23685,食品,331.25
23686,飲料,332.5
23687,日用品,333.75
23688,家電,335.0
23689,食品,336.25
23690,飲料,337.5
23691,日用品,338.75
23692,家電,340.0
23693,食品,341.25
23694,飲料,342.5
23695,日用品,343.75
23696,家電,345.0
23697,食品,346.25
23698,飲料,347.5
23699,日用品,348.75
23700,家電,350.0
23701,食品,351.25
23702,飲料,352.5
23703,日用品,353.75
23704,家電,355.0
23705,食品,356.25
23706,飲料,357.5
23707,日用品,358.75
23708,家電,360.0
23709,食品,361.25
23710,飲料,362.5
23711,日用品,363.75
23712,家電,365.0
23713,食品,366.25
23714,飲料,367.5
23715,日用品,368.75
23716,家電,370.0
23717,食品,371.25
23718,飲料,372.5
23719,日用品,373.75
23720,家電,375.0
23721,食品,376.25
23722,飲料,377.5
23723,日用品,378.75
23724,家電,380.0
23725,食品,381.25
23726,飲料,382.5
23727,日用品,383.75
23728,家電,385.0
23729,食品,386.25
23730,飲料,387.5
23731,日用品,388.75
23732,家電,390.0
23733,食品,391.25
23734,飲料,392.5
23735,日用品,393.75
23736,家電,395.0
23737,食品,396.25
23738,飲料,397.5
23739,日用品,398.75
23740,家電,400.0
23741,食品,401.25
23742,飲料,402.5
23743,日用品,403.75
23744,家電,405.0
23745,食品,406.25
23746,飲料,407.5
23747,日用品,408.75
23748,家電,410.0
23749,食品,411.25
23750,飲料,412.5
23751,日用品,413.75
23752,家電,415.0
23753,食品,416.25
23754,飲料,417.5
23755,日用品,418.75
23756,家電,420.0
23757,食品,421.25
23758,飲料,422.5
23759,日用品,423.75
23760,家電,425.0
23761,食品,426.25
23762,飲料,427.5
23763,日用品,428.75
23764,家電,430.0
23765,食品,431.25
23766,飲料,432.5
23767,日用品,433.75
23768,家電,435.0
23769,食品,436.25
23770,飲料,437.5
23771,日用品,438.75
23772,家電,440.0
23773,食品,441.25
23774,飲料,442.5
23775,日用品,443.75
23776,家電,445.0
23777,食品,446.25
23778,飲料,447.5
23779,日用品,448.75
23780,家電,450.0
23781,食品,451.25
23782,飲料,452.5
23783,日用品,453.75
23784,家電,455.0
23785,食品,456.25
23786,飲料,457.5
23787,日用品,458.75
23788,家電,460.0
23789,食品,461.25
23790,飲料,462.5
23791,日用品,463.75
23792,家電,465.0
23793,食品,466.25
23794,飲料,467.5
23795,日用品,468.75
23796,家電,470.0
23797,食品,471.25
23798,飲料,472.5
23799,日用品,473.75
23800,家電,475.0
23801,食品,476.25
23802,飲料,477.5
23803,日用品,478.75
23804,家電,480.0
23805,食品,481.25
23806,飲料,482.5
23807,日用品,483.75
23808,家電,485.0
23809,食品,486.25
23810,飲料,487.5
23811,日用品,488.75
23812,家電,490.0
23813,食品,491.25
23814,飲料,492.5
23815,日用品,493.75
23816,家電,495.0
23817,食品,496.25
23818,飲料,497.5
23819,日用品,498.75
23820,家電,500.0
23821,食品,501.25
23822,飲料,502.5
23823,日用品,503.75
23824,家電,505.0
23825,食品,506.25
23826,飲料,507.5
23827,日用品,508.75
23828,家電,510.0
23829,食品,511.25
23830,飲料,512.5
23831,日用品,513.75
23832,家電,515.0
23833,食品,516.25
23834,飲料,517.5
23835,日用品,518.75
23836,家電,520.0
23837,食品,521.25
23838,飲料,522.5
23839,日用品,523.75
23840,家電,525.0
23841,食品,526.25
23842,飲料,527.5
23843,日用品,528.75
23844,家電,530.0
23845,食品,531.25
23846,飲料,532.5
23847,日用品,533.75
23848,家電,535.0
23849,食品,536.25
23850,飲料,537.5
23851,日用品,538.75
23852,家電,540.0
23853,食品,541.25
23854,飲料,542.5
23855,日用品,543.75
23856,家電,545.0
23857,食品,546.25
23858,飲料,547.5
23859,日用品,548.75
23860,家電,550.0
23861,食品,551.25
23862,飲料,552.5
23863,日用品,553.75
23864,家電,555.0
23865,食品,556.25
23866,飲料,557.5
23867,日用品,558.75
23868,家電,560.0
23869,食品,561.25
23870,飲料,562.5
23871,日用品,563.75
23872,家電,565.0
23873,食品,566.25
23874,飲料,567.5
23875,日用品,568.75
23876,家電,570.0
23877,食品,571.25
23878,飲料,572.5
23879,日用品,573.75
23880,家電,575.0
23881,食品,576.25
23882,飲料,577.5
23883,日用品,578.75
23884,家電,580.0
23885,食品,581.25
23886,飲料,582.5
23887,日用品,583.75
23888,家電,585.0
23889,食品,586.25
23890,飲料,587.5
23891,日用品,588.75
23892,家電,590.0
23893,食品,591.25
23894,飲料,592.5
23895,日用品,593.75
23896,家電,595.0
23897,食品,596.25
23898,飲料,597.5
23899,日用品,598.75
23900,家電,600.0
23901,食品,601.25
23902,飲料,602.5
23903,日用品,603.75
23904,家電,605.0
23905,食品,606.25
23906,飲料,607.5
23907,日用品,608.75
23908,家電,610.0
23909,食品,611.25
23910,飲料,612.5
23911,日用品,613.75
23912,家電,615.0
23913,食品,616.25
23914,飲料,617.5
23915,日用品,618.75
23916,家電,620.0
23917,食品,621.25
23918,飲料,622.5
23919,日用品,623.75
23920,家電,625.0
23921,食品,626.25
23922,飲料,627.5
23923,日用品,628.75
23924,家電,630.0
23925,食品,631.25
23926,飲料,632.5
23927,日用品,633.75
23928,家電,635.0
23929,食品,636.25
23930,飲料,637.5
23931,日用品,638.75
23932,家電,640.0
23933,食品,641.25
23934,飲料,642.5
23935,日用品,643.75
23936,家電,645.0
23937,食品,646.25
23938,飲料,647.5
23939,日用品,648.75
23940,家電,650.0
23941,食品,651.25
23942,飲料,652.5
23943,日用品,653.75
23944,家電,655.0
23945,食品,656.25
23946,飲料,657.5
23947,日用品,658.75
23948,家電,660.0
23949,食品,661.25
23950,飲料,662.5
23951,日用品,663.75
23952,家電,665.0
23953,食品,666.25
23954,飲料,667.5
23955,日用品,668.75
23956,家電,670.0
23957,食品,671.25
23958,飲料,672.5
23959,日用品,673.75
23960,家電,675.0
23961,食品,676.25
23962,飲料,677.5
23963,日用品,678.75
23964,家電,680.0
23965,食品,681.25
23966,飲料,682.5
23967,日用品,683.75
23968,家電,685.0
23969,食品,686.25
23970,飲料,687.5
23971,日用品,688.75
23972,家電,690.0
23973,食品,691.25
23974,飲料,692.5
23975,日用品,693.75
23976,家電,695.0
23977,食品,696.25
23978,飲料,697.5
23979,日用品,698.75
23980,家電,700.0
23981,食品,701.25
23982,飲料,702.5
23983,日用品,703.75
23984,家電,705.0
23985,食品,706.25
23986,飲料,707.5
23987,日用品,708.75
23988,家電,710.0
23989,食品,711.25
23990,飲料,712.5
23991,日用品,713.75
23992,家電,715.0
23993,食品,716.25
23994,飲料,717.5
23995,日用品,718.75
23996,家電,720.0
23997,食品,721.25
23998,飲料,722.5
23999,日用品,723.75
24000,家電,100.0
24001,食品,101.25
24002,飲料,102.5
24003,日用品,103.75
24004,家電,105.0
24005,食品,106.25
24006,飲料,107.5
24007,日用品,108.75
24008,家電,110.0
24009,食品,111.25
24010,飲料,112.5
24011,日用品,113.75
24012,家電,115.0
24013,食品,116.25
24014,飲料,117.5
24015,日用品,118.75
24016,家電,120.0
24017,食品,121.25
24018,飲料,122.5
24019,日用品,123.75
24020,家電,125.0
24021,食品,126.25
24022,飲料,127.5
24023,日用品,128.75
24024,家電,130.0
24025,食品,131.25
24026,飲料,132.5
24027,日用品,133.75
24028,家電,135.0
24029,食品,136.25
24030,飲料,137.5
24031,日用品,138.75
24032,家電,140.0
24033,食品,141.25
24034,飲料,142.5
24035,日用品,143.75
24036,家電,145.0
24037,食品,146.25
24038,飲料,147.5
24039,日用品,148.75
24040,家電,150.0
24041,食品,151.25
24042,飲料,152.5
24043,日用品,153.75
24044,家電,155.0
24045,食品,156.25
24046,飲料,157.5
24047,日用品,158.75
24048,家電,160.0
24049,食品,161.25
24050,飲料,162.5
24051,日用品,163.75
24052,家電,165.0
24053,食品,166.25
24054,飲料,167.5
24055,日用品,168.75
24056,家電,170.0
24057,食品,171.25
24058,飲料,172.5
24059,日用品,173.75
24060,家電,175.0
24061,食品,176.25
24062,飲料,177.5
24063,日用品,178.75
24064,家電,180.0
24065,食品,181.25
24066,飲料,182.5
24067,日用品,183.75
24068,家電,185.0
24069,食品,186.25
24070,飲料,187.5
24071,日用品,188.75
24072,家電,190.0
24073,食品,191.25
24074,飲料,192.5
24075,日用品,193.75
24076,家電,195.0
24077,食品,196.25
24078,飲料,197.5
24079,日用品,198.75
24080,家電,200.0
24081,食品,201.25
24082,飲料,202.5
24083,日用品,203.75
24084,家電,205.0
24085,食品,206.25
24086,飲料,207.5
24087,日用品,208.75
24088,家電,210.0
24089,食品,211.25
24090,飲料,212.5
24091,日用品,213.75
24092,家電,215.0
24093,食品,216.25
24094,飲料,217.5
24095,日用品,218.75
24096,家電,220.0
24097,食品,221.25
24098,飲料,222.5
24099,日用品,223.75
24100,家電,225.0
24101,食品,226.25
24102,飲料,227.5
24103,日用品,228.75
24104,家電,230.0
24105,食品,231.25
24106,飲料,232.5
24107,日用品,233.75
24108,家電,235.0
24109,食品,236.25
24110,飲料,237.5
24111,日用品,238.75
24112,家電,240.0
24113,食品,241.25
24114,飲料,242.5
24115,日用品,243.75
24116,家電,245.0
24117,食品,246.25
24118,飲料,247.5
24119,日用品,248.75
24120,家電,250.0
24121,食品,251.25
24122,飲料,252.5
24123,日用品,253.75
24124,家電,255.0
24125,食品,256.25
24126,飲料,257.5
24127,日用品,258.75
24128,家電,260.0
24129,食品,261.25
24130,飲料,262.5
24131,日用品,263.75
24132,家電,265.0
24133,食品,266.25
24134,飲料,267.5
24135,日用品,268.75
24136,家電,270.0
24137,食品,271.25
24138,飲料,272.5
24139,日用品,273.75
24140,家電,275.0
24141,食品,276.25
24142,飲料,277.5
24143,日用品,278.75
24144,家電,280.0
24145,食品,281.25
24146,飲料,282.5
24147,日用品,283.75
24148,家電,285.0
24149,食品,286.25
24150,飲料,287.5
24151,日用品,288.75
24152,家電,290.0
24153,食品,291.25
24154,飲料,292.5
24155,日用品,293.75
24156,家電,295.0
24157,食品,296.25
24158,飲料,297.5
24159,日用品,298.75
24160,家電,300.0
24161,食品,301.25
24162,飲料,302.5
24163,日用品,303.75
24164,家電,305.0
24165,食品,306.25
24166,飲料,307.5
24167,日用品,308.75
24168,家電,310.0
24169,食品,311.25
24170,飲料,312.5
24171,日用品,313.75
24172,家電,315.0
24173,食品,316.25
24174,飲料,317.5
24175,日用品,318.75
24176,家電,320.0
24177,食品,321.25
24178,飲料,322.5
24179,日用品,323.75
24180,家電,325.0
24181,食品,326.25
24182,飲料,327.5
24183,日用品,328.75
24184,家電,330.0
24185,食品,331.25
24186,飲料,332.5
24187,日用品,333.75
24188,家電,335.0
24189,食品,336.25
24190,飲料,337.5
24191,日用品,338.75
24192,家電,340.0
24193,食品,341.25
24194,飲料,342.5
24195,日用品,343.75
24196,家電,345.0
24197,食品,346.25
24198,飲料,347.5
24199,日用品,348.75
24200,家電,350.0
24201,食品,351.25
24202,飲料,352.5
24203,日用品,353.75
24204,家電,355.0
24205,食品,356.25
24206,飲料,357.5
24207,日用品,358.75
24208,家電,360.0
24209,食品,361.25
24210,飲料,362.5
24211,日用品,363.75
24212,家電,365.0
24213,食品,366.25
24214,飲料,367.5
24215,日用品,368.75
24216,家電,370.0
24217,食品,371.25
24218,飲料,372.5
24219,日用品,373.75
24220,家電,375.0
24221,食品,376.25
24222,飲料,377.5
24223,日用品,378.75
24224,家電,380.0
24225,食品,381.25
24226,飲料,382.5
24227,日用品,383.75
24228,家電,385.0
24229,食品,386.25
24230,飲料,387.5
24231,日用品,388.75
24232,家電,390.0
24233,食品,391.25
24234,飲料,392.5
24235,日用品,393.75
24236,家電,395.0
24237,食品,396.25
24238,飲料,397.5
24239,日用品,398.75
24240,家電,400.0
24241,食品,401.25
24242,飲料,402.5
24243,日用品,403.75
24244,家電,405.0
24245,食品,406.25
24246,飲料,407.5
24247,日用品,408.75
24248,家電,410.0
24249,食品,411.25
24250,飲料,412.5
24251,日用品,413.75
24252,家電,415.0
24253,食品,416.25
24254,飲料,417.5
24255,日用品,418.75
24256,家電,420.0
24257,食品,421.25
24258,飲料,422.5
24259,日用品,423.75
24260,家電,425.0
24261,食品,426.25
24262,飲料,427.5
24263,日用品,428.75
24264,家電,430.0
24265,食品,431.25
24266,飲料,432.5
24267,日用品,433.75
24268,家電,435.0
24269,食品,436.25
24270,飲料,437.5
24271,日用品,438.75
24272,家電,440.0
24273,食品,441.25
24274,飲料,442.5
24275,日用品,443.75
24276,家電,445.0
24277,食品,446.25
24278,飲料,447.5
24279,日用品,448.75
24280,家電,450.0
24281,食品,451.25
24282,飲料,452.5
24283,日用品,453.75
24284,家電,455.0
24285,食品,456.25
24286,飲料,457.5
24287,日用品,458.75
24288,家電,460.0
24289,食品,461.25
24290,飲料,462.5
24291,日用品,463.75
24292,家電,465.0
24293,食品,466.25
24294,飲料,467.5
24295,日用品,468.75
24296,家電,470.0
24297,食品,471.25
24298,飲料,472.5
24299,日用品,473.75
24300,家電,475.0
24301,食品,476.25
24302,飲料,477.5
24303,日用品,478.75
24304,家電,480.0
24305,食品,481.25
24306,飲料,482.5
24307,日用品,483.75
24308,家電,485.0
24309,食品,486.25
24310,飲料,487.5
24311,日用品,488.75
24312,家電,490.0
24313,食品,491.25
24314,飲料,492.5
24315,日用品,493.75
24316,家電,495.0
24317,食品,496.25
24318,飲料,497.5
24319,日用品,498.75
24320,家電,500.0
24321,食品,501.25
24322,飲料,502.5
24323,日用品,503.75
24324,家電,505.0
24325,食品,506.25
24326,飲料,507.5
24327,日用品,508.75
24328,家電,510.0
24329,食品,511.25
24330,飲料,512.5
24331,日用品,513.75
24332,家電,515.0
24333,食品,516.25
24334,飲料,517.5
24335,日用品,518.75
24336,家電,520.0
24337,食品,521.25
24338,飲料,522.5
24339,日用品,523.75
24340,家電,525.0
24341,食品,526.25
24342,飲料,527.5
24343,日用品,528.75
24344,家電,530.0
24345,食品,531.25
24346,飲料,532.5
24347,日用品,533.75
24348,家電,535.0
24349,食品,536.25
24350,飲料,537.5
24351,日用品,538.75
24352,家電,540.0
24353,食品,541.25
24354,飲料,542.5
24355,日用品,543.75
24356,家電,545.0
24357,食品,546.25
24358,飲料,547.5
24359,日用品,548.75
24360,家電,550.0
24361,食品,551.25
24362,飲料,552.5
24363,日用品,553.75
24364,家電,555.0
24365,食品,556.25
24366,飲料,557.5
24367,日用品,558.75
24368,家電,560.0
24369,食品,561.25
24370,飲料,562.5
24371,日用品,563.75
24372,家電,565.0
24373,食品,566.25
24374,飲料,567.5
24375,日用品,568.75
24376,家電,570.0
24377,食品,571.25
24378,飲料,572.5
24379,日用品,573.75
24380,家電,575.0
24381,食品,576.25
24382,飲料,577.5
24383,日用品,578.75
24384,家電,580.0
24385,食品,581.25
24386,飲料,582.5
24387,日用品,583.75
24388,家電,585.0
24389,食品,586.25
24390,飲料,587.5
24391,日用品,588.75
24392,家電,590.0
24393,食品,591.25
24394,飲料,592.5
24395,日用品,593.75
24396,家電,595.0
24397,食品,596.25
24398,飲料,597.5
24399,日用品,598.75
24400,家電,600.0
24401,食品,601.25
24402,飲料,602.5
24403,日用品,603.75
24404,家電,605.0
24405,食品,606.25
24406,飲料,607.5
24407,日用品,608.75
24408,家電,610.0
24409,食品,611.25
24410,飲料,612.5
24411,日用品,613.75
24412,家電,615.0
24413,食品,616.25
24414,飲料,617.5
24415,日用品,618.75
24416,家電,620.0
24417,食品,621.25
24418,飲料,622.5
24419,日用品,623.75
24420,家電,625.0
24421,食品,626.25
24422,飲料,627.5
24423,日用品,628.75
24424,家電,630.0
24425,食品,631.25
24426,飲料,632.5
24427,日用品,633.75
24428,家電,635.0
24429,食品,636.25
24430,飲料,637.5
24431,日用品,638.75
24432,家電,640.0
24433,食品,641.25
24434,飲料,642.5
24435,日用品,643.75
24436,家電,645.0
24437,食品,646.25
24438,飲料,647.5
24439,日用品,648.75
24440,家電,650.0
24441,食品,651.25
24442,飲料,652.5
24443,日用品,653.75
24444,家電,655.0
24445,食品,656.25
24446,飲料,657.5
24447,日用品,658.75
24448,家電,660.0
24449,食品,661.25
24450,飲料,662.5
24451,日用品,663.75
24452,家電,665.0
24453,食品,666.25
24454,飲料,667.5
24455,日用品,668.75
24456,家電,670.0
24457,食品,671.25
24458,飲料,672.5
24459,日用品,673.75
24460,家電,675.0
24461,食品,676.25
24462,飲料,677.5
24463,日用品,678.75
24464,家電,680.0
24465,食品,681.25
24466,飲料,682.5
24467,日用品,683.75
24468,家電,685.0
24469,食品,686.25
24470,飲料,687.5
24471,日用品,688.75
24472,家電,690.0
24473,食品,691.25
24474,飲料,692.5
24475,日用品,693.75
24476,家電,695.0
24477,食品,696.25
24478,飲料,697.5
24479,日用品,698.75
24480,家電,700.0
24481,食品,701.25
24482,飲料,702.5
24483,日用品,703.75
24484,家電,705.0
24485,食品,706.25
24486,飲料,707.5
24487,日用品,708.75
24488,家電,710.0
24489,食品,711.25
24490,飲料,712.5
24491,日用品,713.75
24492,家電,715.0
24493,食品,716.25
24494,飲料,717.5
24495,日用品,718.75
24496,家電,720.0
24497,食品,721.25
24498,飲料,722.5
24499,日用品,723.75
24500,家電,100.0
24501,食品,101.25
24502,飲料,102.5
24503,日用品,103.75
24504,家電,105.0
24505,食品,106.25
24506,飲料,107.5
24507,日用品,108.75
24508,家電,110.0
24509,食品,111.25
24510,飲料,112.5
24511,日用品,113.75
24512,家電,115.0
24513,食品,116.25
24514,飲料,117.5
24515,日用品,118.75
24516,家電,120.0
24517,食品,121.25
24518,飲料,122.5
24519,日用品,123.75
24520,家電,125.0
24521,食品,126.25
24522,飲料,127.5
24523,日用品,128.75
24524,家電,130.0
24525,食品,131.25
24526,飲料,132.5
24527,日用品,133.75
24528,家電,135.0
24529,食品,136.25
24530,飲料,137.5
24531,日用品,138.75
24532,家電,140.0
24533,食品,141.25
24534,飲料,142.5
24535,日用品,143.75
24536,家電,145.0
24537,食品,146.25
24538,飲料,147.5
24539,日用品,148.75
24540,家電,150.0
24541,食品,151.25
24542,飲料,152.5
24543,日用品,153.75
24544,家電,155.0
24545,食品,156.25
24546,飲料,157.5
24547,日用品,158.75
24548,家電,160.0
24549,食品,161.25
24550,飲料,162.5
24551,日用品,163.75
24552,家電,165.0
24553,食品,166.25
24554,飲料,167.5
24555,日用品,168.75
24556,家電,170.0
24557,食品,171.25
24558,飲料,172.5
24559,日用品,173.75
24560,家電,175.0
24561,食品,176.25
24562,飲料,177.5
24563,日用品,178.75
24564,家電,180.0
24565,食品,181.25
24566,飲料,182.5
24567,日用品,183.75
24568,家電,185.0
24569,食品,186.25
24570,飲料,187.5
24571,日用品,188.75
24572,家電,190.0
24573,食品,191.25
24574,飲料,192.5
24575,日用品,193.75
24576,家電,195.0
24577,食品,196.25
24578,飲料,197.5
24579,日用品,198.75
24580,家電,200.0
24581,食品,201.25
24582,飲料,202.5
24583,日用品,203.75
24584,家電,205.0
24585,食品,206.25
24586,飲料,207.5
24587,日用品,208.75
24588,家電,210.0
24589,食品,211.25
24590,飲料,212.5
24591,日用品,213.75
24592,家電,215.0
24593,食品,216.25
24594,飲料,217.5
24595,日用品,218.75
24596,家電,220.0
24597,食品,221.25
24598,飲料,222.5
24599,日用品,223.75
24600,家電,225.0
24601,食品,226.25
24602,飲料,227.5
24603,日用品,228.75
24604,家電,230.0
24605,食品,231.25
24606,飲料,232.5
24607,日用品,233.75
24608,家電,235.0
24609,食品,236.25
24610,飲料,237.5
24611,日用品,238.75
24612,家電,240.0
24613,食品,241.25
24614,飲料,242.5
24615,日用品,243.75
24616,家電,245.0
24617,食品,246.25
24618,飲料,247.5
24619,日用品,248.75
24620,家電,250.0
24621,食品,251.25
24622,飲料,252.5
24623,日用品,253.75
24624,家電,255.0
24625,食品,256.25
24626,飲料,257.5
24627,日用品,258.75
24628,家電,260.0
24629,食品,261.25
24630,飲料,262.5
24631,日用品,263.75
24632,家電,265.0
24633,食品,266.25
24634,飲料,267.5
24635,日用品,268.75
24636,家電,270.0
24637,食品,271.25
24638,飲料,272.5
24639,日用品,273.75
24640,家電,275.0
24641,食品,276.25
24642,飲料,277.5
24643,日用品,278.75
24644,家電,280.0
24645,食品,281.25
24646,飲料,282.5
24647,日用品,283.75
24648,家電,285.0
24649,食品,286.25
24650,飲料,287.5
24651,日用品,288.75
24652,家電,290.0
24653,食品,291.25
24654,飲料,292.5
24655,日用品,293.75
24656,家電,295.0
24657,食品,296.25
24658,飲料,297.5
24659,日用品,298.75
24660,家電,300.0
24661,食品,301.25
24662,飲料,302.5
24663,日用品,303.75
24664,家電,305.0
24665,食品,306.25
24666,飲料,307.5
24667,日用品,308.75
24668,家電,310.0
24669,食品,311.25
24670,飲料,312.5
24671,日用品,313.75
24672,家電,315.0
24673,食品,316.25
24674,飲料,317.5
24675,日用品,318.75
24676,家電,320.0
24677,食品,321.25
24678,飲料,322.5
24679,日用品,323.75
24680,家電,325.0
24681,食品,326.25
24682,飲料,327.5
24683,日用品,328.75
24684,家電,330.0
24685,食品,331.25
24686,飲料,332.5
24687,日用品,333.75
24688,家電,335.0
24689,食品,336.25
24690,飲料,337.5
24691,日用品,338.75
24692,家電,340.0
24693,食品,341.25
24694,飲料,342.5
24695,日用品,343.75
24696,家電,345.0
24697,食品,346.25
24698,飲料,347.5
24699,日用品,348.75
24700,家電,350.0
24701,食品,351.25
24702,飲料,352.5
24703,日用品,353.75
24704,家電,355.0
24705,食品,356.25
24706,飲料,357.5
24707,日用品,358.75
24708,家電,360.0
24709,食品,361.25
24710,飲料,362.5
24711,日用品,363.75
24712,家電,365.0
24713,食品,366.25
24714,飲料,367.5
24715,日用品,368.75
24716,家電,370.0
24717,食品,371.25
24718,飲料,372.5
24719,日用品,373.75
24720,家電,375.0
24721,食品,376.25
24722,飲料,377.5
24723,日用品,378.75
24724,家電,380.0
24725,食品,381.25
24726,飲料,382.5
24727,日用品,383.75
24728,家電,385.0
24729,食品,386.25
24730,飲料,387.5
24731,日用品,388.75
24732,家電,390.0
24733,食品,391.25
24734,飲料,392.5
24735,日用品,393.75
24736,家電,395.0
24737,食品,396.25
24738,飲料,397.5
24739,日用品,398.75
24740,家電,400.0
24741,食品,401.25
24742,飲料,402.5
24743,日用品,403.75
24744,家電,405.0
24745,食品,406.25
24746,飲料,407.5
24747,日用品,408.75
24748,家電,410.0
24749,食品,411.25
24750,飲料,412.5
24751,日用品,413.75
24752,家電,415.0
24753,食品,416.25
24754,飲料,417.5
24755,日用品,418.75
24756,家電,420.0
24757,食品,421.25
24758,飲料,422.5
24759,日用品,423.75
24760,家電,425.0
24761,食品,426.25
24762,飲料,427.5
24763,日用品,428.75
24764,家電,430.0
24765,食品,431.25
24766,飲料,432.5
24767,日用品,433.75
24768,家電,435.0
24769,食品,436.25
24770,飲料,437.5
24771,日用品,438.75
24772,家電,440.0
24773,食品,441.25
24774,飲料,442.5
24775,日用品,443.75
24776,家電,445.0
24777,食品,446.25
24778,飲料,447.5
24779,日用品,448.75
24780,家電,450.0
24781,食品,451.25
24782,飲料,452.5
24783,日用品,453.75
24784,家電,455.0
24785,食品,456.25
24786,飲料,457.5
24787,日用品,458.75
24788,家電,460.0
24789,食品,461.25
24790,飲料,462.5
24791,日用品,463.75
24792,家電,465.0
24793,食品,466.25
24794,飲料,467.5
24795,日用品,468.75
24796,家電,470.0
24797,食品,471.25
24798,飲料,472.5
24799,日用品,473.75
24800,家電,475.0
24801,食品,476.25
24802,飲料,477.5
24803,日用品,478.75
24804,家電,480.0
24805,食品,481.25
24806,飲料,482.5
24807,日用品,483.75
24808,家電,485.0
24809,食品,486.25
24810,飲料,487.5
24811,日用品,488.75
24812,家電,490.0
24813,食品,491.25
24814,飲料,492.5
24815,日用品,493.75
24816,家電,495.0
24817,食品,496.25
24818,飲料,497.5
24819,日用品,498.75
24820,家電,500.0
24821,食品,501.25
24822,飲料,502.5
24823,日用品,503.75
24824,家電,505.0
24825,食品,506.25
24826,飲料,507.5
24827,日用品,508.75
24828,家電,510.0
24829,食品,511.25
24830,飲料,512.5
24831,日用品,513.75
24832,家電,515.0
24833,食品,516.25
24834,飲料,517.5
24835,日用品,518.75
24836,家電,520.0
24837,食品,521.25
24838,飲料,522.5
24839,日用品,523.75
24840,家電,525.0
24841,食品,526.25
24842,飲料,527.5
24843,日用品,528.75
24844,家電,530.0
24845,食品,531.25
24846,飲料,532.5
24847,日用品,533.75
24848,家電,535.0
24849,食品,536.25
24850,飲料,537.5
24851,日用品,538.75
24852,家電,540.0
24853,食品,541.25
24854,飲料,542.5
24855,日用品,543.75
24856,家電,545.0
24857,食品,546.25
24858,飲料,547.5
24859,日用品,548.75
24860,家電,550.0
24861,食品,551.25
24862,飲料,552.5
24863,日用品,553.75
24864,家電,555.0
24865,食品,556.25
24866,飲料,557.5
24867,日用品,558.75
24868,家電,560.0
24869,食品,561.25
24870,飲料,562.5
24871,日用品,563.75
24872,家電,565.0
24873,食品,566.25
24874,飲料,567.5
24875,日用品,568.75
24876,家電,570.0
24877,食品,571.25
24878,飲料,572.5
24879,日用品,573.75
24880,家電,575.0
24881,食品,576.25
24882,飲料,577.5
24883,日用品,578.75
24884,家電,580.0
24885,食品,581.25
24886,飲料,582.5
24887,日用品,583.75
24888,家電,585.0
24889,食品,586.25
24890,飲料,587.5
24891,日用品,588.75
24892,家電,590.0
24893,食品,591.25
24894,飲料,592.5
24895,日用品,593.75
24896,家電,595.0
24897,食品,596.25
24898,飲料,597.5
24899,日用品,598.75
24900,家電,600.0
24901,食品,601.25
24902,飲料,602.5
24903,日用品,603.75
24904,家電,605.0
24905,食品,606.25
24906,飲料,607.5
24907,日用品,608.75
24908,家電,610.0
24909,食品,611.25
24910,飲料,612.5
24911,日用品,613.75
24912,家電,615.0
24913,食品,616.25
24914,飲料,617.5
24915,日用品,618.75
24916,家電,620.0
24917,食品,621.25
24918,飲料,622.5
24919,日用品,623.75
24920,家電,625.0
24921,食品,626.25
24922,飲料,627.5
24923,日用品,628.75
24924,家電,630.0
24925,食品,631.25
24926,飲料,632.5
24927,日用品,633.75
24928,家電,635.0
24929,食品,636.25
24930,飲料,637.5
24931,日用品,638.75
24932,家電,640.0
24933,食品,641.25
24934,飲料,642.5
24935,日用品,643.75
24936,家電,645.0
24937,食品,646.25
24938,飲料,647.5
24939,日用品,648.75
24940,家電,650.0
24941,食品,651.25
24942,飲料,652.5
24943,日用品,653.75
24944,家電,655.0
24945,食品,656.25
24946,飲料,657.5
24947,日用品,658.75
24948,家電,660.0
24949,食品,661.25
24950,飲料,662.5
24951,日用品,663.75
24952,家電,665.0
24953,食品,666.25
24954,飲料,667.5
24955,日用品,668.75
24956,家電,670.0
24957,食品,671.25
24958,飲料,672.5
24959,日用品,673.75
24960,家電,675.0
24961,食品,676.25
24962,飲料,677.5
24963,日用品,678.75
24964,家電,680.0
24965,食品,681.25
24966,飲料,682.5
24967,日用品,683.75
24968,家電,685.0
24969,食品,686.25
24970,飲料,687.5
24971,日用品,688.75
24972,家電,690.0
24973,食品,691.25
24974,飲料,692.5
24975,日用品,693.75
24976,家電,695.0
24977,食品,696.25
24978,飲料,697.5
24979,日用品,698.75
24980,家電,700.0
24981,食品,701.25
24982,飲料,702.5
24983,日用品,703.75
24984,家電,705.0
24985,食品,706.25
24986,飲料,707.5
24987,日用品,708.75
24988,家電,710.0
24989,食品,711.25
24990,飲料,712.5
24991,日用品,713.75
24992,家電,715.0
24993,食品,716.25
24994,飲料,717.5
24995,日用品,718.75
24996,家電,720.0
24997,食品,721.25
24998,飲料,722.5
24999,日用品,723.75
25000,家電,100.0
25001,食品,101.25
25002,飲料,102.5
25003,日用品,103.75
25004,家電,105.0
25005,食品,106.25
25006,飲料,107.5
25007,日用品,108.75
25008,家電,110.0
25009,食品,111.25
25010,飲料,112.5
25011,日用品,113.75
25012,家電,115.0
25013,食品,116.25
25014,飲料,117.5
25015,日用品,118.75
25016,家電,120.0
25017,食品,121.25
25018,飲料,122.5
25019,日用品,123.75
25020,家電,125.0
25021,食品,126.25
25022,飲料,127.5
25023,日用品,128.75
25024,家電,130.0
25025,食品,131.25
25026,飲料,132.5
25027,日用品,133.75
25028,家電,135.0
25029,食品,136.25
25030,飲料,137.5
25031,日用品,138.75
25032,家電,140.0
25033,食品,141.25
25034,飲料,142.5
25035,日用品,143.75
25036,家電,145.0
25037,食品,146.25
25038,飲料,147.5
25039,日用品,148.75
25040,家電,150.0
25041,食品,151.25
25042,飲料,152.5
25043,日用品,153.75
25044,家電,155.0
25045,食品,156.25
25046,飲料,157.5
25047,日用品,158.75
25048,家電,160.0
25049,食品,161.25
25050,飲料,162.5
25051,日用品,163.75
25052,家電,165.0
25053,食品,166.25
25054,飲料,167.5
25055,日用品,168.75
25056,家電,170.0
25057,食品,171.25
25058,飲料,172.5
25059,日用品,173.75
25060,家電,175.0
25061,食品,176.25
25062,飲料,177.5
25063,日用品,178.75
25064,家電,180.0
25065,食品,181.25
25066,飲料,182.5
25067,日用品,183.75
25068,家電,185.0
25069,食品,186.25
25070,飲料,187.5
25071,日用品,188.75
25072,家電,190.0
25073,食品,191.25
25074,飲料,192.5
25075,日用品,193.75
25076,家電,195.0
25077,食品,196.25
25078,飲料,197.5
25079,日用品,198.75
25080,家電,200.0
25081,食品,201.25
25082,飲料,202.5
25083,日用品,203.75
25084,家電,205.0
25085,食品,206.25
25086,飲料,207.5
25087,日用品,208.75
25088,家電,210.0
25089,食品,211.25
25090,飲料,212.5
25091,日用品,213.75
25092,家電,215.0
25093,食品,216.25
25094,飲料,217.5
25095,日用品,218.75
25096,家電,220.0
25097,食品,221.25
25098,飲料,222.5
25099,日用品,223.75
25100,家電,225.0
25101,食品,226.25
25102,飲料,227.5
25103,日用品,228.75
25104,家電,230.0
25105,食品,231.25
25106,飲料,232.5
25107,日用品,233.75
25108,家電,235.0
25109,食品,236.25
25110,飲料,237.5
25111,日用品,238.75
25112,家電,240.0
25113,食品,241.25
25114,飲料,242.5
25115,日用品,243.75
25116,家電,245.0
25117,食品,246.25
25118,飲料,247.5
25119,日用品,248.75
25120,家電,250.0
25121,食品,251.25
25122,飲料,252.5
25123,日用品,253.75
25124,家電,255.0
25125,食品,256.25
25126,飲料,257.5
25127,日用品,258.75
25128,家電,260.0
25129,食品,261.25
25130,飲料,262.5
25131,日用品,263.75
25132,家電,265.0
25133,食品,266.25
25134,飲料,267.5
25135,日用品,268.75
25136,家電,270.0
25137,食品,271.25
25138,飲料,272.5
25139,日用品,273.75
25140,家電,275.0
25141,食品,276.25
25142,飲料,277.5
25143,日用品,278.75
25144,家電,280.0
25145,食品,281.25
25146,飲料,282.5
25147,日用品,283.75
25148,家電,285.0
25149,食品,286.25
25150,飲料,287.5
25151,日用品,288.75
25152,家電,290.0
25153,食品,291.25
25154,飲料,292.5
25155,日用品,293.75
25156,家電,295.0
25157,食品,296.25
25158,飲料,297.5
25159,日用品,298.75
25160,家電,300.0
25161,食品,301.25
25162,飲料,302.5
25163,日用品,303.75
25164,家電,305.0
25165,食品,306.25
25166,飲料,307.5
25167,日用品,308.75
25168,家電,310.0
25169,食品,311.25
25170,飲料,312.5
25171,日用品,313.75
25172,家電,315.0
25173,食品,316.25
25174,飲料,317.5
25175,日用品,318.75
25176,家電,320.0
25177,食品,321.25
25178,飲料,322.5
25179,日用品,323.75
25180,家電,325.0
25181,食品,326.25
25182,飲料,327.5
25183,日用品,328.75
25184,家電,330.0
25185,食品,331.25
25186,飲料,332.5
25187,日用品,333.75
25188,家電,335.0
25189,食品,336.25
25190,飲料,337.5
25191,日用品,338.75
25192,家電,340.0
25193,食品,341.25
25194,飲料,342.5
25195,日用品,343.75
25196,家電,345.0
25197,食品,346.25
25198,飲料,347.5
25199,日用品,348.75
25200,家電,350.0
25201,食品,351.25
25202,飲料,352.5
25203,日用品,353.75
25204,家電,355.0
25205,食品,356.25
25206,飲料,357.5
25207,日用品,358.75
25208,家電,360.0
25209,食品,361.25
25210,飲料,362.5
25211,日用品,363.75
25212,家電,365.0
25213,食品,366.25
25214,飲料,367.5
25215,日用品,368.75
25216,家電,370.0
25217,食品,371.25
25218,飲料,372.5
25219,日用品,373.75
25220,家電,375.0
25221,食品,376.25
25222,飲料,377.5
25223,日用品,378.75
25224,家電,380.0
25225,食品,381.25
25226,飲料,382.5
25227,日用品,383.75
25228,家電,385.0
25229,食品,386.25
25230,飲料,387.5
25231,日用品,388.75
25232,家電,390.0
25233,食品,391.25
25234,飲料,392.5
25235,日用品,393.75
25236,家電,395.0
25237,食品,396.25
25238,飲料,397.5
25239,日用品,398.75
25240,家電,400.0
25241,食品,401.25
25242,飲料,402.5
25243,日用品,403.75
25244,家電,405.0
25245,食品,406.25
25246,飲料,407.5
25247,日用品,408.75
25248,家電,410.0
25249,食品,411.25
25250,飲料,412.5
25251,日用品,413.75
25252,家電,415.0
25253,食品,416.25
25254,飲料,417.5
25255,日用品,418.75
25256,家電,420.0
25257,食品,421.25
25258,飲料,422.5
25259,日用品,423.75
25260,家電,425.0
25261,食品,426.25
25262,飲料,427.5
25263,日用品,428.75
25264,家電,430.0
25265,食品,431.25
25266,飲料,432.5
25267,日用品,433.75
25268,家電,435.0
25269,食品,436.25
25270,飲料,437.5
25271,日用品,438.75
25272,家電,440.0
25273,食品,441.25
25274,飲料,442.5
25275,日用品,443.75
25276,家電,445.0
25277,食品,446.25
25278,飲料,447.5
25279,日用品,448.75
25280,家電,450.0
25281,食品,451.25
25282,飲料,452.5
25283,日用品,453.75
25284,家電,455.0
25285,食品,456.25
25286,飲料,457.5
25287,日用品,458.75
25288,家電,460.0
25289,食品,461.25
25290,飲料,462.5
25291,日用品,463.75
25292,家電,465.0
25293,食品,466.25
25294,飲料,467.5
25295,日用品,468.75
25296,家電,470.0
25297,食品,471.25
25298,飲料,472.5
25299,日用品,473.75
25300,家電,475.0
25301,食品,476.25
25302,飲料,477.5
25303,日用品,478.75
25304,家電,480.0
25305,食品,481.25
25306,飲料,482.5
25307,日用品,483.75
25308,家電,485.0
25309,食品,486.25
25310,飲料,487.5
25311,日用品,488.75
25312,家電,490.0
25313,食品,491.25
25314,飲料,492.5
25315,日用品,493.75
25316,家電,495.0
25317,食品,496.25
25318,飲料,497.5
25319,日用品,498.75
25320,家電,500.0
25321,食品,501.25
25322,飲料,502.5
25323,日用品,503.75
25324,家電,505.0
25325,食品,506.25
25326,飲料,507.5
25327,日用品,508.75
25328,家電,510.0
25329,食品,511.25
25330,飲料,512.5
25331,日用品,513.75
25332,家電,515.0
25333,食品,516.25
25334,飲料,517.5
25335,日用品,518.75
25336,家電,520.0
25337,食品,521.25
25338,飲料,522.5
25339,日用品,523.75
25340,家電,525.0
25341,食品,526.25
25342,飲料,527.5
25343,日用品,528.75
25344,家電,530.0
25345,食品,531.25
25346,飲料,532.5
25347,日用品,533.75
25348,家電,535.0
25349,食品,536.25
25350,飲料,537.5
25351,日用品,538.75
25352,家電,540.0
25353,食品,541.25
25354,飲料,542.5
25355,日用品,543.75
25356,家電,545.0
25357,食品,546.25
25358,飲料,547.5
25359,日用品,548.75
25360,家電,550.0
25361,食品,551.25
25362,飲料,552.5
25363,日用品,553.75
25364,家電,555.0
25365,食品,556.25
25366,飲料,557.5
25367,日用品,558.75
25368,家電,560.0
25369,食品,561.25
25370,飲料,562.5
25371,日用品,563.75
25372,家電,565.0
25373,食品,566.25
25374,飲料,567.5
25375,日用品,568.75
25376,家電,570.0
25377,食品,571.25
25378,飲料,572.5
25379,日用品,573.75
25380,家電,575.0
25381,食品,576.25
25382,飲料,577.5
25383,日用品,578.75
25384,家電,580.0
25385,食品,581.25
25386,飲料,582.5
25387,日用品,583.75
25388,家電,585.0
25389,食品,586.25
25390,飲料,587.5
25391,日用品,588.75
25392,家電,590.0
25393,食品,591.25
25394,飲料,592.5
25395,日用品,593.75
25396,家電,595.0
25397,食品,596.25
25398,飲料,597.5
25399,日用品,598.75
25400,家電,600.0
25401,食品,601.25
25402,飲料,602.5
25403,日用品,603.75
25404,家電,605.0
25405,食品,606.25
25406,飲料,607.5
25407,日用品,608.75
25408,家電,610.0
25409,食品,611.25
25410,飲料,612.5
25411,日用品,613.75
25412,家電,615.0
25413,食品,616.25
25414,飲料,617.5
25415,日用品,618.75
25416,家電,620.0
25417,食品,621.25
25418,飲料,622.5
25419,日用品,623.75
25420,家電,625.0
25421,食品,626.25
25422,飲料,627.5
25423,日用品,628.75
25424,家電,630.0
25425,食品,631.25
25426,飲料,632.5
25427,日用品,633.75
25428,家電,635.0
25429,食品,636.25
25430,飲料,637.5
25431,日用品,638.75
25432,家電,640.0
25433,食品,641.25
25434,飲料,642.5
25435,日用品,643.75
25436,家電,645.0
25437,食品,646.25
25438,飲料,647.5
25439,日用品,648.75
25440,家電,650.0
25441,食品,651.25
25442,飲料,652.5
25443,日用品,653.75
25444,家電,655.0
25445,食品,656.25
25446,飲料,657.5
25447,日用品,658.75
25448,家電,660.0
25449,食品,661.25
25450,飲料,662.5
25451,日用品,663.75
25452,家電,665.0
25453,食品,666.25
25454,飲料,667.5
25455,日用品,668.75
25456,家電,670.0
25457,食品,671.25
25458,飲料,672.5
25459,日用品,673.75
25460,家電,675.0
25461,食品,676.25
25462,飲料,677.5
25463,日用品,678.75
25464,家電,680.0
25465,食品,681.25
25466,飲料,682.5
25467,日用品,683.75
25468,家電,685.0
25469,食品,686.25
25470,飲料,687.5
25471,日用品,688.75
25472,家電,690.0
25473,食品,691.25
25474,飲料,692.5
25475,日用品,693.75
25476,家電,695.0
25477,食品,696.25
25478,飲料,697.5
25479,日用品,698.75
25480,家電,700.0
25481,食品,701.25
25482,飲料,702.5
25483,日用品,703.75
25484,家電,705.0
25485,食品,706.25
25486,飲料,707.5
25487,日用品,708.75
25488,家電,710.0
25489,食品,711.25
25490,飲料,712.5
25491,日用品,713.75
25492,家電,715.0
25493,食品,716.25
25494,飲料,717.5
25495,日用品,718.75
25496,家電,720.0
25497,食品,721.25
25498,飲料,722.5
25499,日用品,723.75
25500,家電,100.0
25501,食品,101.25
25502,飲料,102.5
25503,日用品,103.75
25504,家電,105.0
25505,食品,106.25
25506,飲料,107.5
25507,日用品,108.75
25508,家電,110.0
25509,食品,111.25
25510,飲料,112.5
25511,日用品,113.75
25512,家電,115.0
25513,食品,116.25
25514,飲料,117.5
25515,日用品,118.75
25516,家電,120.0
25517,食品,121.25
25518,飲料,122.5
25519,日用品,123.75
25520,家電,125.0
25521,食品,126.25
25522,飲料,127.5
25523,日用品,128.75
25524,家電,130.0
25525,食品,131.25
25526,飲料,132.5
25527,日用品,133.75
25528,家電,135.0
25529,食品,136.25
25530,飲料,137.5
25531,日用品,138.75
25532,家電,140.0
25533,食品,141.25
25534,飲料,142.5
25535,日用品,143.75
25536,家電,145.0
25537,食品,146.25
25538,飲料,147.5
25539,日用品,148.75
25540,家電,150.0
25541,食品,151.25
25542,飲料,152.5
25543,日用品,153.75
25544,家電,155.0
25545,食品,156.25
25546,飲料,157.5
25547,日用品,158.75
25548,家電,160.0
25549,食品,161.25
25550,飲料,162.5
25551,日用品,163.75
25552,家電,165.0
25553,食品,166.25
25554,飲料,167.5
25555,日用品,168.75
25556,家電,170.0
25557,食品,171.25
25558,飲料,172.5
25559,日用品,173.75
25560,家電,175.0
25561,食品,176.25
25562,飲料,177.5
25563,日用品,178.75
25564,家電,180.0
25565,食品,181.25
25566,飲料,182.5
25567,日用品,183.75
25568,家電,185.0
25569,食品,186.25
25570,飲料,187.5
25571,日用品,188.75
25572,家電,190.0
25573,食品,191.25
25574,飲料,192.5
25575,日用品,193.75
25576,家電,195.0
25577,食品,196.25
25578,飲料,197.5
25579,日用品,198.75
25580,家電,200.0
25581,食品,201.25
25582,飲料,202.5
25583,日用品,203.75
25584,家電,205.0
25585,食品,206.25
25586,飲料,207.5
25587,日用品,208.75
25588,家電,210.0
25589,食品,211.25
25590,飲料,212.5
25591,日用品,213.75
25592,家電,215.0
25593,食品,216.25
25594,飲料,217.5
25595,日用品,218.75
25596,家電,220.0
25597,食品,221.25
25598,飲料,222.5
25599,日用品,223.75
25600,家電,225.0
25601,食品,226.25
25602,飲料,227.5
25603,日用品,228.75
25604,家電,230.0
25605,食品,231.25
25606,飲料,232.5
25607,日用品,233.75
25608,家電,235.0
25609,食品,236.25
25610,飲料,237.5
25611,日用品,238.75
25612,家電,240.0
25613,食品,241.25
25614,飲料,242.5
25615,日用品,243.75
25616,家電,245.0
25617,食品,246.25
25618,飲料,247.5
25619,日用品,248.75
25620,家電,250.0
25621,食品,251.25
25622,飲料,252.5
25623,日用品,253.75
25624,家電,255.0
25625,食品,256.25
25626,飲料,257.5
25627,日用品,258.75
25628,家電,260.0
25629,食品,261.25
25630,飲料,262.5
25631,日用品,263.75
25632,家電,265.0
25633,食品,266.25
25634,飲料,267.5
25635,日用品,268.75
25636,家電,270.0
25637,食品,271.25
25638,飲料,272.5
25639,日用品,273.75
25640,家電,275.0
25641,食品,276.25
25642,飲料,277.5
25643,日用品,278.75
25644,家電,280.0
25645,食品,281.25
25646,飲料,282.5
25647,日用品,283.75
25648,家電,285.0
25649,食品,286.25
25650,飲料,287.5
25651,日用品,288.75
25652,家電,290.0
25653,食品,291.25
25654,飲料,292.5
25655,日用品,293.75
25656,家電,295.0
25657,食品,296.25
25658,飲料,297.5
25659,日用品,298.75
25660,家電,300.0
25661,食品,301.25
25662,飲料,302.5
25663,日用品,303.75
25664,家電,305.0
25665,食品,306.25
25666,飲料,307.5
25667,日用品,308.75
25668,家電,310.0
25669,食品,311.25
25670,飲料,312.5
25671,日用品,313.75
25672,家電,315.0
25673,食品,316.25
25674,飲料,317.5
25675,日用品,318.75
25676,家電,320.0
25677,食品,321.25
25678,飲料,322.5
25679,日用品,323.75
25680,家電,325.0
25681,食品,326.25
25682,飲料,327.5
25683,日用品,328.75
25684,家電,330.0
25685,食品,331.25
25686,飲料,332.5
25687,日用品,333.75
25688,家電,335.0
25689,食品,336.25
25690,飲料,337.5
25691,日用品,338.75
25692,家電,340.0
25693,食品,341.25
25694,飲料,342.5
25695,日用品,343.75
25696,家電,345.0
25697,食品,346.25
25698,飲料,347.5
25699,日用品,348.75
25700,家電,350.0
25701,食品,351.25
25702,飲料,352.5
25703,日用品,353.75
25704,家電,355.0
25705,食品,356.25
25706,飲料,357.5
25707,日用品,358.75
25708,家電,360.0
25709,食品,361.25
25710,飲料,362.5
25711,日用品,363.75
25712,家電,365.0
25713,食品,366.25
25714,飲料,367.5
25715,日用品,368.75
25716,家電,370.0
25717,食品,371.25
25718,飲料,372.5
25719,日用品,373.75
25720,家電,375.0
25721,食品,376.25
25722,飲料,377.5
25723,日用品,378.75
25724,家電,380.0
25725,食品,381.25
25726,飲料,382.5
25727,日用品,383.75
25728,家電,385.0
25729,食品,386.25
25730,飲料,387.5
25731,日用品,388.75
25732,家電,390.0
25733,食品,391.25
25734,飲料,392.5
25735,日用品,393.75
25736,家電,395.0
25737,食品,396.25
25738,飲料,397.5
25739,日用品,398.75
25740,家電,400.0
25741,食品,401.25
25742,飲料,402.5
25743,日用品,403.75
25744,家電,405.0
25745,食品,406.25
25746,飲料,407.5
25747,日用品,408.75
25748,家電,410.0
25749,食品,411.25
25750,飲料,412.5
25751,日用品,413.75
25752,家電,415.0
25753,食品,416.25
25754,飲料,417.5
25755,日用品,418.75
25756,家電,420.0
25757,食品,421.25
25758,飲料,422.5
25759,日用品,423.75
25760,家電,425.0
25761,食品,426.25
25762,飲料,427.5
25763,日用品,428.75
25764,家電,430.0
25765,食品,431.25
25766,飲料,432.5
25767,日用品,433.75
25768,家電,435.0
25769,食品,436.25
25770,飲料,437.5
25771,日用品,438.75
25772,家電,440.0
25773,食品,441.25
25774,飲料,442.5
25775,日用品,443.75
25776,家電,445.0
25777,食品,446.25
25778,飲料,447.5
25779,日用品,448.75
25780,家電,450.0
25781,食品,451.25
25782,飲料,452.5
25783,日用品,453.75
25784,家電,455.0
25785,食品,456.25
25786,飲料,457.5
25787,日用品,458.75
25788,家電,460.0
25789,食品,461.25
25790,飲料,462.5
25791,日用品,463.75
25792,家電,465.0
25793,食品,466.25
25794,飲料,467.5
25795,日用品,468.75
25796,家電,470.0
25797,食品,471.25
25798,飲料,472.5
25799,日用品,473.75
25800,家電,475.0
25801,食品,476.25
25802,飲料,477.5
25803,日用品,478.75
25804,家電,480.0
25805,食品,481.25
25806,飲料,482.5
25807,日用品,483.75
25808,家電,485.0
25809,食品,486.25
25810,飲料,487.5
25811,日用品,488.75
25812,家電,490.0
25813,食品,491.25
25814,飲料,492.5
25815,日用品,493.75
25816,家電,495.0
25817,食品,496.25
25818,飲料,497.5
25819,日用品,498.75
25820,家電,500.0
25821,食品,501.25
25822,飲料,502.5
25823,日用品,503.75
25824,家電,505.0
25825,食品,506.25
25826,飲料,507.5
25827,日用品,508.75
25828,家電,510.0
25829,食品,511.25
25830,飲料,512.5
25831,日用品,513.75
25832,家電,515.0
25833,食品,516.25
25834,飲料,517.5
25835,日用品,518.75
25836,家電,520.0
25837,食品,521.25
25838,飲料,522.5
25839,日用品,523.75
25840,家電,525.0
25841,食品,526.25
25842,飲料,527.5
25843,日用品,528.75
25844,家電,530.0
25845,食品,531.25
25846,飲料,532.5
25847,日用品,533.75
25848,家電,535.0
25849,食品,536.25
25850,飲料,537.5
25851,日用品,538.75
25852,家電,540.0
25853,食品,541.25
25854,飲料,542.5
25855,日用品,543.75
25856,家電,545.0
25857,食品,546.25
25858,飲料,547.5
25859,日用品,548.75
25860,家電,550.0
25861,食品,551.25
25862,飲料,552.5
25863,日用品,553.75
25864,家電,555.0
25865,食品,556.25
25866,飲料,557.5
25867,日用品,558.75
25868,家電,560.0
25869,食品,561.25
25870,飲料,562.5
25871,日用品,563.75
25872,家電,565.0
25873,食品,566.25
25874,飲料,567.5
25875,日用品,568.75
25876,家電,570.0
25877,食品,571.25
25878,飲料,572.5
25879,日用品,573.75
25880,家電,575.0
25881,食品,576.25
25882,飲料,577.5
25883,日用品,578.75
25884,家電,580.0
25885,食品,581.25
25886,飲料,582.5
25887,日用品,583.75
25888,家電,585.0
25889,食品,586.25
25890,飲料,587.5
25891,日用品,588.75
25892,家電,590.0
25893,食品,591.25
25894,飲料,592.5
25895,日用品,593.75
25896,家電,595.0
25897,食品,596.25
25898,飲料,597.5
25899,日用品,598.75
25900,家電,600.0
25901,食品,601.25
25902,飲料,602.5
25903,日用品,603.75
25904,家電,605.0
25905,食品,606.25
25906,飲料,607.5
25907,日用品,608.75
25908,家電,610.0
25909,食品,611.25
25910,飲料,612.5
25911,日用品,613.75
25912,家電,615.0
25913,食品,616.25
25914,飲料,617.5
25915,日用品,618.75
25916,家電,620.0
25917,食品,621.25
25918,飲料,622.5
25919,日用品,623.75
25920,家電,625.0
25921,食品,626.25
25922,飲料,627.5
25923,日用品,628.75
25924,家電,630.0
25925,食品,631.25
25926,飲料,632.5
25927,日用品,633.75
25928,家電,635.0
25929,食品,636.25
25930,飲料,637.5
25931,日用品,638.75
25932,家電,640.0
25933,食品,641.25
25934,飲料,642.5
25935,日用品,643.75
25936,家電,645.0
25937,食品,646.25
25938,飲料,647.5
25939,日用品,648.75
25940,家電,650.0
25941,食品,651.25
25942,飲料,652.5
25943,日用品,653.75
25944,家電,655.0
25945,食品,656.25
25946,飲料,657.5
25947,日用品,658.75
25948,家電,660.0
25949,食品,661.25
25950,飲料,662.5
25951,日用品,663.75
25952,家電,665.0
25953,食品,666.25
25954,飲料,667.5
25955,日用品,668.75
25956,家電,670.0
25957,食品,671.25
25958,飲料,672.5
25959,日用品,673.75
25960,家電,675.0
25961,食品,676.25
25962,飲料,677.5
25963,日用品,678.75
25964,家電,680.0
25965,食品,681.25
25966,飲料,682.5
25967,日用品,683.75
25968,家電,685.0
25969,食品,686.25
25970,飲料,687.5
25971,日用品,688.75
25972,家電,690.0
25973,食品,691.25
25974,飲料,692.5
25975,日用品,693.75
25976,家電,695.0
25977,食品,696.25
25978,飲料,697.5
25979,日用品,698.75
25980,家電,700.0
25981,食品,701.25
25982,飲料,702.5
25983,日用品,703.75
25984,家電,705.0
25985,食品,706.25
25986,飲料,707.5
25987,日用品,708.75
25988,家電,710.0
25989,食品,711.25
25990,飲料,712.5
25991,日用品,713.75
25992,家電,715.0
25993,食品,716.25
25994,飲料,717.5
25995,日用品,718.75
25996,家電,720.0
25997,食品,721.25
25998,飲料,722.5
25999,日用品,723.75
26000,家電,100.0
26001,食品,101.25
26002,飲料,102.5
26003,日用品,103.75
26004,家電,105.0
26005,食品,106.25
26006,飲料,107.5
26007,日用品,108.75
26008,家電,110.0
26009,食品,111.25
26010,飲料,112.5
26011,日用品,113.75
26012,家電,115.0
26013,食品,116.25
26014,飲料,117.5
26015,日用品,118.75
26016,家電,120.0
26017,食品,121.25
26018,飲料,122.5
26019,日用品,123.75
26020,家電,125.0
26021,食品,126.25
26022,飲料,127.5
26023,日用品,128.75
26024,家電,130.0
26025,食品,131.25
26026,飲料,132.5
26027,日用品,133.75
26028,家電,135.0
26029,食品,136.25
26030,飲料,137.5
26031,日用品,138.75
26032,家電,140.0
26033,食品,141.25
26034,飲料,142.5
26035,日用品,143.75
26036,家電,145.0
26037,食品,146.25
26038,飲料,147.5
26039,日用品,148.75
26040,家電,150.0
26041,食品,151.25
26042,飲料,152.5
26043,日用品,153.75
26044,家電,155.0
26045,食品,156.25
26046,飲料,157.5
26047,日用品,158.75
26048,家電,160.0
26049,食品,161.25
26050,飲料,162.5
26051,日用品,163.75
26052,家電,165.0
26053,食品,166.25
26054,飲料,167.5
26055,日用品,168.75
26056,家電,170.0
26057,食品,171.25
26058,飲料,172.5
26059,日用品,173.75
26060,家電,175.0
26061,食品,176.25
26062,飲料,177.5
26063,日用品,178.75
26064,家電,180.0
26065,食品,181.25
26066,飲料,182.5
26067,日用品,183.75
26068,家電,185.0
26069,食品,186.25
26070,飲料,187.5
26071,日用品,188.75
26072,家電,190.0
26073,食品,191.25
26074,飲料,192.5
26075,日用品,193.75
26076,家電,195.0
26077,食品,196.25
26078,飲料,197.5
26079,日用品,198.75
26080,家電,200.0
26081,食品,201.25
26082,飲料,202.5
26083,日用品,203.75
26084,家電,205.0
26085,食品,206.25
26086,飲料,207.5
26087,日用品,208.75
26088,家電,210.0
26089,食品,211.25
26090,飲料,212.5
26091,日用品,213.75
26092,家電,215.0
26093,食品,216.25
26094,飲料,217.5
26095,日用品,218.75
26096,家電,220.0
26097,食品,221.25
26098,飲料,222.5
26099,日用品,223.75
26100,家電,225.0
26101,食品,226.25
26102,飲料,227.5
26103,日用品,228.75
26104,家電,230.0
26105,食品,231.25
26106,飲料,232.5
26107,日用品,233.75
26108,家電,235.0
26109,食品,236.25
26110,飲料,237.5
26111,日用品,238.75
26112,家電,240.0
26113,食品,241.25
26114,飲料,242.5
26115,日用品,243.75
26116,家電,245.0
26117,食品,246.25
26118,飲料,247.5
26119,日用品,248.75
26120,家電,250.0
26121,食品,251.25
26122,飲料,252.5
26123,日用品,253.75
26124,家電,255.0
26125,食品,256.25
26126,飲料,257.5
26127,日用品,258.75
26128,家電,260.0
26129,食品,261.25
26130,飲料,262.5
26131,日用品,263.75
26132,家電,265.0
26133,食品,266.25
26134,飲料,267.5
26135,日用品,268.75
26136,家電,270.0
26137,食品,271.25
26138,飲料,272.5
26139,日用品,273.75
26140,家電,275.0
26141,食品,276.25
26142,飲料,277.5
26143,日用品,278.75
26144,家電,280.0
26145,食品,281.25
26146,飲料,282.5
26147,日用品,283.75
26148,家電,285.0
26149,食品,286.25
26150,飲料,287.5
26151,日用品,288.75
26152,家電,290.0
26153,食品,291.25
26154,飲料,292.5
26155,日用品,293.75
26156,家電,295.0
26157,食品,296.25
26158,飲料,297.5
26159,日用品,298.75
26160,家電,300.0
26161,食品,301.25
26162,飲料,302.5
26163,日用品,303.75
26164,家電,305.0
26165,食品,306.25
26166,飲料,307.5
26167,日用品,308.75
26168,家電,310.0
26169,食品,311.25
26170,飲料,312.5
26171,日用品,313.75
26172,家電,315.0
26173,食品,316.25
26174,飲料,317.5
26175,日用品,318.75
26176,家電,320.0
26177,食品,321.25
26178,飲料,322.5
26179,日用品,323.75
26180,家電,325.0
26181,食品,326.25
26182,飲料,327.5
26183,日用品,328.75
26184,家電,330.0
26185,食品,331.25
26186,飲料,332.5
26187,日用品,333.75
26188,家電,335.0
26189,食品,336.25
26190,飲料,337.5
26191,日用品,338.75
26192,家電,340.0
26193,食品,341.25
26194,飲料,342.5
26195,日用品,343.75
26196,家電,345.0
26197,食品,346.25
26198,飲料,347.5
26199,日用品,348.75
26200,家電,350.0
26201,食品,351.25
26202,飲料,352.5
26203,日用品,353.75
26204,家電,355.0
26205,食品,356.25
26206,飲料,357.5
26207,日用品,358.75
26208,家電,360.0
26209,食品,361.25
26210,飲料,362.5
26211,日用品,363.75
26212,家電,365.0
26213,食品,366.25
26214,飲料,367.5
26215,日用品,368.75
26216,家電,370.0
26217,食品,371.25
26218,飲料,372.5
26219,日用品,373.75
26220,家電,375.0
26221,食品,376.25
26222,飲料,377.5
26223,日用品,378.75
26224,家電,380.0
26225,食品,381.25
26226,飲料,382.5
26227,日用品,383.75
26228,家電,385.0
26229,食品,386.25
26230,飲料,387.5
26231,日用品,388.75
26232,家電,390.0
26233,食品,391.25
26234,飲料,392.5
26235,日用品,393.75
26236,家電,395.0
26237,食品,396.25
26238,飲料,397.5
26239,日用品,398.75
26240,家電,400.0
26241,食品,401.25
26242,飲料,402.5
26243,日用品,403.75
26244,家電,405.0
26245,食品,406.25
26246,飲料,407.5
26247,日用品,408.75
26248,家電,410.0
26249,食品,411.25
26250,飲料,412.5
26251,日用品,413.75
26252,家電,415.0
26253,食品,416.25
26254,飲料,417.5
26255,日用品,418.75
26256,家電,420.0
26257,食品,421.25
26258,飲料,422.5
26259,日用品,423.75
26260,家電,425.0
26261,食品,426.25
26262,飲料,427.5
26263,日用品,428.75
26264,家電,430.0
26265,食品,431.25
26266,飲料,432.5
26267,日用品,433.75
26268,家電,435.0
26269,食品,436.25
26270,飲料,437.5
26271,日用品,438.75
26272,家電,440.0
26273,食品,441.25
26274,飲料,442.5
26275,日用品,443.75
26276,家電,445.0
26277,食品,446.25
26278,飲料,447.5
26279,日用品,448.75
26280,家電,450.0
26281,食品,451.25
26282,飲料,452.5
26283,日用品,453.75
26284,家電,455.0
26285,食品,456.25
26286,飲料,457.5
26287,日用品,458.75
26288,家電,460.0
26289,食品,461.25
26290,飲料,462.5
26291,日用品,463.75
26292,家電,465.0
26293,食品,466.25
26294,飲料,467.5
26295,日用品,468.75
26296,家電,470.0
26297,食品,471.25
26298,飲料,472.5
26299,日用品,473.75
26300,家電,475.0
26301,食品,476.25
26302,飲料,477.5
26303,日用品,478.75
26304,家電,480.0
26305,食品,481.25
26306,飲料,482.5
26307,日用品,483.75
26308,家電,485.0
26309,食品,486.25
26310,飲料,487.5
26311,日用品,488.75
26312,家電,490.0
26313,食品,491.25
26314,飲料,492.5
26315,日用品,493.75
26316,家電,495.0
26317,食品,496.25
26318,飲料,497.5
26319,日用品,498.75
26320,家電,500.0
26321,食品,501.25
26322,飲料,502.5
26323,日用品,503.75
26324,家電,505.0
26325,食品,506.25
26326,飲料,507.5
26327,日用品,508.75
26328,家電,510.0
26329,食品,511.25
26330,飲料,512.5
26331,日用品,513.75
26332,家電,515.0
26333,食品,516.25
26334,飲料,517.5
26335,日用品,518.75
26336,家電,520.0
26337,食品,521.25
26338,飲料,522.5
26339,日用品,523.75
26340,家電,525.0
26341,食品,526.25
26342,飲料,527.5
26343,日用品,528.75
26344,家電,530.0
26345,食品,531.25
26346,飲料,532.5
26347,日用品,533.75
26348,家電,535.0
26349,食品,536.25
26350,飲料,537.5
26351,日用品,538.75
26352,家電,540.0
26353,食品,541.25
26354,飲料,542.5
26355,日用品,543.75
26356,家電,545.0
26357,食品,546.25
26358,飲料,547.5
26359,日用品,548.75
26360,家電,550.0
26361,食品,551.25
26362,飲料,552.5
26363,日用品,553.75
26364,家電,555.0
26365,食品,556.25
26366,飲料,557.5
26367,日用品,558.75
26368,家電,560.0
26369,食品,561.25
26370,飲料,562.5
26371,日用品,563.75
26372,家電,565.0
26373,食品,566.25
26374,飲料,567.5
26375,日用品,568.75
26376,家電,570.0
26377,食品,571.25
26378,飲料,572.5
26379,日用品,573.75
26380,家電,575.0
26381,食品,576.25
26382,飲料,577.5
26383,日用品,578.75
26384,家電,580.0
26385,食品,581.25
26386,飲料,582.5
26387,日用品,583.75
26388,家電,585.0
26389,食品,586.25
26390,飲料,587.5
26391,日用品,588.75
26392,家電,590.0
26393,食品,591.25
26394,飲料,592.5
26395,日用品,593.75
26396,家電,595.0
26397,食品,596.25
26398,飲料,597.5
26399,日用品,598.75
26400,家電,600.0
26401,食品,601.25
26402,飲料,602.5
26403,日用品,603.75
26404,家電,605.0
26405,食品,606.25
26406,飲料,607.5
26407,日用品,608.75
26408,家電,610.0
26409,食品,611.25
26410,飲料,612.5
26411,日用品,613.75
26412,家電,615.0
26413,食品,616.25
26414,飲料,617.5
26415,日用品,618.75
26416,家電,620.0
26417,食品,621.25
26418,飲料,622.5
26419,日用品,623.75
26420,家電,625.0
26421,食品,626.25
26422,飲料,627.5
26423,日用品,628.75
26424,家電,630.0
26425,食品,631.25
26426,飲料,632.5
26427,日用品,633.75
26428,家電,635.0
26429,食品,636.25
26430,飲料,637.5
26431,日用品,638.75
26432,家電,640.0
26433,食品,641.25
26434,飲料,642.5
26435,日用品,643.75
26436,家電,645.0
26437,食品,646.25
26438,飲料,647.5
26439,日用品,648.75
26440,家電,650.0
26441,食品,651.25
26442,飲料,652.5
26443,日用品,653.75
26444,家電,655.0
26445,食品,656.25
26446,飲料,657.5
26447,日用品,658.75
26448,家電,660.0
26449,食品,661.25
26450,飲料,662.5
26451,日用品,663.75
26452,家電,665.0
26453,食品,666.25
26454,飲料,667.5
26455,日用品,668.75
26456,家電,670.0
26457,食品,671.25
26458,飲料,672.5
26459,日用品,673.75
26460,家電,675.0
26461,食品,676.25
26462,飲料,677.5
26463,日用品,678.75
26464,家電,680.0
26465,食品,681.25
26466,飲料,682.5
26467,日用品,683.75
26468,家電,685.0
26469,食品,686.25
26470,飲料,687.5
26471,日用品,688.75
26472,家電,690.0
26473,食品,691.25
26474,飲料,692.5
26475,日用品,693.75
26476,家電,695.0
26477,食品,696.25
26478,飲料,697.5
26479,日用品,698.75
26480,家電,700.0
26481,食品,701.25
26482,飲料,702.5
26483,日用品,703.75
26484,家電,705.0
26485,食品,706.25
26486,飲料,707.5
26487,日用品,708.75
26488,家電,710.0
26489,食品,711.25
26490,飲料,712.5
26491,日用品,713.75
26492,家電,715.0
26493,食品,716.25
26494,飲料,717.5
26495,日用品,718.75
26496,家電,720.0
26497,食品,721.25
26498,飲料,722.5
26499,日用品,723.75
26500,家電,100.0
26501,食品,101.25
26502,飲料,102.5
26503,日用品,103.75
26504,家電,105.0
26505,食品,106.25
26506,飲料,107.5
26507,日用品,108.75
26508,家電,110.0
26509,食品,111.25
26510,飲料,112.5
26511,日用品,113.75
26512,家電,115.0
26513,食品,116.25
26514,飲料,117.5
26515,日用品,118.75
26516,家電,120.0
26517,食品,121.25
26518,飲料,122.5
26519,日用品,123.75
26520,家電,125.0
26521,食品,126.25
26522,飲料,127.5
26523,日用品,128.75
26524,家電,130.0
26525,食品,131.25
26526,飲料,132.5
26527,日用品,133.75
26528,家電,135.0
26529,食品,136.25
26530,飲料,137.5
26531,日用品,138.75
26532,家電,140.0
26533,食品,141.25
26534,飲料,142.5
26535,日用品,143.75
26536,家電,145.0
26537,食品,146.25
26538,飲料,147.5
26539,日用品,148.75
26540,家電,150.0
26541,食品,151.25
26542,飲料,152.5
26543,日用品,153.75
26544,家電,155.0
26545,食品,156.25
26546,飲料,157.5
26547,日用品,158.75
26548,家電,160.0
26549,食品,161.25
26550,飲料,162.5
26551,日用品,163.75
26552,家電,165.0
26553,食品,166.25
26554,飲料,167.5
26555,日用品,168.75
26556,家電,170.0
26557,食品,171.25
26558,飲料,172.5
26559,日用品,173.75
26560,家電,175.0
26561,食品,176.25
26562,飲料,177.5
26563,日用品,178.75
26564,家電,180.0
26565,食品,181.25
26566,飲料,182.5
26567,日用品,183.75
26568,家電,185.0
26569,食品,186.25
26570,飲料,187.5
26571,日用品,188.75
26572,家電,190.0
26573,食品,191.25
26574,飲料,192.5
26575,日用品,193.75
26576,家電,195.0
26577,食品,196.25
26578,飲料,197.5
26579,日用品,198.75
26580,家電,200.0
26581,食品,201.25
26582,飲料,202.5
26583,日用品,203.75
26584,家電,205.0
26585,食品,206.25
26586,飲料,207.5
26587,日用品,208.75
26588,家電,210.0
26589,食品,211.25
26590,飲料,212.5
26591,日用品,213.75
26592,家電,215.0
26593,食品,216.25
26594,飲料,217.5
26595,日用品,218.75
26596,家電,220.0
26597,食品,221.25
26598,飲料,222.5
26599,日用品,223.75
26600,家電,225.0
26601,食品,226.25
26602,飲料,227.5
26603,日用品,228.75
26604,家電,230.0
26605,食品,231.25
26606,飲料,232.5
26607,日用品,233.75
26608,家電,235.0
26609,食品,236.25
26610,飲料,237.5
26611,日用品,238.75
26612,家電,240.0
26613,食品,241.25
26614,飲料,242.5
26615,日用品,243.75
26616,家電,245.0
26617,食品,246.25
26618,飲料,247.5
26619,日用品,248.75
26620,家電,250.0
26621,食品,251.25
26622,飲料,252.5
26623,日用品,253.75
26624,家電,255.0
26625,食品,256.25
26626,飲料,257.5
26627,日用品,258.75
26628,家電,260.0
26629,食品,261.25
26630,飲料,262.5
26631,日用品,263.75
26632,家電,265.0
26633,食品,266.25
26634,飲料,267.5
26635,日用品,268.75
26636,家電,270.0
26637,食品,271.25
26638,飲料,272.5
26639,日用品,273.75
26640,家電,275.0
26641,食品,276.25
26642,飲料,277.5
26643,日用品,278.75
26644,家電,280.0
26645,食品,281.25
26646,飲料,282.5
26647,日用品,283.75
26648,家電,285.0
26649,食品,286.25
26650,飲料,287.5
26651,日用品,288.75
26652,家電,290.0
26653,食品,291.25
26654,飲料,292.5
26655,日用品,293.75
26656,家電,295.0
26657,食品,296.25
26658,飲料,297.5
26659,日用品,298.75
26660,家電,300.0
26661,食品,301.25
26662,飲料,302.5
26663,日用品,303.75
26664,家電,305.0
26665,食品,306.25
26666,飲料,307.5
26667,日用品,308.75
26668,家電,310.0
26669,食品,311.25
26670,飲料,312.5
26671,日用品,313.75
26672,家電,315.0
26673,食品,316.25
26674,飲料,317.5
26675,日用品,318.75
26676,家電,320.0
26677,食品,321.25
26678,飲料,322.5
26679,日用品,323.75
26680,家電,325.0
26681,食品,326.25
26682,飲料,327.5
26683,日用品,328.75
26684,家電,330.0
26685,食品,331.25
26686,飲料,332.5
26687,日用品,333.75
26688,家電,335.0
26689,食品,336.25
26690,飲料,337.5
26691,日用品,338.75
26692,家電,340.0
26693,食品,341.25
26694,飲料,342.5
26695,日用品,343.75
26696,家電,345.0
26697,食品,346.25
26698,飲料,347.5
26699,日用品,348.75
26700,家電,350.0
26701,食品,351.25
26702,飲料,352.5
26703,日用品,353.75
26704,家電,355.0
26705,食品,356.25
26706,飲料,357.5
26707,日用品,358.75
26708,家電,360.0
26709,食品,361.25
26710,飲料,362.5
26711,日用品,363.75
26712,家電,365.0
26713,食品,366.25
26714,飲料,367.5
26715,日用品,368.75
26716,家電,370.0
26717,食品,371.25
26718,飲料,372.5
26719,日用品,373.75
26720,家電,375.0
26721,食品,376.25
26722,飲料,377.5
26723,日用品,378.75
26724,家電,380.0
26725,食品,381.25
26726,飲料,382.5
26727,日用品,383.75
26728,家電,385.0
26729,食品,386.25
26730,飲料,387.5
26731,日用品,388.75
26732,家電,390.0
26733,食品,391.25
26734,飲料,392.5
26735,日用品,393.75
26736,家電,395.0
26737,食品,396.25
26738,飲料,397.5
26739,日用品,398.75
26740,家電,400.0
26741,食品,401.25
26742,飲料,402.5
26743,日用品,403.75
26744,家電,405.0
26745,食品,406.25
26746,飲料,407.5
26747,日用品,408.75
26748,家電,410.0
26749,食品,411.25
26750,飲料,412.5
26751,日用品,413.75
26752,家電,415.0
26753,食品,416.25
26754,飲料,417.5
26755,日用品,418.75
26756,家電,420.0
26757,食品,421.25
26758,飲料,422.5
26759,日用品,423.75
26760,家電,425.0
26761,食品,426.25
26762,飲料,427.5
26763,日用品,428.75
26764,家電,430.0
26765,食品,431.25
26766,飲料,432.5
26767,日用品,433.75
26768,家電,435.0
26769,食品,436.25
26770,飲料,437.5
26771,日用品,438.75
26772,家電,440.0
26773,食品,441.25
26774,飲料,442.5
26775,日用品,443.75
26776,家電,445.0
26777,食品,446.25
26778,飲料,447.5
26779,日用品,448.75
26780,家電,450.0
26781,食品,451.25
26782,飲料,452.5
26783,日用品,453.75
26784,家電,455.0
26785,食品,456.25
26786,飲料,457.5
26787,日用品,458.75
26788,家電,460.0
26789,食品,461.25
26790,飲料,462.5
26791,日用品,463.75
26792,家電,465.0
26793,食品,466.25
26794,飲料,467.5
26795,日用品,468.75
26796,家電,470.0
26797,食品,471.25
26798,飲料,472.5
26799,日用品,473.75
26800,家電,475.0
26801,食品,476.25
26802,飲料,477.5
26803,日用品,478.75
26804,家電,480.0
26805,食品,481.25
26806,飲料,482.5
26807,日用品,483.75
26808,家電,485.0
26809,食品,486.25
26810,飲料,487.5
26811,日用品,488.75
26812,家電,490.0
26813,食品,491.25
26814,飲料,492.5
26815,日用品,493.75
26816,家電,495.0
26817,食品,496.25
26818,飲料,497.5
26819,日用品,498.75
26820,家電,500.0
26821,食品,501.25
26822,飲料,502.5
26823,日用品,503.75
26824,家電,505.0
26825,食品,506.25
26826,飲料,507.5
26827,日用品,508.75
26828,家電,510.0
26829,食品,511.25
26830,飲料,512.5
26831,日用品,513.75
26832,家電,515.0
26833,食品,516.25
26834,飲料,517.5
26835,日用品,518.75
26836,家電,520.0
26837,食品,521.25
26838,飲料,522.5
26839,日用品,523.75
26840,家電,525.0
26841,食品,526.25
26842,飲料,527.5
26843,日用品,528.75
26844,家電,530.0
26845,食品,531.25
26846,飲料,532.5
26847,日用品,533.75
26848,家電,535.0
26849,食品,536.25
26850,飲料,537.5
26851,日用品,538.75
26852,家電,540.0
26853,食品,541.25
26854,飲料,542.5
26855,日用品,543.75
26856,家電,545.0
26857,食品,546.25
26858,飲料,547.5
26859,日用品,548.75
26860,家電,550.0
26861,食品,551.25
26862,飲料,552.5
26863,日用品,553.75
26864,家電,555.0
26865,食品,556.25
26866,飲料,557.5
26867,日用品,558.75
26868,家電,560.0
26869,食品,561.25
26870,飲料,562.5
26871,日用品,563.75
26872,家電,565.0
26873,食品,566.25
26874,飲料,567.5
26875,日用品,568.75
26876,家電,570.0
26877,食品,571.25
26878,飲料,572.5
26879,日用品,573.75
26880,家電,575.0
26881,食品,576.25
26882,飲料,577.5
26883,日用品,578.75
26884,家電,580.0
26885,食品,581.25
26886,飲料,582.5
26887,日用品,583.75
26888,家電,585.0
26889,食品,586.25
26890,飲料,587.5
26891,日用品,588.75
26892,家電,590.0
26893,食品,591.25
26894,飲料,592.5
26895,日用品,593.75
26896,家電,595.0
26897,食品,596.25
26898,飲料,597.5
26899,日用品,598.75
26900,家電,600.0
26901,食品,601.25
26902,飲料,602.5
26903,日用品,603.75
26904,家電,605.0
26905,食品,606.25
26906,飲料,607.5
26907,日用品,608.75
26908,家電,610.0
26909,食品,611.25
26910,飲料,612.5
26911,日用品,613.75
26912,家電,615.0
26913,食品,616.25
26914,飲料,617.5
26915,日用品,618.75
26916,家電,620.0
26917,食品,621.25
26918,飲料,622.5
26919,日用品,623.75
26920,家電,625.0
26921,食品,626.25
26922,飲料,627.5
26923,日用品,628.75
26924,家電,630.0
26925,食品,631.25
26926,飲料,632.5
26927,日用品,633.75
26928,家電,635.0
26929,食品,636.25
26930,飲料,637.5
26931,日用品,638.75
26932,家電,640.0
26933,食品,641.25
26934,飲料,642.5
26935,日用品,643.75
26936,家電,645.0
26937,食品,646.25
26938,飲料,647.5
26939,日用品,648.75
26940,家電,650.0
26941,食品,651.25
26942,飲料,652.5
26943,日用品,653.75
26944,家電,655.0
26945,食品,656.25
26946,飲料,657.5
26947,日用品,658.75
26948,家電,660.0
26949,食品,661.25
26950,飲料,662.5
26951,日用品,663.75
26952,家電,665.0
26953,食品,666.25
26954,飲料,667.5
26955,日用品,668.75
26956,家電,670.0
26957,食品,671.25
26958,飲料,672.5
26959,日用品,673.75
26960,家電,675.0
26961,食品,676.25
26962,飲料,677.5
26963,日用品,678.75
26964,家電,680.0
26965,食品,681.25
26966,飲料,682.5
26967,日用品,683.75
26968,家電,685.0
26969,食品,686.25
26970,飲料,687.5
26971,日用品,688.75
26972,家電,690.0
26973,食品,691.25
26974,飲料,692.5
26975,日用品,693.75
26976,家電,695.0
26977,食品,696.25
26978,飲料,697.5
26979,日用品,698.75
26980,家電,700.0
26981,食品,701.25
26982,飲料,702.5
26983,日用品,703.75
26984,家電,705.0
26985,食品,706.25
26986,飲料,707.5
26987,日用品,708.75
26988,家電,710.0
26989,食品,711.25
26990,飲料,712.5
26991,日用品,713.75
26992,家電,715.0
26993,食品,716.25
26994,飲料,717.5
26995,日用品,718.75
26996,家電,720.0
26997,食品,721.25
26998,飲料,722.5
26999,日用品,723.75
27000,家電,100.0
27001,食品,101.25
27002,飲料,102.5
27003,日用品,103.75
27004,家電,105.0
27005,食品,106.25
27006,飲料,107.5
27007,日用品,108.75
27008,家電,110.0
27009,食品,111.25
27010,飲料,112.5
27011,日用品,113.75
27012,家電,115.0
27013,食品,116.25
27014,飲料,117.5
27015,日用品,118.75
27016,家電,120.0
27017,食品,121.25
27018,飲料,122.5
27019,日用品,123.75
27020,家電,125.0
27021,食品,126.25
27022,飲料,127.5
27023,日用品,128.75
27024,家電,130.0
27025,食品,131.25
27026,飲料,132.5
27027,日用品,133.75
27028,家電,135.0
27029,食品,136.25
27030,飲料,137.5
27031,日用品,138.75
27032,家電,140.0
27033,食品,141.25
27034,飲料,142.5
27035,日用品,143.75
27036,家電,145.0
27037,食品,146.25
27038,飲料,147.5
27039,日用品,148.75
27040,家電,150.0
27041,食品,151.25
27042,飲料,152.5
27043,日用品,153.75
27044,家電,155.0
27045,食品,156.25
27046,飲料,157.5
27047,日用品,158.75
27048,家電,160.0
27049,食品,161.25
27050,飲料,162.5
27051,日用品,163.75
27052,家電,165.0
27053,食品,166.25
27054,飲料,167.5
27055,日用品,168.75
27056,家電,170.0
27057,食品,171.25
27058,飲料,172.5
27059,日用品,173.75
27060,家電,175.0
27061,食品,176.25
27062,飲料,177.5
27063,日用品,178.75
27064,家電,180.0
27065,食品,181.25
27066,飲料,182.5
27067,日用品,183.75
27068,家電,185.0
27069,食品,186.25
27070,飲料,187.5
27071,日用品,188.75
27072,家電,190.0
27073,食品,191.25
27074,飲料,192.5
27075,日用品,193.75
27076,家電,195.0
27077,食品,196.25
27078,飲料,197.5
27079,日用品,198.75
27080,家電,200.0
27081,食品,201.25
27082,飲料,202.5
27083,日用品,203.75
27084,家電,205.0
27085,食品,206.25
27086,飲料,207.5
27087,日用品,208.75
27088,家電,210.0
27089,食品,211.25
27090,飲料,212.5
27091,日用品,213.75
27092,家電,215.0
27093,食品,216.25
27094,飲料,217.5
27095,日用品,218.75
27096,家電,220.0
27097,食品,221.25
27098,飲料,222.5
27099,日用品,223.75
27100,家電,225.0
27101,食品,226.25
27102,飲料,227.5
27103,日用品,228.75
27104,家電,230.0
27105,食品,231.25
27106,飲料,232.5
27107,日用品,233.75
27108,家電,235.0
27109,食品,236.25
27110,飲料,237.5
27111,日用品,238.75
27112,家電,240.0
27113,食品,241.25
27114,飲料,242.5
27115,日用品,243.75
27116,家電,245.0
27117,食品,246.25
27118,飲料,247.5
27119,日用品,248.75
27120,家電,250.0
27121,食品,251.25
27122,飲料,252.5
27123,日用品,253.75
27124,家電,255.0
27125,食品,256.25
27126,飲料,257.5
27127,日用品,258.75
27128,家電,260.0
27129,食品,261.25
27130,飲料,262.5
27131,日用品,263.75
27132,家電,265.0
27133,食品,266.25
27134,飲料,267.5
27135,日用品,268.75
27136,家電,270.0
27137,食品,271.25
27138,飲料,272.5
27139,日用品,273.75
27140,家電,275.0
27141,食品,276.25
27142,飲料,277.5
27143,日用品,278.75
27144,家電,280.0
27145,食品,281.25
27146,飲料,282.5
27147,日用品,283.75
27148,家電,285.0
27149,食品,286.25
27150,飲料,287.5
27151,日用品,288.75
27152,家電,290.0
27153,食品,291.25
27154,飲料,292.5
27155,日用品,293.75
27156,家電,295.0
27157,食品,296.25
27158,飲料,297.5
27159,日用品,298.75
27160,家電,300.0
27161,食品,301.25
27162,飲料,302.5
27163,日用品,303.75
27164,家電,305.0
27165,食品,306.25
27166,飲料,307.5
27167,日用品,308.75
27168,家電,310.0
27169,食品,311.25
27170,飲料,312.5
27171,日用品,313.75
27172,家電,315.0
27173,食品,316.25
27174,飲料,317.5
27175,日用品,318.75
27176,家電,320.0
27177,食品,321.25
27178,飲料,322.5
27179,日用品,323.75
27180,家電,325.0
27181,食品,326.25
27182,飲料,327.5
27183,日用品,328.75
27184,家電,330.0
27185,食品,331.25
27186,飲料,332.5
27187,日用品,333.75
27188,家電,335.0
27189,食品,336.25
27190,飲料,337.5
27191,日用品,338.75
27192,家電,340.0
27193,食品,341.25
27194,飲料,342.5
27195,日用品,343.75
27196,家電,345.0
27197,食品,346.25
27198,飲料,347.5
27199,日用品,348.75
27200,家電,350.0
27201,食品,351.25
27202,飲料,352.5
27203,日用品,353.75
27204,家電,355.0
27205,食品,356.25
27206,飲料,357.5
27207,日用品,358.75
27208,家電,360.0
27209,食品,361.25
27210,飲料,362.5
27211,日用品,363.75
27212,家電,365.0
27213,食品,366.25
27214,飲料,367.5
27215,日用品,368.75
27216,家電,370.0
27217,食品,371.25
27218,飲料,372.5
27219,日用品,373.75
27220,家電,375.0
27221,食品,376.25
27222,飲料,377.5
27223,日用品,378.75
27224,家電,380.0
27225,食品,381.25
27226,飲料,382.5
27227,日用品,383.75
27228,家電,385.0
27229,食品,386.25
27230,飲料,387.5
27231,日用品,388.75
27232,家電,390.0
27233,食品,391.25
27234,飲料,392.5
27235,日用品,393.75
27236,家電,395.0
27237,食品,396.25
27238,飲料,397.5
27239,日用品,398.75
27240,家電,400.0
27241,食品,401.25
27242,飲料,402.5
27243,日用品,403.75
27244,家電,405.0
27245,食品,406.25
27246,飲料,407.5
27247,日用品,408.75
27248,家電,410.0
27249,食品,411.25
27250,飲料,412.5
27251,日用品,413.75
27252,家電,415.0
27253,食品,416.25
27254,飲料,417.5
27255,日用品,418.75
27256,家電,420.0
27257,食品,421.25
27258,飲料,422.5
27259,日用品,423.75
27260,家電,425.0
27261,食品,426.25
27262,飲料,427.5
27263,日用品,428.75
27264,家電,430.0
27265,食品,431.25
27266,飲料,432.5
27267,日用品,433.75
27268,家電,435.0
27269,食品,436.25
27270,飲料,437.5
27271,日用品,438.75
27272,家電,440.0
27273,食品,441.25
27274,飲料,442.5
27275,日用品,443.75
27276,家電,445.0
27277,食品,446.25
27278,飲料,447.5
27279,日用品,448.75
27280,家電,450.0
27281,食品,451.25
27282,飲料,452.5
27283,日用品,453.75
27284,家電,455.0
27285,食品,456.25
27286,飲料,457.5
27287,日用品,458.75
27288,家電,460.0
27289,食品,461.25
27290,飲料,462.5
27291,日用品,463.75
27292,家電,465.0
27293,食品,466.25
27294,飲料,467.5
27295,日用品,468.75
27296,家電,470.0
27297,食品,471.25
27298,飲料,472.5
27299,日用品,473.75
27300,家電,475.0
27301,食品,476.25
27302,飲料,477.5
27303,日用品,478.75
27304,家電,480.0
27305,食品,481.25
27306,飲料,482.5
27307,日用品,483.75
27308,家電,485.0
27309,食品,486.25
27310,飲料,487.5
27311,日用品,488.75
27312,家電,490.0
27313,食品,491.25
27314,飲料,492.5
27315,日用品,493.75
27316,家電,495.0
27317,食品,496.25
27318,飲料,497.5
27319,日用品,498.75
27320,家電,500.0
27321,食品,501.25
27322,飲料,502.5
27323,日用品,503.75
27324,家電,505.0
27325,食品,506.25
27326,飲料,507.5
27327,日用品,508.75
27328,家電,510.0
27329,食品,511.25
27330,飲料,512.5
27331,日用品,513.75
27332,家電,515.0
27333,食品,516.25
27334,飲料,517.5
27335,日用品,518.75
27336,家電,520.0
27337,食品,521.25
27338,飲料,522.5
27339,日用品,523.75
27340,家電,525.0
27341,食品,526.25
27342,飲料,527.5
27343,日用品,528.75
27344,家電,530.0
27345,食品,531.25
27346,飲料,532.5
27347,日用品,533.75
27348,家電,535.0
27349,食品,536.25
27350,飲料,537.5
27351,日用品,538.75
27352,家電,540.0
27353,食品,541.25
27354,飲料,542.5
27355,日用品,543.75
27356,家電,545.0
27357,食品,546.25
27358,飲料,547.5
27359,日用品,548.75
27360,家電,550.0
27361,食品,551.25
27362,飲料,552.5
27363,日用品,553.75
27364,家電,555.0
27365,食品,556.25
27366,飲料,557.5
27367,日用品,558.75
27368,家電,560.0
27369,食品,561.25
27370,飲料,562.5
27371,日用品,563.75
27372,家電,565.0
27373,食品,566.25
27374,飲料,567.5
27375,日用品,568.75
27376,家電,570.0
27377,食品,571.25
27378,飲料,572.5
27379,日用品,573.75
27380,家電,575.0
27381,食品,576.25
27382,飲料,577.5
27383,日用品,578.75
27384,家電,580.0
27385,食品,581.25
27386,飲料,582.5
27387,日用品,583.75
27388,家電,585.0
27389,食品,586.25
27390,飲料,587.5
27391,日用品,588.75
27392,家電,590.0
27393,食品,591.25
27394,飲料,592.5
27395,日用品,593.75
27396,家電,595.0
27397,食品,596.25
27398,飲料,597.5
27399,日用品,598.75
27400,家電,600.0
27401,食品,601.25
27402,飲料,602.5
27403,日用品,603.75
27404,家電,605.0
27405,食品,606.25
27406,飲料,607.5
27407,日用品,608.75
27408,家電,610.0
27409,食品,611.25
27410,飲料,612.5
27411,日用品,613.75
27412,家電,615.0
27413,食品,616.25
27414,飲料,617.5
27415,日用品,618.75
27416,家電,620.0
27417,食品,621.25
27418,飲料,622.5
27419,日用品,623.75
27420,家電,625.0
27421,食品,626.25
27422,飲料,627.5
27423,日用品,628.75
27424,家電,630.0
27425,食品,631.25
27426,飲料,632.5
27427,日用品,633.75
27428,家電,635.0
27429,食品,636.25
27430,飲料,637.5
27431,日用品,638.75
27432,家電,640.0
27433,食品,641.25
27434,飲料,642.5
27435,日用品,643.75
27436,家電,645.0
27437,食品,646.25
27438,飲料,647.5
27439,日用品,648.75
27440,家電,650.0
27441,食品,651.25
27442,飲料,652.5
27443,日用品,653.75
27444,家電,655.0
27445,食品,656.25
27446,飲料,657.5
27447,日用品,658.75
27448,家電,660.0
27449,食品,661.25
27450,飲料,662.5
27451,日用品,663.75
27452,家電,665.0
27453,食品,666.25
27454,飲料,667.5
27455,日用品,668.75
27456,家電,670.0
27457,食品,671.25
27458,飲料,672.5
27459,日用品,673.75
27460,家電,675.0
27461,食品,676.25
27462,飲料,677.5
27463,日用品,678.75
27464,家電,680.0
27465,食品,681.25
27466,飲料,682.5
27467,日用品,683.75
27468,家電,685.0
27469,食品,686.25
27470,飲料,687.5
27471,日用品,688.75
27472,家電,690.0
27473,食品,691.25
27474,飲料,692.5
27475,日用品,693.75
27476,家電,695.0
27477,食品,696.25
27478,飲料,697.5
27479,日用品,698.75
27480,家電,700.0
27481,食品,701.25
27482,飲料,702.5
27483,日用品,703.75
27484,家電,705.0
27485,食品,706.25
27486,飲料,707.5
27487,日用品,708.75
27488,家電,710.0
27489,食品,711.25
27490,飲料,712.5
27491,日用品,713.75
27492,家電,715.0
27493,食品,716.25
27494,飲料,717.5
27495,日用品,718.75
27496,家電,720.0
27497,食品,721.25
27498,飲料,722.5
27499,日用品,723.75
27500,家電,100.0
27501,食品,101.25
27502,飲料,102.5
27503,日用品,103.75
27504,家電,105.0
27505,食品,106.25
27506,飲料,107.5
27507,日用品,108.75
27508,家電,110.0
27509,食品,111.25
27510,飲料,112.5
27511,日用品,113.75
27512,家電,115.0
27513,食品,116.25
27514,飲料,117.5
27515,日用品,118.75
27516,家電,120.0
27517,食品,121.25
27518,飲料,122.5
27519,日用品,123.75
27520,家電,125.0
27521,食品,126.25
27522,飲料,127.5
27523,日用品,128.75
27524,家電,130.0
27525,食品,131.25
27526,飲料,132.5
27527,日用品,133.75
27528,家電,135.0
27529,食品,136.25
27530,飲料,137.5
27531,日用品,138.75
27532,家電,140.0
27533,食品,141.25
27534,飲料,142.5
27535,日用品,143.75
27536,家電,145.0
27537,食品,146.25
27538,飲料,147.5
27539,日用品,148.75
27540,家電,150.0
27541,食品,151.25
27542,飲料,152.5
27543,日用品,153.75
27544,家電,155.0
27545,食品,156.25
27546,飲料,157.5
27547,日用品,158.75
27548,家電,160.0
27549,食品,161.25
27550,飲料,162.5
27551,日用品,163.75
27552,家電,165.0
27553,食品,166.25
27554,飲料,167.5
27555,日用品,168.75
27556,家電,170.0
27557,食品,171.25
27558,飲料,172.5
27559,日用品,173.75
27560,家電,175.0
27561,食品,176.25
27562,飲料,177.5
27563,日用品,178.75
27564,家電,180.0
27565,食品,181.25
27566,飲料,182.5
27567,日用品,183.75
27568,家電,185.0
27569,食品,186.25
27570,飲料,187.5
27571,日用品,188.75
27572,家電,190.0
27573,食品,191.25
27574,飲料,192.5
27575,日用品,193.75
27576,家電,195.0
27577,食品,196.25
27578,飲料,197.5
27579,日用品,198.75
27580,家電,200.0
27581,食品,201.25
27582,飲料,202.5
27583,日用品,203.75
27584,家電,205.0
27585,食品,206.25
27586,飲料,207.5
27587,日用品,208.75
27588,家電,210.0
27589,食品,211.25
27590,飲料,212.5
27591,日用品,213.75
27592,家電,215.0
27593,食品,216.25
27594,飲料,217.5
27595,日用品,218.75
27596,家電,220.0
27597,食品,221.25
27598,飲料,222.5
27599,日用品,223.75
27600,家電,225.0
27601,食品,226.25
27602,飲料,227.5
27603,日用品,228.75
27604,家電,230.0
27605,食品,231.25
27606,飲料,232.5
27607,日用品,233.75
27608,家電,235.0
27609,食品,236.25
27610,飲料,237.5
27611,日用品,238.75
27612,家電,240.0
27613,食品,241.25
27614,飲料,242.5
27615,日用品,243.75
27616,家電,245.0
27617,食品,246.25
27618,飲料,247.5
27619,日用品,248.75
27620,家電,250.0
27621,食品,251.25
27622,飲料,252.5
27623,日用品,253.75
27624,家電,255.0
27625,食品,256.25
27626,飲料,257.5
27627,日用品,258.75
27628,家電,260.0
27629,食品,261.25
27630,飲料,262.5
27631,日用品,263.75
27632,家電,265.0
27633,食品,266.25
27634,飲料,267.5
27635,日用品,268.75
27636,家電,270.0
27637,食品,271.25
27638,飲料,272.5
27639,日用品,273.75
27640,家電,275.0
27641,食品,276.25
27642,飲料,277.5
27643,日用品,278.75
27644,家電,280.0
27645,食品,281.25
27646,飲料,282.5
27647,日用品,283.75
27648,家電,285.0
27649,食品,286.25
27650,飲料,287.5
27651,日用品,288.75
27652,家電,290.0
27653,食品,291.25
27654,飲料,292.5
27655,日用品,293.75
27656,家電,295.0
27657,食品,296.25
27658,飲料,297.5
27659,日用品,298.75
27660,家電,300.0
27661,食品,301.25
27662,飲料,302.5
27663,日用品,303.75
27664,家電,305.0
27665,食品,306.25
27666,飲料,307.5
27667,日用品,308.75
27668,家電,310.0
27669,食品,311.25
27670,飲料,312.5
27671,日用品,313.75
27672,家電,315.0
27673,食品,316.25
27674,飲料,317.5
27675,日用品,318.75
27676,家電,320.0
27677,食品,321.25
27678,飲料,322.5
27679,日用品,323.75
27680,家電,325.0
27681,食品,326.25
27682,飲料,327.5
27683,日用品,328.75
27684,家電,330.0
27685,食品,331.25
27686,飲料,332.5
27687,日用品,333.75
27688,家電,335.0
27689,食品,336.25
27690,飲料,337.5
27691,日用品,338.75
27692,家電,340.0
27693,食品,341.25
27694,飲料,342.5
27695,日用品,343.75
27696,家電,345.0
27697,食品,346.25
27698,飲料,347.5
27699,日用品,348.75
27700,家電,350.0
27701,食品,351.25
27702,飲料,352.5
27703,日用品,353.75
27704,家電,355.0
27705,食品,356.25
27706,飲料,357.5
27707,日用品,358.75
27708,家電,360.0
27709,食品,361.25
27710,飲料,362.5
27711,日用品,363.75
27712,家電,365.0
27713,食品,366.25
27714,飲料,367.5
27715,日用品,368.75
27716,家電,370.0
27717,食品,371.25
27718,飲料,372.5
27719,日用品,373.75
27720,家電,375.0
27721,食品,376.25
27722,飲料,377.5
27723,日用品,378.75
27724,家電,380.0
27725,食品,381.25
27726,飲料,382.5
27727,日用品,383.75
27728,家電,385.0
27729,食品,386.25
27730,飲料,387.5
27731,日用品,388.75
27732,家電,390.0
27733,食品,391.25
27734,飲料,392.5
27735,日用品,393.75
27736,家電,395.0
27737,食品,396.25
27738,飲料,397.5
27739,日用品,398.75
27740,家電,400.0
27741,食品,401.25
27742,飲料,402.5
27743,日用品,403.75
27744,家電,405.0
27745,食品,406.25
27746,飲料,407.5
27747,日用品,408.75
27748,家電,410.0
27749,食品,411.25
27750,飲料,412.5
27751,日用品,413.75
27752,家電,415.0
27753,食品,416.25
27754,飲料,417.5
27755,日用品,418.75
27756,家電,420.0
27757,食品,421.25
27758,飲料,422.5
27759,日用品,423.75
27760,家電,425.0
27761,食品,426.25
27762,飲料,427.5
27763,日用品,428.75
27764,家電,430.0
27765,食品,431.25
27766,飲料,432.5
27767,日用品,433.75
27768,家電,435.0
27769,食品,436.25
27770,飲料,437.5
27771,日用品,438.75
27772,家電,440.0
27773,食品,441.25
27774,飲料,442.5
27775,日用品,443.75
27776,家電,445.0
27777,食品,446.25
27778,飲料,447.5
27779,日用品,448.75
27780,家電,450.0
27781,食品,451.25
27782,飲料,452.5
27783,日用品,453.75
27784,家電,455.0
27785,食品,456.25
27786,飲料,457.5
27787,日用品,458.75
27788,家電,460.0
27789,食品,461.25
27790,飲料,462.5
27791,日用品,463.75
27792,家電,465.0
27793,食品,466.25
27794,飲料,467.5
27795,日用品,468.75
27796,家電,470.0
27797,食品,471.25
27798,飲料,472.5
27799,日用品,473.75
27800,家電,475.0
27801,食品,476.25
27802,飲料,477.5
27803,日用品,478.75
27804,家電,480.0
27805,食品,481.25
27806,飲料,482.5
27807,日用品,483.75
27808,家電,485.0
27809,食品,486.25
27810,飲料,487.5
27811,日用品,488.75
27812,家電,490.0
27813,食品,491.25
27814,飲料,492.5
27815,日用品,493.75
27816,家電,495.0
27817,食品,496.25
27818,飲料,497.5
27819,日用品,498.75
27820,家電,500.0
27821,食品,501.25
27822,飲料,502.5
27823,日用品,503.75
27824,家電,505.0
27825,食品,506.25
27826,飲料,507.5
27827,日用品,508.75
27828,家電,510.0
27829,食品,511.25
27830,飲料,512.5
27831,日用品,513.75
27832,家電,515.0
27833,食品,516.25
27834,飲料,517.5
27835,日用品,518.75
27836,家電,520.0
27837,食品,521.25
27838,飲料,522.5
27839,日用品,523.75
27840,家電,525.0
27841,食品,526.25
27842,飲料,527.5
27843,日用品,528.75
27844,家電,530.0
27845,食品,531.25
27846,飲料,532.5
27847,日用品,533.75
27848,家電,535.0
27849,食品,536.25
27850,飲料,537.5
27851,日用品,538.75
27852,家電,540.0
27853,食品,541.25
27854,飲料,542.5
27855,日用品,543.75
27856,家電,545.0
27857,食品,546.25
27858,飲料,547.5
27859,日用品,548.75
27860,家電,550.0
27861,食品,551.25
27862,飲料,552.5
27863,日用品,553.75
27864,家電,555.0
27865,食品,556.25
27866,飲料,557.5
27867,日用品,558.75
27868,家電,560.0
27869,食品,561.25
27870,飲料,562.5
27871,日用品,563.75
27872,家電,565.0
27873,食品,566.25
27874,飲料,567.5
27875,日用品,568.75
27876,家電,570.0
27877,食品,571.25
27878,飲料,572.5
27879,日用品,573.75
27880,家電,575.0
27881,食品,576.25
27882,飲料,577.5
27883,日用品,578.75
27884,家電,580.0
27885,食品,581.25
27886,飲料,582.5
27887,日用品,583.75
27888,家電,585.0
27889,食品,586.25
27890,飲料,587.5
27891,日用品,588.75
27892,家電,590.0
27893,食品,591.25
27894,飲料,592.5
27895,日用品,593.75
27896,家電,595.0
27897,食品,596.25
27898,飲料,597.5
27899,日用品,598.75
27900,家電,600.0
27901,食品,601.25
27902,飲料,602.5
27903,日用品,603.75
27904,家電,605.0
27905,食品,606.25
27906,飲料,607.5
27907,日用品,608.75
27908,家電,610.0
27909,食品,611.25
27910,飲料,612.5
27911,日用品,613.75
27912,家電,615.0
27913,食品,616.25
27914,飲料,617.5
27915,日用品,618.75
27916,家電,620.0
27917,食品,621.25
27918,飲料,622.5
27919,日用品,623.75
27920,家電,625.0
27921,食品,626.25
27922,飲料,627.5
27923,日用品,628.75
27924,家電,630.0
27925,食品,631.25
27926,飲料,632.5
27927,日用品,633.75
27928,家電,635.0
27929,食品,636.25
27930,飲料,637.5
27931,日用品,638.75
27932,家電,640.0
27933,食品,641.25
27934,飲料,642.5
27935,日用品,643.75
27936,家電,645.0
27937,食品,646.25
27938,飲料,647.5
27939,日用品,648.75
27940,家電,650.0
27941,食品,651.25
27942,飲料,652.5
27943,日用品,653.75
27944,家電,655.0
27945,食品,656.25
27946,飲料,657.5
27947,日用品,658.75
27948,家電,660.0
27949,食品,661.25
27950,飲料,662.5
27951,日用品,663.75
27952,家電,665.0
27953,食品,666.25
27954,飲料,667.5
27955,日用品,668.75
27956,家電,670.0
27957,食品,671.25
27958,飲料,672.5
27959,日用品,673.75
27960,家電,675.0
27961,食品,676.25
27962,飲料,677.5
27963,日用品,678.75
27964,家電,680.0
27965,食品,681.25
27966,飲料,682.5
27967,日用品,683.75
27968,家電,685.0
27969,食品,686.25
27970,飲料,687.5
27971,日用品,688.75
27972,家電,690.0
27973,食品,691.25
27974,飲料,692.5
27975,日用品,693.75
27976,家電,695.0
27977,食品,696.25
27978,飲料,697.5
27979,日用品,698.75
27980,家電,700.0
27981,食品,701.25
27982,飲料,702.5
27983,日用品,703.75
27984,家電,705.0
27985,食品,706.25
27986,飲料,707.5
27987,日用品,708.75
27988,家電,710.0
27989,食品,711.25
27990,飲料,712.5
27991,日用品,713.75
27992,家電,715.0
27993,食品,716.25
27994,飲料,717.5
27995,日用品,718.75
27996,家電,720.0
27997,食品,721.25
27998,飲料,722.5
27999,日用品,723.75
28000,家電,100.0
28001,食品,101.25
28002,飲料,102.5
28003,日用品,103.75
28004,家電,105.0
28005,食品,106.25
28006,飲料,107.5
28007,日用品,108.75
28008,家電,110.0
28009,食品,111.25
28010,飲料,112.5
28011,日用品,113.75
28012,家電,115.0
28013,食品,116.25
28014,飲料,117.5
28015,日用品,118.75
28016,家電,120.0
28017,食品,121.25
28018,飲料,122.5
28019,日用品,123.75
28020,家電,125.0
28021,食品,126.25
28022,飲料,127.5
28023,日用品,128.75
28024,家電,130.0
28025,食品,131.25
28026,飲料,132.5
28027,日用品,133.75
28028,家電,135.0
28029,食品,136.25
28030,飲料,137.5
28031,日用品,138.75
28032,家電,140.0
28033,食品,141.25
28034,飲料,142.5
28035,日用品,143.75
28036,家電,145.0
28037,食品,146.25
28038,飲料,147.5
28039,日用品,148.75
28040,家電,150.0
28041,食品,151.25
28042,飲料,152.5
28043,日用品,153.75
28044,家電,155.0
28045,食品,156.25
28046,飲料,157.5
28047,日用品,158.75
28048,家電,160.0
28049,食品,161.25
28050,飲料,162.5
28051,日用品,163.75
28052,家電,165.0
28053,食品,166.25
28054,飲料,167.5
28055,日用品,168.75
28056,家電,170.0
28057,食品,171.25
28058,飲料,172.5
28059,日用品,173.75
28060,家電,175.0
28061,食品,176.25
28062,飲料,177.5
28063,日用品,178.75
28064,家電,180.0
28065,食品,181.25
28066,飲料,182.5
28067,日用品,183.75
28068,家電,185.0
28069,食品,186.25
28070,飲料,187.5
28071,日用品,188.75
28072,家電,190.0
28073,食品,191.25
28074,飲料,192.5
28075,日用品,193.75
28076,家電,195.0
28077,食品,196.25
28078,飲料,197.5
28079,日用品,198.75
28080,家電,200.0
28081,食品,201.25
28082,飲料,202.5
28083,日用品,203.75
28084,家電,205.0
28085,食品,206.25
28086,飲料,207.5
28087,日用品,208.75
28088,家電,210.0
28089,食品,211.25
28090,飲料,212.5
28091,日用品,213.75
28092,家電,215.0
28093,食品,216.25
28094,飲料,217.5
28095,日用品,218.75
28096,家電,220.0
28097,食品,221.25
28098,飲料,222.5
28099,日用品,223.75
28100,家電,225.0
28101,食品,226.25
28102,飲料,227.5
28103,日用品,228.75
28104,家電,230.0
28105,食品,231.25
28106,飲料,232.5
28107,日用品,233.75
28108,家電,235.0
28109,食品,236.25
28110,飲料,237.5
28111,日用品,238.75
28112,家電,240.0
28113,食品,241.25
28114,飲料,242.5
28115,日用品,243.75
28116,家電,245.0
28117,食品,246.25
28118,飲料,247.5
28119,日用品,248.75
28120,家電,250.0
28121,食品,251.25
28122,飲料,252.5
28123,日用品,253.75
28124,家電,255.0
28125,食品,256.25
28126,飲料,257.5
28127,日用品,258.75
28128,家電,260.0
28129,食品,261.25
28130,飲料,262.5
28131,日用品,263.75
28132,家電,265.0
28133,食品,266.25
28134,飲料,267.5
28135,日用品,268.75
28136,家電,270.0
28137,食品,271.25
28138,飲料,272.5
28139,日用品,273.75
28140,家電,275.0
28141,食品,276.25
28142,飲料,277.5
28143,日用品,278.75
28144,家電,280.0
28145,食品,281.25
28146,飲料,282.5
28147,日用品,283.75
28148,家電,285.0
28149,食品,286.25
28150,飲料,287.5
28151,日用品,288.75
28152,家電,290.0
28153,食品,291.25
28154,飲料,292.5
28155,日用品,293.75
28156,家電,295.0
28157,食品,296.25
28158,飲料,297.5
28159,日用品,298.75
28160,家電,300.0
28161,食品,301.25
28162,飲料,302.5
28163,日用品,303.75
28164,家電,305.0
28165,食品,306.25
28166,飲料,307.5
28167,日用品,308.75
28168,家電,310.0
28169,食品,311.25
28170,飲料,312.5
28171,日用品,313.75
28172,家電,315.0
28173,食品,316.25
28174,飲料,317.5
28175,日用品,318.75
28176,家電,320.0
28177,食品,321.25
28178,飲料,322.5
28179,日用品,323.75
28180,家電,325.0
28181,食品,326.25
28182,飲料,327.5
28183,日用品,328.75
28184,家電,330.0
28185,食品,331.25
28186,飲料,332.5
28187,日用品,333.75
28188,家電,335.0
28189,食品,336.25
28190,飲料,337.5
28191,日用品,338.75
28192,家電,340.0
28193,食品,341.25
28194,飲料,342.5
28195,日用品,343.75
28196,家電,345.0
28197,食品,346.25
28198,飲料,347.5
28199,日用品,348.75
28200,家電,350.0
28201,食品,351.25
28202,飲料,352.5
28203,日用品,353.75
28204,家電,355.0
28205,食品,356.25
28206,飲料,357.5
28207,日用品,358.75
28208,家電,360.0
28209,食品,361.25
28210,飲料,362.5
28211,日用品,363.75
28212,家電,365.0
28213,食品,366.25
28214,飲料,367.5
28215,日用品,368.75
28216,家電,370.0
28217,食品,371.25
28218,飲料,372.5
28219,日用品,373.75
28220,家電,375.0
28221,食品,376.25
28222,飲料,377.5
28223,日用品,378.75
28224,家電,380.0
28225,食品,381.25
28226,飲料,382.5
28227,日用品,383.75
28228,家電,385.0
28229,食品,386.25
28230,飲料,387.5
28231,日用品,388.75
28232,家電,390.0
28233,食品,391.25
28234,飲料,392.5
28235,日用品,393.75
28236,家電,395.0
28237,食品,396.25
28238,飲料,397.5
28239,日用品,398.75
28240,家電,400.0
28241,食品,401.25
28242,飲料,402.5
28243,日用品,403.75
28244,家電,405.0
28245,食品,406.25
28246,飲料,407.5
28247,日用品,408.75
28248,家電,410.0
28249,食品,411.25
28250,飲料,412.5
28251,日用品,413.75
28252,家電,415.0
28253,食品,416.25
28254,飲料,417.5
28255,日用品,418.75
28256,家電,420.0
28257,食品,421.25
28258,飲料,422.5
28259,日用品,423.75
28260,家電,425.0
28261,食品,426.25
28262,飲料,427.5
28263,日用品,428.75
28264,家電,430.0
28265,食品,431.25
28266,飲料,432.5
28267,日用品,433.75
28268,家電,435.0
28269,食品,436.25
28270,飲料,437.5
28271,日用品,438.75
28272,家電,440.0
28273,食品,441.25
28274,飲料,442.5
28275,日用品,443.75
28276,家電,445.0
28277,食品,446.25
28278,飲料,447.5
28279,日用品,448.75
28280,家電,450.0
28281,食品,451.25
28282,飲料,452.5
28283,日用品,453.75
28284,家電,455.0
28285,食品,456.25
28286,飲料,457.5
28287,日用品,458.75
28288,家電,460.0
28289,食品,461.25
28290,飲料,462.5
28291,日用品,463.75
28292,家電,465.0
28293,食品,466.25
28294,飲料,467.5
28295,日用品,468.75
28296,家電,470.0
28297,食品,471.25
28298,飲料,472.5
28299,日用品,473.75
28300,家電,475.0
28301,食品,476.25
28302,飲料,477.5
28303,日用品,478.75
28304,家電,480.0
28305,食品,481.25
28306,飲料,482.5
28307,日用品,483.75
28308,家電,485.0
28309,食品,486.25
28310,飲料,487.5
28311,日用品,488.75
28312,家電,490.0
28313,食品,491.25
28314,飲料,492.5
28315,日用品,493.75
28316,家電,495.0
28317,食品,496.25
28318,飲料,497.5
28319,日用品,498.75
28320,家電,500.0
28321,食品,501.25
28322,飲料,502.5
28323,日用品,503.75
28324,家電,505.0
28325,食品,506.25
28326,飲料,507.5
28327,日用品,508.75
28328,家電,510.0
28329,食品,511.25
28330,飲料,512.5
28331,日用品,513.75
28332,家電,515.0
28333,食品,516.25
28334,飲料,517.5
28335,日用品,518.75
28336,家電,520.0
28337,食品,521.25
28338,飲料,522.5
28339,日用品,523.75
28340,家電,525.0
28341,食品,526.25
28342,飲料,527.5
28343,日用品,528.75
28344,家電,530.0
28345,食品,531.25
28346,飲料,532.5
28347,日用品,533.75
28348,家電,535.0
28349,食品,536.25
28350,飲料,537.5
28351,日用品,538.75
28352,家電,540.0
28353,食品,541.25
28354,飲料,542.5
28355,日用品,543.75
28356,家電,545.0
28357,食品,546.25
28358,飲料,547.5
28359,日用品,548.75
28360,家電,550.0
28361,食品,551.25
28362,飲料,552.5
28363,日用品,553.75
28364,家電,555.0
28365,食品,556.25
28366,飲料,557.5
28367,日用品,558.75
28368,家電,560.0
28369,食品,561.25
28370,飲料,562.5
28371,日用品,563.75
28372,家電,565.0
28373,食品,566.25
28374,飲料,567.5
28375,日用品,568.75
28376,家電,570.0
28377,食品,571.25
28378,飲料,572.5
28379,日用品,573.75
28380,家電,575.0
28381,食品,576.25
28382,飲料,577.5
28383,日用品,578.75
28384,家電,580.0
28385,食品,581.25
28386,飲料,582.5
28387,日用品,583.75
28388,家電,585.0
28389,食品,586.25
28390,飲料,587.5
28391,日用品,588.75
28392,家電,590.0
28393,食品,591.25
28394,飲料,592.5
28395,日用品,593.75
28396,家電,595.0
28397,食品,596.25
28398,飲料,597.5
28399,日用品,598.75
28400,家電,600.0
28401,食品,601.25
28402,飲料,602.5
28403,日用品,603.75
28404,家電,605.0
28405,食品,606.25
28406,飲料,607.5
28407,日用品,608.75
28408,家電,610.0
28409,食品,611.25
28410,飲料,612.5
28411,日用品,613.75
28412,家電,615.0
28413,食品,616.25
28414,飲料,617.5
28415,日用品,618.75
28416,家電,620.0
28417,食品,621.25
28418,飲料,622.5
28419,日用品,623.75
28420,家電,625.0
28421,食品,626.25
28422,飲料,627.5
28423,日用品,628.75
28424,家電,630.0
28425,食品,631.25
28426,飲料,632.5
28427,日用品,633.75
28428,家電,635.0
28429,食品,636.25
28430,飲料,637.5
28431,日用品,638.75
28432,家電,640.0
28433,食品,641.25
28434,飲料,642.5
28435,日用品,643.75
28436,家電,645.0
28437,食品,646.25
28438,飲料,647.5
28439,日用品,648.75
28440,家電,650.0
28441,食品,651.25
28442,飲料,652.5
28443,日用品,653.75
28444,家電,655.0
28445,食品,656.25
28446,飲料,657.5
28447,日用品,658.75
28448,家電,660.0
28449,食品,661.25
28450,飲料,662.5
28451,日用品,663.75
28452,家電,665.0
28453,食品,666.25
28454,飲料,667.5
28455,日用品,668.75
28456,家電,670.0
28457,食品,671.25
28458,飲料,672.5
28459,日用品,673.75
28460,家電,675.0
28461,食品,676.25
28462,飲料,677.5
28463,日用品,678.75
28464,家電,680.0
28465,食品,681.25
28466,飲料,682.5
28467,日用品,683.75
28468,家電,685.0
28469,食品,686.25
28470,飲料,687.5
28471,日用品,688.75
28472,家電,690.0
28473,食品,691.25
28474,飲料,692.5
28475,日用品,693.75
28476,家電,695.0
28477,食品,696.25
28478,飲料,697.5
28479,日用品,698.75
28480,家電,700.0
28481,食品,701.25
28482,飲料,702.5
28483,日用品,703.75
28484,家電,705.0
28485,食品,706.25
28486,飲料,707.5
28487,日用品,708.75
28488,家電,710.0
28489,食品,711.25
28490,飲料,712.5
28491,日用品,713.75
28492,家電,715.0
28493,食品,716.25
28494,飲料,717.5
28495,日用品,718.75
28496,家電,720.0
28497,食品,721.25
28498,飲料,722.5
28499,日用品,723.75
28500,家電,100.0
28501,食品,101.25
28502,飲料,102.5
28503,日用品,103.75
28504,家電,105.0
28505,食品,106.25
28506,飲料,107.5
28507,日用品,108.75
28508,家電,110.0
28509,食品,111.25
28510,飲料,112.5
28511,日用品,113.75
28512,家電,115.0
28513,食品,116.25
28514,飲料,117.5
28515,日用品,118.75
28516,家電,120.0
28517,食品,121.25
28518,飲料,122.5
28519,日用品,123.75
28520,家電,125.0
28521,食品,126.25
28522,飲料,127.5
28523,日用品,128.75
28524,家電,130.0
28525,食品,131.25
28526,飲料,132.5
28527,日用品,133.75
28528,家電,135.0
28529,食品,136.25
28530,飲料,137.5
28531,日用品,138.75
28532,家電,140.0
28533,食品,141.25
28534,飲料,142.5
28535,日用品,143.75
28536,家電,145.0
28537,食品,146.25
28538,飲料,147.5
28539,日用品,148.75
28540,家電,150.0
28541,食品,151.25
28542,飲料,152.5
28543,日用品,153.75
28544,家電,155.0
28545,食品,156.25
28546,飲料,157.5
28547,日用品,158.75
28548,家電,160.0
28549,食品,161.25
28550,飲料,162.5
28551,日用品,163.75
28552,家電,165.0
28553,食品,166.25
28554,飲料,167.5
28555,日用品,168.75
28556,家電,170.0
28557,食品,171.25
28558,飲料,172.5
28559,日用品,173.75
28560,家電,175.0
28561,食品,176.25
28562,飲料,177.5
28563,日用品,178.75
28564,家電,180.0
28565,食品,181.25
28566,飲料,182.5
28567,日用品,183.75
28568,家電,185.0
28569,食品,186.25
28570,飲料,187.5
28571,日用品,188.75
28572,家電,190.0
28573,食品,191.25
28574,飲料,192.5
28575,日用品,193.75
28576,家電,195.0
28577,食品,196.25
28578,飲料,197.5
28579,日用品,198.75
28580,家電,200.0
28581,食品,201.25
28582,飲料,202.5
28583,日用品,203.75
28584,家電,205.0
28585,食品,206.25
28586,飲料,207.5
28587,日用品,208.75
28588,家電,210.0
28589,食品,211.25
28590,飲料,212.5
28591,日用品,213.75
28592,家電,215.0
28593,食品,216.25
28594,飲料,217.5
28595,日用品,218.75
28596,家電,220.0
28597,食品,221.25
28598,飲料,222.5
28599,日用品,223.75
28600,家電,225.0
28601,食品,226.25
28602,飲料,227.5
28603,日用品,228.75
28604,家電,230.0
28605,食品,231.25
28606,飲料,232.5
28607,日用品,233.75
28608,家電,235.0
28609,食品,236.25
28610,飲料,237.5
28611,日用品,238.75
28612,家電,240.0
28613,食品,241.25
28614,飲料,242.5
28615,日用品,243.75
28616,家電,245.0
28617,食品,246.25
28618,飲料,247.5
28619,日用品,248.75
28620,家電,250.0
28621,食品,251.25
28622,飲料,252.5
28623,日用品,253.75
28624,家電,255.0
28625,食品,256.25
28626,飲料,257.5
28627,日用品,258.75
28628,家電,260.0
28629,食品,261.25
28630,飲料,262.5
28631,日用品,263.75
28632,家電,265.0
28633,食品,266.25
28634,飲料,267.5
28635,日用品,268.75
28636,家電,270.0
28637,食品,271.25
28638,飲料,272.5
28639,日用品,273.75
28640,家電,275.0
28641,食品,276.25
28642,飲料,277.5
28643,日用品,278.75
28644,家電,280.0
28645,食品,281.25
28646,飲料,282.5
28647,日用品,283.75
28648,家電,285.0
28649,食品,286.25
28650,飲料,287.5
28651,日用品,288.75
28652,家電,290.0
28653,食品,291.25
28654,飲料,292.5
28655,日用品,293.75
28656,家電,295.0
28657,食品,296.25
28658,飲料,297.5
28659,日用品,298.75
28660,家電,300.0
28661,食品,301.25
28662,飲料,302.5
28663,日用品,303.75
28664,家電,305.0
28665,食品,306.25
28666,飲料,307.5
28667,日用品,308.75
28668,家電,310.0
28669,食品,311.25
28670,飲料,312.5
28671,日用品,313.75
28672,家電,315.0
28673,食品,316.25
28674,飲料,317.5
28675,日用品,318.75
28676,家電,320.0
28677,食品,321.25
28678,飲料,322.5
28679,日用品,323.75
28680,家電,325.0
28681,食品,326.25
28682,飲料,327.5
28683,日用品,328.75
28684,家電,330.0
28685,食品,331.25
28686,飲料,332.5
28687,日用品,333.75
28688,家電,335.0
28689,食品,336.25
28690,飲料,337.5
28691,日用品,338.75
28692,家電,340.0
28693,食品,341.25
28694,飲料,342.5
28695,日用品,343.75
28696,家電,345.0
28697,食品,346.25
28698,飲料,347.5
28699,日用品,348.75
28700,家電,350.0
28701,食品,351.25
28702,飲料,352.5
28703,日用品,353.75
28704,家電,355.0
28705,食品,356.25
28706,飲料,357.5
28707,日用品,358.75
28708,家電,360.0
28709,食品,361.25
28710,飲料,362.5
28711,日用品,363.75
28712,家電,365.0
28713,食品,366.25
28714,飲料,367.5
28715,日用品,368.75
28716,家電,370.0
28717,食品,371.25
28718,飲料,372.5
28719,日用品,373.75
28720,家電,375.0
28721,食品,376.25
28722,飲料,377.5
28723,日用品,378.75
28724,家電,380.0
28725,食品,381.25
28726,飲料,382.5
28727,日用品,383.75
28728,家電,385.0
28729,食品,386.25
28730,飲料,387.5
28731,日用品,388.75
28732,家電,390.0
28733,食品,391.25
28734,飲料,392.5
28735,日用品,393.75
28736,家電,395.0
28737,食品,396.25
28738,飲料,397.5
28739,日用品,398.75
28740,家電,400.0
28741,食品,401.25
28742,飲料,402.5
28743,日用品,403.75
28744,家電,405.0
28745,食品,406.25
28746,飲料,407.5
28747,日用品,408.75
28748,家電,410.0
28749,食品,411.25
28750,飲料,412.5
28751,日用品,413.75
28752,家電,415.0
28753,食品,416.25
28754,飲料,417.5
28755,日用品,418.75
28756,家電,420.0
28757,食品,421.25
28758,飲料,422.5
28759,日用品,423.75
28760,家電,425.0
28761,食品,426.25
28762,飲料,427.5
28763,日用品,428.75
28764,家電,430.0
28765,食品,431.25
28766,飲料,432.5
28767,日用品,433.75
28768,家電,435.0
28769,食品,436.25
28770,飲料,437.5
28771,日用品,438.75
28772,家電,440.0
28773,食品,441.25
28774,飲料,442.5
28775,日用品,443.75
28776,家電,445.0
28777,食品,446.25
28778,飲料,447.5
28779,日用品,448.75
28780,家電,450.0
28781,食品,451.25
28782,飲料,452.5
28783,日用品,453.75
28784,家電,455.0
28785,食品,456.25
28786,飲料,457.5
28787,日用品,458.75
28788,家電,460.0
28789,食品,461.25
28790,飲料,462.5
28791,日用品,463.75
28792,家電,465.0
28793,食品,466.25
28794,飲料,467.5
28795,日用品,468.75
28796,家電,470.0
28797,食品,471.25
28798,飲料,472.5
28799,日用品,473.75
28800,家電,475.0
28801,食品,476.25
28802,飲料,477.5
28803,日用品,478.75
28804,家電,480.0
28805,食品,481.25
28806,飲料,482.5
28807,日用品,483.75
28808,家電,485.0
28809,食品,486.25
28810,飲料,487.5
28811,日用品,488.75
28812,家電,490.0
28813,食品,491.25
28814,飲料,492.5
28815,日用品,493.75
28816,家電,495.0
28817,食品,496.25
28818,飲料,497.5
28819,日用品,498.75
28820,家電,500.0
28821,食品,501.25
28822,飲料,502.5
28823,日用品,503.75
28824,家電,505.0
28825,食品,506.25
28826,飲料,507.5
28827,日用品,508.75
28828,家電,510.0
28829,食品,511.25
28830,飲料,512.5
28831,日用品,513.75
28832,家電,515.0
28833,食品,516.25
28834,飲料,517.5
28835,日用品,518.75
28836,家電,520.0
28837,食品,521.25
28838,飲料,522.5
28839,日用品,523.75
28840,家電,525.0
28841,食品,526.25
28842,飲料,527.5
28843,日用品,528.75
28844,家電,530.0
28845,食品,531.25
28846,飲料,532.5
28847,日用品,533.75
28848,家電,535.0
28849,食品,536.25
28850,飲料,537.5
28851,日用品,538.75
28852,家電,540.0
28853,食品,541.25
28854,飲料,542.5
28855,日用品,543.75
28856,家電,545.0
28857,食品,546.25
28858,飲料,547.5
28859,日用品,548.75
28860,家電,550.0
28861,食品,551.25
28862,飲料,552.5
28863,日用品,553.75
28864,家電,555.0
28865,食品,556.25
28866,飲料,557.5
28867,日用品,558.75
28868,家電,560.0
28869,食品,561.25
28870,飲料,562.5
28871,日用品,563.75
28872,家電,565.0
28873,食品,566.25
28874,飲料,567.5
28875,日用品,568.75
28876,家電,570.0
28877,食品,571.25
28878,飲料,572.5
28879,日用品,573.75
28880,家電,575.0
28881,食品,576.25
28882,飲料,577.5
28883,日用品,578.75
28884,家電,580.0
28885,食品,581.25
28886,飲料,582.5
28887,日用品,583.75
28888,家電,585.0
28889,食品,586.25
28890,飲料,587.5
28891,日用品,588.75
28892,家電,590.0
28893,食品,591.25
28894,飲料,592.5
28895,日用品,593.75
28896,家電,595.0
28897,食品,596.25
28898,飲料,597.5
28899,日用品,598.75
28900,家電,600.0
28901,食品,601.25
28902,飲料,602.5
28903,日用品,603.75
28904,家電,605.0
28905,食品,606.25
28906,飲料,607.5
28907,日用品,608.75
28908,家電,610.0
28909,食品,611.25
28910,飲料,612.5
28911,日用品,613.75
28912,家電,615.0
28913,食品,616.25
28914,飲料,617.5
28915,日用品,618.75
28916,家電,620.0
28917,食品,621.25
28918,飲料,622.5
28919,日用品,623.75
28920,家電,625.0
28921,食品,626.25
28922,飲料,627.5
28923,日用品,628.75
28924,家電,630.0
28925,食品,631.25
28926,飲料,632.5
28927,日用品,633.75
28928,家電,635.0
28929,食品,636.25
28930,飲料,637.5
28931,日用品,638.75
28932,家電,640.0
28933,食品,641.25
28934,飲料,642.5
28935,日用品,643.75
28936,家電,645.0
28937,食品,646.25
28938,飲料,647.5
28939,日用品,648.75
28940,家電,650.0
28941,食品,651.25
28942,飲料,652.5
28943,日用品,653.75
28944,家電,655.0
28945,食品,656.25
28946,飲料,657.5
28947,日用品,658.75
28948,家電,660.0
28949,食品,661.25
28950,飲料,662.5
28951,日用品,663.75
28952,家電,665.0
28953,食品,666.25
28954,飲料,667.5
28955,日用品,668.75
28956,家電,670.0
28957,食品,671.25
28958,飲料,672.5
28959,日用品,673.75
28960,家電,675.0
28961,食品,676.25
28962,飲料,677.5
28963,日用品,678.75
28964,家電,680.0
28965,食品,681.25
28966,飲料,682.5
28967,日用品,683.75
28968,家電,685.0
28969,食品,686.25
28970,飲料,687.5
28971,日用品,688.75
28972,家電,690.0
28973,食品,691.25
28974,飲料,692.5
28975,日用品,693.75
28976,家電,695.0
28977,食品,696.25
28978,飲料,697.5
28979,日用品,698.75
28980,家電,700.0
28981,食品,701.25
28982,飲料,702.5
28983,日用品,703.75
28984,家電,705.0
28985,食品,706.25
28986,飲料,707.5
28987,日用品,708.75
28988,家電,710.0
28989,食品,711.25
28990,飲料,712.5
28991,日用品,713.75
28992,家電,715.0
28993,食品,716.25
28994,飲料,717.5
28995,日用品,718.75
28996,家電,720.0
28997,食品,721.25
28998,飲料,722.5
28999,日用品,723.75
29000,家電,100.0
29001,食品,101.25
29002,飲料,102.5
29003,日用品,103.75
29004,家電,105.0
29005,食品,106.25
29006,飲料,107.5
29007,日用品,108.75
29008,家電,110.0
29009,食品,111.25
29010,飲料,112.5
29011,日用品,113.75
29012,家電,115.0
29013,食品,116.25
29014,飲料,117.5
29015,日用品,118.75
29016,家電,120.0
29017,食品,121.25
29018,飲料,122.5
29019,日用品,123.75
29020,家電,125.0
29021,食品,126.25
29022,飲料,127.5
29023,日用品,128.75
29024,家電,130.0
29025,食品,131.25
29026,飲料,132.5
29027,日用品,133.75
29028,家電,135.0
29029,食品,136.25
29030,飲料,137.5
29031,日用品,138.75
29032,家電,140.0
29033,食品,141.25
29034,飲料,142.5
29035,日用品,143.75
29036,家電,145.0
29037,食品,146.25
29038,飲料,147.5
29039,日用品,148.75
29040,家電,150.0
29041,食品,151.25
29042,飲料,152.5
29043,日用品,153.75
29044,家電,155.0
29045,食品,156.25
29046,飲料,157.5
29047,日用品,158.75
29048,家電,160.0
29049,食品,161.25
29050,飲料,162.5
29051,日用品,163.75
29052,家電,165.0
29053,食品,166.25
29054,飲料,167.5
29055,日用品,168.75
29056,家電,170.0
29057,食品,171.25
29058,飲料,172.5
29059,日用品,173.75
29060,家電,175.0
29061,食品,176.25
29062,飲料,177.5
29063,日用品,178.75
29064,家電,180.0
29065,食品,181.25
29066,飲料,182.5
29067,日用品,183.75
29068,家電,185.0
29069,食品,186.25
29070,飲料,187.5
29071,日用品,188.75
29072,家電,190.0
29073,食品,191.25
29074,飲料,192.5
29075,日用品,193.75
29076,家電,195.0
29077,食品,196.25
29078,飲料,197.5
29079,日用品,198.75
29080,家電,200.0
29081,食品,201.25
29082,飲料,202.5
29083,日用品,203.75
29084,家電,205.0
29085,食品,206.25
29086,飲料,207.5
29087,日用品,208.75
29088,家電,210.0
29089,食品,211.25
29090,飲料,212.5
29091,日用品,213.75
29092,家電,215.0
29093,食品,216.25
29094,飲料,217.5
29095,日用品,218.75
29096,家電,220.0
29097,食品,221.25
29098,飲料,222.5
29099,日用品,223.75
29100,家電,225.0
29101,食品,226.25
29102,飲料,227.5
29103,日用品,228.75
29104,家電,230.0
29105,食品,231.25
29106,飲料,232.5
29107,日用品,233.75
29108,家電,235.0
29109,食品,236.25
29110,飲料,237.5
29111,日用品,238.75
29112,家電,240.0
29113,食品,241.25
29114,飲料,242.5
29115,日用品,243.75
29116,家電,245.0
29117,食品,246.25
29118,飲料,247.5
29119,日用品,248.75
29120,家電,250.0
29121,食品,251.25
29122,飲料,252.5
29123,日用品,253.75
29124,家電,255.0
29125,食品,256.25
29126,飲料,257.5
29127,日用品,258.75
29128,家電,260.0
29129,食品,261.25
29130,飲料,262.5
29131,日用品,263.75
29132,家電,265.0
29133,食品,266.25
29134,飲料,267.5
29135,日用品,268.75
29136,家電,270.0
29137,食品,271.25
29138,飲料,272.5
29139,日用品,273.75
29140,家電,275.0
29141,食品,276.25
29142,飲料,277.5
29143,日用品,278.75
29144,家電,280.0
29145,食品,281.25
29146,飲料,282.5
29147,日用品,283.75
29148,家電,285.0
29149,食品,286.25
29150,飲料,287.5
29151,日用品,288.75
29152,家電,290.0
29153,食品,291.25
29154,飲料,292.5
29155,日用品,293.75
29156,家電,295.0
29157,食品,296.25
29158,飲料,297.5
29159,日用品,298.75
29160,家電,300.0
29161,食品,301.25
29162,飲料,302.5
29163,日用品,303.75
29164,家電,305.0
29165,食品,306.25
29166,飲料,307.5
29167,日用品,308.75
29168,家電,310.0
29169,食品,311.25
29170,飲料,312.5
29171,日用品,313.75
29172,家電,315.0
29173,食品,316.25
29174,飲料,317.5
29175,日用品,318.75
29176,家電,320.0
29177,食品,321.25
29178,飲料,322.5
29179,日用品,323.75
29180,家電,325.0
29181,食品,326.25
29182,飲料,327.5
29183,日用品,328.75
29184,家電,330.0
29185,食品,331.25
29186,飲料,332.5
29187,日用品,333.75
29188,家電,335.0
29189,食品,336.25
29190,飲料,337.5
29191,日用品,338.75
29192,家電,340.0
29193,食品,341.25
29194,飲料,342.5
29195,日用品,343.75
29196,家電,345.0
29197,食品,346.25
29198,飲料,347.5
29199,日用品,348.75
29200,家電,350.0
29201,食品,351.25
29202,飲料,352.5
29203,日用品,353.75
29204,家電,355.0
29205,食品,356.25
29206,飲料,357.5
29207,日用品,358.75
29208,家電,360.0
29209,食品,361.25
29210,飲料,362.5
29211,日用品,363.75
29212,家電,365.0
29213,食品,366.25
29214,飲料,367.5
29215,日用品,368.75
29216,家電,370.0
29217,食品,371.25
29218,飲料,372.5
29219,日用品,373.75
29220,家電,375.0
29221,食品,376.25
29222,飲料,377.5
29223,日用品,378.75
29224,家電,380.0
29225,食品,381.25
29226,飲料,382.5
29227,日用品,383.75
29228,家電,385.0
29229,食品,386.25
29230,飲料,387.5
29231,日用品,388.75
29232,家電,390.0
29233,食品,391.25
29234,飲料,392.5
29235,日用品,393.75
29236,家電,395.0
29237,食品,396.25
29238,飲料,397.5
29239,日用品,398.75
29240,家電,400.0
29241,食品,401.25
29242,飲料,402.5
29243,日用品,403.75
29244,家電,405.0
29245,食品,406.25
29246,飲料,407.5
29247,日用品,408.75
29248,家電,410.0
29249,食品,411.25
29250,飲料,412.5
29251,日用品,413.75
29252,家電,415.0
29253,食品,416.25
29254,飲料,417.5
29255,日用品,418.75
29256,家電,420.0
29257,食品,421.25
29258,飲料,422.5
29259,日用品,423.75
29260,家電,425.0
29261,食品,426.25
29262,飲料,427.5
29263,日用品,428.75
29264,家電,430.0
29265,食品,431.25
29266,飲料,432.5
29267,日用品,433.75
29268,家電,435.0
29269,食品,436.25
29270,飲料,437.5
29271,日用品,438.75
29272,家電,440.0
29273,食品,441.25
29274,飲料,442.5
29275,日用品,443.75
29276,家電,445.0
29277,食品,446.25
29278,飲料,447.5
29279,日用品,448.75
29280,家電,450.0
29281,食品,451.25
29282,飲料,452.5
29283,日用品,453.75
29284,家電,455.0
29285,食品,456.25
29286,飲料,457.5
29287,日用品,458.75
29288,家電,460.0
29289,食品,461.25
29290,飲料,462.5
29291,日用品,463.75
29292,家電,465.0
29293,食品,466.25
29294,飲料,467.5
29295,日用品,468.75
29296,家電,470.0
29297,食品,471.25
29298,飲料,472.5
29299,日用品,473.75
29300,家電,475.0
29301,食品,476.25
29302,飲料,477.5
29303,日用品,478.75
29304,家電,480.0
29305,食品,481.25
29306,飲料,482.5
29307,日用品,483.75
29308,家電,485.0
29309,食品,486.25
29310,飲料,487.5
29311,日用品,488.75
29312,家電,490.0
29313,食品,491.25
29314,飲料,492.5
29315,日用品,493.75
29316,家電,495.0
29317,食品,496.25
29318,飲料,497.5
29319,日用品,498.75
29320,家電,500.0
29321,食品,501.25
29322,飲料,502.5
29323,日用品,503.75
29324,家電,505.0
29325,食品,506.25
29326,飲料,507.5
29327,日用品,508.75
29328,家電,510.0
29329,食品,511.25
29330,飲料,512.5
29331,日用品,513.75
29332,家電,515.0
29333,食品,516.25
29334,飲料,517.5
29335,日用品,518.75
29336,家電,520.0
29337,食品,521.25
29338,飲料,522.5
29339,日用品,523.75
29340,家電,525.0
29341,食品,526.25
29342,飲料,527.5
29343,日用品,528.75
29344,家電,530.0
29345,食品,531.25
29346,飲料,532.5
29347,日用品,533.75
29348,家電,535.0
29349,食品,536.25
29350,飲料,537.5
29351,日用品,538.75
29352,家電,540.0
29353,食品,541.25
29354,飲料,542.5
29355,日用品,543.75
29356,家電,545.0
29357,食品,546.25
29358,飲料,547.5
29359,日用品,548.75
29360,家電,550.0
29361,食品,551.25
29362,飲料,552.5
29363,日用品,553.75
29364,家電,555.0
29365,食品,556.25
29366,飲料,557.5
29367,日用品,558.75
29368,家電,560.0
29369,食品,561.25
29370,飲料,562.5
29371,日用品,563.75
29372,家電,565.0
29373,食品,566.25
29374,飲料,567.5
29375,日用品,568.75
29376,家電,570.0
29377,食品,571.25
29378,飲料,572.5
29379,日用品,573.75
29380,家電,575.0
29381,食品,576.25
29382,飲料,577.5
29383,日用品,578.75
29384,家電,580.0
29385,食品,581.25
29386,飲料,582.5
29387,日用品,583.75
29388,家電,585.0
29389,食品,586.25
29390,飲料,587.5
29391,日用品,588.75
29392,家電,590.0
29393,食品,591.25
29394,飲料,592.5
29395,日用品,593.75
29396,家電,595.0
29397,食品,596.25
29398,飲料,597.5
29399,日用品,598.75
29400,家電,600.0
29401,食品,601.25
29402,飲料,602.5
29403,日用品,603.75
29404,家電,605.0
29405,食品,606.25
29406,飲料,607.5
29407,日用品,608.75
29408,家電,610.0
29409,食品,611.25
29410,飲料,612.5
29411,日用品,613.75
29412,家電,615.0
29413,食品,616.25
29414,飲料,617.5
29415,日用品,618.75
29416,家電,620.0
29417,食品,621.25
29418,飲料,622.5
29419,日用品,623.75
29420,家電,625.0
29421,食品,626.25
29422,飲料,627.5
29423,日用品,628.75
29424,家電,630.0
29425,食品,631.25
29426,飲料,632.5
29427,日用品,633.75
29428,家電,635.0
29429,食品,636.25
29430,飲料,637.5
29431,日用品,638.75
29432,家電,640.0
29433,食品,641.25
29434,飲料,642.5
29435,日用品,643.75
29436,家電,645.0
29437,食品,646.25
29438,飲料,647.5
29439,日用品,648.75
29440,家電,650.0
29441,食品,651.25
29442,飲料,652.5
29443,日用品,653.75
29444,家電,655.0
29445,食品,656.25
29446,飲料,657.5
29447,日用品,658.75
29448,家電,660.0
29449,食品,661.25
29450,飲料,662.5
29451,日用品,663.75
29452,家電,665.0
29453,食品,666.25
29454,飲料,667.5
29455,日用品,668.75
29456,家電,670.0
29457,食品,671.25
29458,飲料,672.5
29459,日用品,673.75
29460,家電,675.0
29461,食品,676.25
29462,飲料,677.5
29463,日用品,678.75
29464,家電,680.0
29465,食品,681.25
29466,飲料,682.5
29467,日用品,683.75
29468,家電,685.0
29469,食品,686.25
29470,飲料,687.5
29471,日用品,688.75
29472,家電,690.0
29473,食品,691.25
29474,飲料,692.5
29475,日用品,693.75
29476,家電,695.0
29477,食品,696.25
29478,飲料,697.5
29479,日用品,698.75
29480,家電,700.0
29481,食品,701.25
29482,飲料,702.5
29483,日用品,703.75
29484,家電,705.0
29485,食品,706.25
29486,飲料,707.5
29487,日用品,708.75
29488,家電,710.0
29489,食品,711.25
29490,飲料,712.5
29491,日用品,713.75
29492,家電,715.0
29493,食品,716.25
29494,飲料,717.5
29495,日用品,718.75
29496,家電,720.0
29497,食品,721.25
29498,飲料,722.5
29499,日用品,723.75
29500,家電,100.0
29501,食品,101.25
29502,飲料,102.5
29503,日用品,103.75
29504,家電,105.0
29505,食品,106.25
29506,飲料,107.5
29507,日用品,108.75
29508,家電,110.0
29509,食品,111.25
29510,飲料,112.5
29511,日用品,113.75
29512,家電,115.0
29513,食品,116.25
29514,飲料,117.5
29515,日用品,118.75
29516,家電,120.0
29517,食品,121.25
29518,飲料,122.5
29519,日用品,123.75
29520,家電,125.0
29521,食品,126.25
29522,飲料,127.5
29523,日用品,128.75
29524,家電,130.0
29525,食品,131.25
29526,飲料,132.5
29527,日用品,133.75
29528,家電,135.0
29529,食品,136.25
29530,飲料,137.5
29531,日用品,138.75
29532,家電,140.0
29533,食品,141.25
29534,飲料,142.5
29535,日用品,143.75
29536,家電,145.0
29537,食品,146.25
29538,飲料,147.5
29539,日用品,148.75
29540,家電,150.0
29541,食品,151.25
29542,飲料,152.5
29543,日用品,153.75
29544,家電,155.0
29545,食品,156.25
29546,飲料,157.5
29547,日用品,158.75
29548,家電,160.0
29549,食品,161.25
29550,飲料,162.5
29551,日用品,163.75
29552,家電,165.0
29553,食品,166.25
29554,飲料,167.5
29555,日用品,168.75
29556,家電,170.0
29557,食品,171.25
29558,飲料,172.5
29559,日用品,173.75
29560,家電,175.0
29561,食品,176.25
29562,飲料,177.5
29563,日用品,178.75
29564,家電,180.0
29565,食品,181.25
29566,飲料,182.5
29567,日用品,183.75
29568,家電,185.0
29569,食品,186.25
29570,飲料,187.5
29571,日用品,188.75
29572,家電,190.0
29573,食品,191.25
29574,飲料,192.5
29575,日用品,193.75
29576,家電,195.0
29577,食品,196.25
29578,飲料,197.5
29579,日用品,198.75
29580,家電,200.0
29581,食品,201.25
29582,飲料,202.5
29583,日用品,203.75
29584,家電,205.0
29585,食品,206.25
29586,飲料,207.5
29587,日用品,208.75
29588,家電,210.0
29589,食品,211.25
29590,飲料,212.5
29591,日用品,213.75
29592,家電,215.0
29593,食品,216.25
29594,飲料,217.5
29595,日用品,218.75
29596,家電,220.0
29597,食品,221.25
29598,飲料,222.5
29599,日用品,223.75
29600,家電,225.0
29601,食品,226.25
29602,飲料,227.5
29603,日用品,228.75
29604,家電,230.0
29605,食品,231.25
29606,飲料,232.5
29607,日用品,233.75
29608,家電,235.0
29609,食品,236.25
29610,飲料,237.5
29611,日用品,238.75
29612,家電,240.0
29613,食品,241.25
29614,飲料,242.5
29615,日用品,243.75
29616,家電,245.0
29617,食品,246.25
29618,飲料,247.5
29619,日用品,248.75
29620,家電,250.0
29621,食品,251.25
29622,飲料,252.5
29623,日用品,253.75
29624,家電,255.0
29625,食品,256.25
29626,飲料,257.5
29627,日用品,258.75
29628,家電,260.0
29629,食品,261.25
29630,飲料,262.5
29631,日用品,263.75
29632,家電,265.0
29633,食品,266.25
29634,飲料,267.5
29635,日用品,268.75
29636,家電,270.0
29637,食品,271.25
29638,飲料,272.5
29639,日用品,273.75
29640,家電,275.0
29641,食品,276.25
29642,飲料,277.5
29643,日用品,278.75
29644,家電,280.0
29645,食品,281.25
29646,飲料,282.5
29647,日用品,283.75
29648,家電,285.0
29649,食品,286.25
29650,飲料,287.5
29651,日用品,288.75
29652,家電,290.0
29653,食品,291.25
29654,飲料,292.5
29655,日用品,293.75
29656,家電,295.0
29657,食品,296.25
29658,飲料,297.5
29659,日用品,298.75
29660,家電,300.0
29661,食品,301.25
29662,飲料,302.5
29663,日用品,303.75
29664,家電,305.0
29665,食品,306.25
29666,飲料,307.5
29667,日用品,308.75
29668,家電,310.0
29669,食品,311.25
29670,飲料,312.5
29671,日用品,313.75
29672,家電,315.0
29673,食品,316.25
29674,飲料,317.5
29675,日用品,318.75
29676,家電,320.0
29677,食品,321.25
29678,飲料,322.5
29679,日用品,323.75
29680,家電,325.0
29681,食品,326.25
29682,飲料,327.5
29683,日用品,328.75
29684,家電,330.0
29685,食品,331.25
29686,飲料,332.5
29687,日用品,333.75
29688,家電,335.0
29689,食品,336.25
29690,飲料,337.5
29691,日用品,338.75
29692,家電,340.0
29693,食品,341.25
29694,飲料,342.5
29695,日用品,343.75
29696,家電,345.0
29697,食品,346.25
29698,飲料,347.5
29699,日用品,348.75
29700,家電,350.0
29701,食品,351.25
29702,飲料,352.5
29703,日用品,353.75
29704,家電,355.0
29705,食品,356.25
29706,飲料,357.5
29707,日用品,358.75
29708,家電,360.0
29709,食品,361.25
29710,飲料,362.5
29711,日用品,363.75
29712,家電,365.0
29713,食品,366.25
29714,飲料,367.5
29715,日用品,368.75
29716,家電,370.0
29717,食品,371.25
29718,飲料,372.5
29719,日用品,373.75
29720,家電,375.0
29721,食品,376.25
29722,飲料,377.5
29723,日用品,378.75
29724,家電,380.0
29725,食品,381.25
29726,飲料,382.5
29727,日用品,383.75
29728,家電,385.0
29729,食品,386.25
29730,飲料,387.5
29731,日用品,388.75
29732,家電,390.0
29733,食品,391.25
29734,飲料,392.5
29735,日用品,393.75
29736,家電,395.0
29737,食品,396.25
29738,飲料,397.5
29739,日用品,398.75
29740,家電,400.0
29741,食品,401.25
29742,飲料,402.5
29743,日用品,403.75
29744,家電,405.0
29745,食品,406.25
29746,飲料,407.5
29747,日用品,408.75
29748,家電,410.0
29749,食品,411.25
29750,飲料,412.5
29751,日用品,413.75
29752,家電,415.0
29753,食品,416.25
29754,飲料,417.5
29755,日用品,418.75
29756,家電,420.0
29757,食品,421.25
29758,飲料,422.5
29759,日用品,423.75
29760,家電,425.0
29761,食品,426.25
29762,飲料,427.5
29763,日用品,428.75
29764,家電,430.0
29765,食品,431.25
29766,飲料,432.5
29767,日用品,433.75
29768,家電,435.0
29769,食品,436.25
29770,飲料,437.5
29771,日用品,438.75
29772,家電,440.0
29773,食品,441.25
29774,飲料,442.5
29775,日用品,443.75
29776,家電,445.0
29777,食品,446.25
29778,飲料,447.5
29779,日用品,448.75
29780,家電,450.0
29781,食品,451.25
29782,飲料,452.5
29783,日用品,453.75
29784,家電,455.0
29785,食品,456.25
29786,飲料,457.5
29787,日用品,458.75
29788,家電,460.0
29789,食品,461.25
29790,飲料,462.5
29791,日用品,463.75
29792,家電,465.0
29793,食品,466.25
29794,飲料,467.5
29795,日用品,468.75
29796,家電,470.0
29797,食品,471.25
29798,飲料,472.5
29799,日用品,473.75
29800,家電,475.0
29801,食品,476.25
29802,飲料,477.5
29803,日用品,478.75
29804,家電,480.0
29805,食品,481.25
29806,飲料,482.5
29807,日用品,483.75
29808,家電,485.0
29809,食品,486.25
29810,飲料,487.5
29811,日用品,488.75
29812,家電,490.0
29813,食品,491.25
29814,飲料,492.5
29815,日用品,493.75
29816,家電,495.0
29817,食品,496.25
29818,飲料,497.5
29819,日用品,498.75
29820,家電,500.0
29821,食品,501.25
29822,飲料,502.5
29823,日用品,503.75
29824,家電,505.0
29825,食品,506.25
29826,飲料,507.5
29827,日用品,508.75
29828,家電,510.0
29829,食品,511.25
29830,飲料,512.5
29831,日用品,513.75
29832,家電,515.0
29833,食品,516.25
29834,飲料,517.5
29835,日用品,518.75
29836,家電,520.0
29837,食品,521.25
29838,飲料,522.5
29839,日用品,523.75
29840,家電,525.0
29841,食品,526.25
29842,飲料,527.5
29843,日用品,528.75
29844,家電,530.0
29845,食品,531.25
29846,飲料,532.5
29847,日用品,533.75
29848,家電,535.0
29849,食品,536.25
29850,飲料,537.5
29851,日用品,538.75
29852,家電,540.0
29853,食品,541.25
29854,飲料,542.5
29855,日用品,543.75
29856,家電,545.0
29857,食品,546.25
29858,飲料,547.5
29859,日用品,548.75
29860,家電,550.0
29861,食品,551.25
29862,飲料,552.5
29863,日用品,553.75
29864,家電,555.0
29865,食品,556.25
29866,飲料,557.5
29867,日用品,558.75
29868,家電,560.0
29869,食品,561.25
29870,飲料,562.5
29871,日用品,563.75
29872,家電,565.0
29873,食品,566.25
29874,飲料,567.5
29875,日用品,568.75
29876,家電,570.0
29877,食品,571.25
29878,飲料,572.5
29879,日用品,573.75
29880,家電,575.0
29881,食品,576.25
29882,飲料,577.5
29883,日用品,578.75
29884,家電,580.0
29885,食品,581.25
29886,飲料,582.5
29887,日用品,583.75
29888,家電,585.0
29889,食品,586.25
29890,飲料,587.5
29891,日用品,588.75
29892,家電,590.0
29893,食品,591.25
29894,飲料,592.5
29895,日用品,593.75
29896,家電,595.0
29897,食品,596.25
29898,飲料,597.5
29899,日用品,598.75
29900,家電,600.0
29901,食品,601.25
29902,飲料,602.5
29903,日用品,603.75
29904,家電,605.0
29905,食品,606.25
29906,飲料,607.5
29907,日用品,608.75
29908,家電,610.0
29909,食品,611.25
29910,飲料,612.5
29911,日用品,613.75
29912,家電,615.0
29913,食品,616.25
29914,飲料,617.5
29915,日用品,618.75
29916,家電,620.0
29917,食品,621.25
29918,飲料,622.5
29919,日用品,623.75
29920,家電,625.0
29921,食品,626.25
29922,飲料,627.5
29923,日用品,628.75
29924,家電,630.0
29925,食品,631.25
29926,飲料,632.5
29927,日用品,633.75
29928,家電,635.0
29929,食品,636.25
29930,飲料,637.5
29931,日用品,638.75
29932,家電,640.0
29933,食品,641.25
29934,飲料,642.5
29935,日用品,643.75
29936,家電,645.0
29937,食品,646.25
29938,飲料,647.5
29939,日用品,648.75
29940,家電,650.0
29941,食品,651.25
29942,飲料,652.5
29943,日用品,653.75
29944,家電,655.0
29945,食品,656.25
29946,飲料,657.5
29947,日用品,658.75
29948,家電,660.0
29949,食品,661.25
29950,飲料,662.5
29951,日用品,663.75
29952,家電,665.0
29953,食品,666.25
29954,飲料,667.5
29955,日用品,668.75
29956,家電,670.0
29957,食品,671.25
29958,飲料,672.5
29959,日用品,673.75
29960,家電,675.0
29961,食品,676.25
29962,飲料,677.5
29963,日用品,678.75
29964,家電,680.0
29965,食品,681.25
29966,飲料,682.5
29967,日用品,683.75
29968,家電,685.0
29969,食品,686.25
29970,飲料,687.5
29971,日用品,688.75
29972,家電,690.0
29973,食品,691.25
29974,飲料,692.5
29975,日用品,693.75
29976,家電,695.0
29977,食品,696.25
29978,飲料,697.5
29979,日用品,698.75
29980,家電,700.0
29981,食品,701.25
29982,飲料,702.5
29983,日用品,703.75
29984,家電,705.0
29985,食品,706.25
29986,飲料,707.5
29987,日用品,708.75
29988,家電,710.0
29989,食品,711.25
29990,飲料,712.5
29991,日用品,713.75
29992,家電,715.0
29993,食品,716.25
29994,飲料,717.5
29995,日用品,718.75
29996,家電,720.0
29997,食品,721.25
29998,飲料,722.5
29999,日用品,723.75
30000,家電,100.0
